,True MI,Ambient dimensions,Intrinsic dimensions,Estimator,Estimate,Transformation
0,0.0,1000,1,InfoNCE,0.0,Half cube
1,0.0,1000,1,MINE,5.503444827609876e-06,Half cube
2,0.0,1000,1,KSG,-0.003067193771672989,Half cube
3,0.0,1000,1,LMI,-0.007418310894624827,Half cube
4,0.5,1000,1,InfoNCE,0.0,Half cube
5,0.5,1000,1,MINE,0.0,Half cube
6,0.5,1000,1,KSG,0.018215422579328434,Half cube
7,0.5,1000,1,LMI,0.4909893542994898,Half cube
8,1.0,1000,1,InfoNCE,0.0,Half cube
9,1.0,1000,1,MINE,0.0,Half cube
10,1.0,1000,1,KSG,0.06777875767589575,Half cube
11,1.0,1000,1,LMI,0.7910553203198202,Half cube
12,1.5,1000,1,InfoNCE,0.0,Half cube
13,1.5,1000,1,MINE,0.0,Half cube
14,1.5,1000,1,KSG,0.002730664497995418,Half cube
15,1.5,1000,1,LMI,1.1338662639607782,Half cube
16,2.0,1000,1,InfoNCE,0.0,Half cube
17,2.0,1000,1,MINE,0.0,Half cube
18,2.0,1000,1,KSG,-0.01403295837568192,Half cube
19,2.0,1000,1,LMI,1.6004494335785044,Half cube
20,0.0,1000,2,InfoNCE,6.672926853476976e-05,Half cube
21,0.0,1000,2,MINE,0.0014419025448337876,Half cube
22,0.0,1000,2,KSG,-0.08114331328370437,Half cube
23,0.0,1000,2,LMI,0.026371779416839703,Half cube
24,0.5,1000,2,InfoNCE,0.0,Half cube
25,0.5,1000,2,MINE,0.0016672428131267827,Half cube
26,0.5,1000,2,KSG,-0.04252563196400624,Half cube
27,0.5,1000,2,LMI,0.37634251551901954,Half cube
28,1.0,1000,2,InfoNCE,0.0,Half cube
29,1.0,1000,2,MINE,5.503444827609876e-06,Half cube
30,1.0,1000,2,KSG,0.05371975504433939,Half cube
31,1.0,1000,2,LMI,0.7078108389686586,Half cube
32,1.5,1000,2,InfoNCE,0.0,Half cube
33,1.5,1000,2,MINE,0.0,Half cube
34,1.5,1000,2,KSG,0.05356727719095576,Half cube
35,1.5,1000,2,LMI,1.0937785848398762,Half cube
36,2.0,1000,2,InfoNCE,0.0,Half cube
37,2.0,1000,2,MINE,0.0,Half cube
38,2.0,1000,2,KSG,-0.06491561373769864,Half cube
39,2.0,1000,2,LMI,1.5337014052363565,Half cube
40,0.0,1000,3,InfoNCE,0.0,Half cube
41,0.0,1000,3,MINE,4.299566271570216e-07,Half cube
42,0.0,1000,3,KSG,0.03244948133599874,Half cube
43,0.0,1000,3,LMI,-0.004388767192760507,Half cube
44,0.5,1000,3,InfoNCE,0.0,Half cube
45,0.5,1000,3,MINE,0.0,Half cube
46,0.5,1000,3,KSG,0.040282440340116965,Half cube
47,0.5,1000,3,LMI,0.32891970847091306,Half cube
48,1.0,1000,3,InfoNCE,0.0,Half cube
49,1.0,1000,3,MINE,0.0,Half cube
50,1.0,1000,3,KSG,-0.030226343155965268,Half cube
51,1.0,1000,3,LMI,0.6957536600929718,Half cube
52,1.5,1000,3,InfoNCE,0.0,Half cube
53,1.5,1000,3,MINE,0.0,Half cube
54,1.5,1000,3,KSG,0.04195748168205425,Half cube
55,1.5,1000,3,LMI,0.8681637953537887,Half cube
56,2.0,1000,3,InfoNCE,5.572237887955e-05,Half cube
57,2.0,1000,3,MINE,2.149783135785108e-07,Half cube
58,2.0,1000,3,KSG,-0.03813694027525726,Half cube
59,2.0,1000,3,LMI,1.298219570355534,Half cube
60,0.0,1000,4,InfoNCE,0.0,Half cube
61,0.0,1000,4,MINE,0.001328393995264334,Half cube
62,0.0,1000,4,KSG,-0.006139984955271153,Half cube
63,0.0,1000,4,LMI,-0.0070452537117761576,Half cube
64,0.5,1000,4,InfoNCE,0.0,Half cube
65,0.5,1000,4,MINE,0.0,Half cube
66,0.5,1000,4,KSG,-0.025921127658413232,Half cube
67,0.5,1000,4,LMI,0.2860324676837038,Half cube
68,1.0,1000,4,InfoNCE,0.0,Half cube
69,1.0,1000,4,MINE,0.0,Half cube
70,1.0,1000,4,KSG,-0.002797247418470186,Half cube
71,1.0,1000,4,LMI,0.5704514925129621,Half cube
72,1.5,1000,4,InfoNCE,0.0,Half cube
73,1.5,1000,4,MINE,0.0008995445064222417,Half cube
74,1.5,1000,4,KSG,0.013866033464561134,Half cube
75,1.5,1000,4,LMI,0.7536928016703413,Half cube
76,2.0,1000,4,InfoNCE,0.0,Half cube
77,2.0,1000,4,MINE,0.0,Half cube
78,2.0,1000,4,KSG,0.05207441925466611,Half cube
79,2.0,1000,4,LMI,1.1014832862405384,Half cube
80,0.0,1000,5,InfoNCE,0.0,Half cube
81,0.0,1000,5,MINE,0.0,Half cube
82,0.0,1000,5,KSG,0.0011637302468120226,Half cube
83,0.0,1000,5,LMI,0.015053689695128748,Half cube
84,0.5,1000,5,InfoNCE,0.0,Half cube
85,0.5,1000,5,MINE,2.5797397629421297e-07,Half cube
86,0.5,1000,5,KSG,0.03127617174855769,Half cube
87,0.5,1000,5,LMI,0.3419463202047121,Half cube
88,1.0,1000,5,InfoNCE,0.0,Half cube
89,1.0,1000,5,MINE,0.0,Half cube
90,1.0,1000,5,KSG,-0.027191735558888038,Half cube
91,1.0,1000,5,LMI,0.47979109439375156,Half cube
92,1.5,1000,5,InfoNCE,0.0,Half cube
93,1.5,1000,5,MINE,8.599132543140432e-08,Half cube
94,1.5,1000,5,KSG,0.03106890726684901,Half cube
95,1.5,1000,5,LMI,0.7546058685638733,Half cube
96,2.0,1000,5,InfoNCE,0.0,Half cube
97,2.0,1000,5,MINE,0.0,Half cube
98,2.0,1000,5,KSG,0.013353848864855303,Half cube
99,2.0,1000,5,LMI,1.0540272781001037,Half cube
100,0.0,1000,6,InfoNCE,0.0,Half cube
101,0.0,1000,6,MINE,0.0,Half cube
102,0.0,1000,6,KSG,0.05264209008654627,Half cube
103,0.0,1000,6,LMI,0.014609097953608867,Half cube
104,0.5,1000,6,InfoNCE,0.0,Half cube
105,0.5,1000,6,MINE,4.299566271570216e-07,Half cube
106,0.5,1000,6,KSG,0.059311371744917074,Half cube
107,0.5,1000,6,LMI,0.21433165503333054,Half cube
108,1.0,1000,6,InfoNCE,0.0,Half cube
109,1.0,1000,6,MINE,0.00433473672367166,Half cube
110,1.0,1000,6,KSG,0.0299722820245594,Half cube
111,1.0,1000,6,LMI,0.4409468028333489,Half cube
112,1.5,1000,6,InfoNCE,0.0,Half cube
113,1.5,1000,6,MINE,8.599132543140432e-08,Half cube
114,1.5,1000,6,KSG,0.012572612221941231,Half cube
115,1.5,1000,6,LMI,0.6619278894550018,Half cube
116,2.0,1000,6,InfoNCE,1.7198265086280865e-05,Half cube
117,2.0,1000,6,MINE,5.503444827609876e-06,Half cube
118,2.0,1000,6,KSG,0.018565219545474826,Half cube
119,2.0,1000,6,LMI,0.862618027632106,Half cube
120,0.0,1000,7,InfoNCE,9.631028448317285e-06,Half cube
121,0.0,1000,7,MINE,5.159479525884259e-07,Half cube
122,0.0,1000,7,KSG,0.039242189382555026,Half cube
123,0.0,1000,7,LMI,-0.0478804728814212,Half cube
124,0.5,1000,7,InfoNCE,0.0,Half cube
125,0.5,1000,7,MINE,0.0,Half cube
126,0.5,1000,7,KSG,-0.003640006954138265,Half cube
127,0.5,1000,7,LMI,0.2427611320263877,Half cube
128,1.0,1000,7,InfoNCE,6.397754612096482e-05,Half cube
129,1.0,1000,7,MINE,5.159479525884259e-07,Half cube
130,1.0,1000,7,KSG,0.027904242695249857,Half cube
131,1.0,1000,7,LMI,0.2821859594487405,Half cube
132,1.5,1000,7,InfoNCE,0.0,Half cube
133,1.5,1000,7,MINE,4.299566271570216e-07,Half cube
134,1.5,1000,7,KSG,-0.028160757322929702,Half cube
135,1.5,1000,7,LMI,0.5370515070078286,Half cube
136,2.0,1000,7,InfoNCE,0.0,Half cube
137,2.0,1000,7,MINE,1.7198265086280863e-07,Half cube
138,2.0,1000,7,KSG,-0.010096602976266529,Half cube
139,2.0,1000,7,LMI,0.733104657119524,Half cube
140,0.0,1000,8,InfoNCE,0.00015822403879378394,Half cube
141,0.0,1000,8,MINE,1.7198265086280863e-07,Half cube
142,0.0,1000,8,KSG,0.05841856557107531,Half cube
143,0.0,1000,8,LMI,-0.033904821554371196,Half cube
144,0.5,1000,8,InfoNCE,0.0011151355081944513,Half cube
145,0.5,1000,8,MINE,0.0,Half cube
146,0.5,1000,8,KSG,-0.006943638933923692,Half cube
147,0.5,1000,8,LMI,0.1612863955807747,Half cube
148,1.0,1000,8,InfoNCE,0.0,Half cube
149,1.0,1000,8,MINE,4.299566271570216e-07,Half cube
150,1.0,1000,8,KSG,-0.022144354919247468,Half cube
151,1.0,1000,8,LMI,0.36865641965582013,Half cube
152,1.5,1000,8,InfoNCE,0.0,Half cube
153,1.5,1000,8,MINE,0.0028884056255781554,Half cube
154,1.5,1000,8,KSG,0.0043752291162860325,Half cube
155,1.5,1000,8,LMI,0.5268417153467349,Half cube
156,2.0,1000,8,InfoNCE,0.0,Half cube
157,2.0,1000,8,MINE,0.0014431064233898273,Half cube
158,2.0,1000,8,KSG,0.03403132932326997,Half cube
159,2.0,1000,8,LMI,0.668468230470148,Half cube
160,0.0,1000,9,InfoNCE,3.439653017256173e-06,Half cube
161,0.0,1000,9,MINE,3.4396530172561726e-07,Half cube
162,0.0,1000,9,KSG,-0.001593695795144206,Half cube
163,0.0,1000,9,LMI,0.002053840802093877,Half cube
164,0.5,1000,9,InfoNCE,0.0,Half cube
165,0.5,1000,9,MINE,2.149783135785108e-07,Half cube
166,0.5,1000,9,KSG,-0.019060925506161924,Half cube
167,0.5,1000,9,LMI,0.1472437922586422,Half cube
168,1.0,1000,9,InfoNCE,0.0,Half cube
169,1.0,1000,9,MINE,1.7198265086280863e-07,Half cube
170,1.0,1000,9,KSG,-0.07077769385399034,Half cube
171,1.0,1000,9,LMI,0.2464378435841119,Half cube
172,1.5,1000,9,InfoNCE,0.0,Half cube
173,1.5,1000,9,MINE,0.0018089995131004527,Half cube
174,1.5,1000,9,KSG,-0.020431656193052945,Half cube
175,1.5,1000,9,LMI,0.40193481738714343,Half cube
176,2.0,1000,9,InfoNCE,0.0,Half cube
177,2.0,1000,9,MINE,5.159479525884259e-07,Half cube
178,2.0,1000,9,KSG,0.013014051467165834,Half cube
179,2.0,1000,9,LMI,0.5782200342801341,Half cube
180,0.0,1000,1,InfoNCE,0.0,None
181,0.0,1000,1,MINE,0.0,None
182,0.0,1000,1,KSG,-0.03720716826922882,None
183,0.0,1000,1,LMI,-0.029769088576698174,None
184,0.5,1000,1,InfoNCE,0.0,None
185,0.5,1000,1,MINE,0.0,None
186,0.5,1000,1,KSG,-0.0193111031949293,None
187,0.5,1000,1,LMI,0.41155058981561377,None
188,1.0,1000,1,InfoNCE,0.0,None
189,1.0,1000,1,MINE,0.0022186621874556627,None
190,1.0,1000,1,KSG,0.026850608931823672,None
191,1.0,1000,1,LMI,0.8107336194793169,None
192,1.5,1000,1,InfoNCE,0.0,None
193,1.5,1000,1,MINE,5.503444827609876e-06,None
194,1.5,1000,1,KSG,0.04431971887929228,None
195,1.5,1000,1,LMI,1.3343191747046357,None
196,2.0,1000,1,InfoNCE,0.0,None
197,2.0,1000,1,MINE,2.751722413804938e-06,None
198,2.0,1000,1,KSG,0.0048756136565497885,None
199,2.0,1000,1,LMI,1.611473926199171,None
200,0.0,1000,2,InfoNCE,4.265169741397654e-05,None
201,0.0,1000,2,MINE,1.1006889655219752e-05,None
202,0.0,1000,2,KSG,-0.03367041033845092,None
203,0.0,1000,2,LMI,0.06005684945926187,None
204,0.5,1000,2,InfoNCE,0.0,None
205,0.5,1000,2,MINE,0.0,None
206,0.5,1000,2,KSG,0.012379591549349128,None
207,0.5,1000,2,LMI,0.41720779629349247,None
208,1.0,1000,2,InfoNCE,0.0,None
209,1.0,1000,2,MINE,0.0,None
210,1.0,1000,2,KSG,0.0422825935427614,None
211,1.0,1000,2,LMI,0.9051657929939647,None
212,1.5,1000,2,InfoNCE,0.0,None
213,1.5,1000,2,MINE,0.0,None
214,1.5,1000,2,KSG,0.020123925705384176,None
215,1.5,1000,2,LMI,1.1999723411710301,None
216,2.0,1000,2,InfoNCE,0.0,None
217,2.0,1000,2,MINE,0.7527252391464486,None
218,2.0,1000,2,KSG,0.008787242337491863,None
219,2.0,1000,2,LMI,1.5900802846450808,None
220,0.0,1000,3,InfoNCE,0.000912195980176337,None
221,0.0,1000,3,MINE,1.2898698814710649e-07,None
222,0.0,1000,3,KSG,0.019953434033191157,None
223,0.0,1000,3,LMI,-0.02500728328347116,None
224,0.5,1000,3,InfoNCE,0.0,None
225,0.5,1000,3,MINE,0.0,None
226,0.5,1000,3,KSG,-0.030635756939818883,None
227,0.5,1000,3,LMI,0.4386368284497005,None
228,1.0,1000,3,InfoNCE,0.0,None
229,1.0,1000,3,MINE,0.0028755499224261604,None
230,1.0,1000,3,KSG,-0.05862542382020259,None
231,1.0,1000,3,LMI,0.762210760259576,None
232,1.5,1000,3,InfoNCE,0.0,None
233,1.5,1000,3,MINE,0.018848524612634945,None
234,1.5,1000,3,KSG,-0.02045812991976669,None
235,1.5,1000,3,LMI,1.0926441323649725,None
236,2.0,1000,3,InfoNCE,0.0,None
237,2.0,1000,3,MINE,0.0,None
238,2.0,1000,3,KSG,0.022490181242276832,None
239,2.0,1000,3,LMI,1.3669769661149362,None
240,0.0,1000,4,InfoNCE,0.0,None
241,0.0,1000,4,MINE,0.0,None
242,0.0,1000,4,KSG,0.028787662447232666,None
243,0.0,1000,4,LMI,-0.03854088753438481,None
244,0.5,1000,4,InfoNCE,0.0,None
245,0.5,1000,4,MINE,1.0318959051768519e-06,None
246,0.5,1000,4,KSG,0.006619444640984718,None
247,0.5,1000,4,LMI,0.3247979596390539,None
248,1.0,1000,4,InfoNCE,0.0,None
249,1.0,1000,4,MINE,0.0,None
250,1.0,1000,4,KSG,0.03126871562623144,None
251,1.0,1000,4,LMI,0.6646066637032418,None
252,1.5,1000,4,InfoNCE,0.0012004389030224043,None
253,1.5,1000,4,MINE,0.0014436223713424157,None
254,1.5,1000,4,KSG,0.02198858377812082,None
255,1.5,1000,4,LMI,1.072388575883808,None
256,2.0,1000,4,InfoNCE,0.0,None
257,2.0,1000,4,MINE,1.375861206902469e-06,None
258,2.0,1000,4,KSG,0.008796303740193117,None
259,2.0,1000,4,LMI,1.3582069863982318,None
260,0.0,1000,5,InfoNCE,0.0,None
261,0.0,1000,5,MINE,1.7198265086280863e-07,None
262,0.0,1000,5,KSG,-0.0073157049295329134,None
263,0.0,1000,5,LMI,0.015871033740816522,None
264,0.5,1000,5,InfoNCE,0.0,None
265,0.5,1000,5,MINE,0.0,None
266,0.5,1000,5,KSG,0.010762835765963853,None
267,0.5,1000,5,LMI,0.24634180932399533,None
268,1.0,1000,5,InfoNCE,0.0,None
269,1.0,1000,5,MINE,0.0,None
270,1.0,1000,5,KSG,0.008182420138213853,None
271,1.0,1000,5,LMI,0.6194670719642466,None
272,1.5,1000,5,InfoNCE,0.007028586975461264,None
273,1.5,1000,5,MINE,1.074891567892554e-07,None
274,1.5,1000,5,KSG,0.003057100708088253,None
275,1.5,1000,5,LMI,0.8511079383444378,None
276,2.0,1000,5,InfoNCE,0.0,None
277,2.0,1000,5,MINE,0.004911996491292678,None
278,2.0,1000,5,KSG,0.008251125793906754,None
279,2.0,1000,5,LMI,1.110372932341918,None
280,0.0,1000,6,InfoNCE,3.439653017256173e-06,None
281,0.0,1000,6,MINE,5.159479525884259e-07,None
282,0.0,1000,6,KSG,0.013538051574703463,None
283,0.0,1000,6,LMI,-0.015584460917250041,None
284,0.5,1000,6,InfoNCE,0.00010318959051768518,None
285,0.5,1000,6,MINE,2.149783135785108e-07,None
286,0.5,1000,6,KSG,0.03684679120734749,None
287,0.5,1000,6,LMI,0.25027445401760157,None
288,1.0,1000,6,InfoNCE,0.0,None
289,1.0,1000,6,MINE,0.0,None
290,1.0,1000,6,KSG,0.02149475238827047,None
291,1.0,1000,6,LMI,0.5397133901375182,None
292,1.5,1000,6,InfoNCE,0.0,None
293,1.5,1000,6,MINE,0.0,None
294,1.5,1000,6,KSG,0.003962866465905133,None
295,1.5,1000,6,LMI,0.8060934450741952,None
296,2.0,1000,6,InfoNCE,0.0,None
297,2.0,1000,6,MINE,0.0,None
298,2.0,1000,6,KSG,-0.03526029843682783,None
299,2.0,1000,6,LMI,0.9498680193048943,None
300,0.0,1000,7,InfoNCE,0.0,None
301,0.0,1000,7,MINE,1.7198265086280863e-07,None
302,0.0,1000,7,KSG,-0.03228478834279562,None
303,0.0,1000,7,LMI,-0.020065157809391606,None
304,0.5,1000,7,InfoNCE,0.0,None
305,0.5,1000,7,MINE,0.0,None
306,0.5,1000,7,KSG,0.014312539848483258,None
307,0.5,1000,7,LMI,0.266530320923872,None
308,1.0,1000,7,InfoNCE,2.270170991389074e-05,None
309,1.0,1000,7,MINE,0.0,None
310,1.0,1000,7,KSG,0.017179719721988795,None
311,1.0,1000,7,LMI,0.43113933001014165,None
312,1.5,1000,7,InfoNCE,0.0,None
313,1.5,1000,7,MINE,4.299566271570216e-07,None
314,1.5,1000,7,KSG,-0.016737613078813468,None
315,1.5,1000,7,LMI,0.7047508854400982,None
316,2.0,1000,7,InfoNCE,0.0001774860956904185,None
317,2.0,1000,7,MINE,0.0,None
318,2.0,1000,7,KSG,0.007272900995842729,None
319,2.0,1000,7,LMI,0.9092051690237725,None
320,0.0,1000,8,InfoNCE,0.0,None
321,0.0,1000,8,MINE,0.0,None
322,0.0,1000,8,KSG,-0.004904770250035937,None
323,0.0,1000,8,LMI,-0.0061455710643078375,None
324,0.5,1000,8,InfoNCE,0.0,None
325,0.5,1000,8,MINE,0.0,None
326,0.5,1000,8,KSG,0.016030079594404507,None
327,0.5,1000,8,LMI,0.24623860951345236,None
328,1.0,1000,8,InfoNCE,0.00035290839957048334,None
329,1.0,1000,8,MINE,1.2898698814710649e-07,None
330,1.0,1000,8,KSG,0.06526225182267269,None
331,1.0,1000,8,LMI,0.4121985855481843,None
332,1.5,1000,8,InfoNCE,0.0,None
333,1.5,1000,8,MINE,0.0014411716185676207,None
334,1.5,1000,8,KSG,-0.00740707836930288,None
335,1.5,1000,8,LMI,0.6253028147745934,None
336,2.0,1000,8,InfoNCE,0.0,None
337,2.0,1000,8,MINE,4.299566271570216e-07,None
338,2.0,1000,8,KSG,0.0029851471868126873,None
339,2.0,1000,8,LMI,0.8361803379961482,None
340,0.0,1000,9,InfoNCE,6.535340732786729e-05,None
341,0.0,1000,9,MINE,1.7198265086280863e-07,None
342,0.0,1000,9,KSG,-0.03581675310807594,None
343,0.0,1000,9,LMI,0.0030940771784502214,None
344,0.5,1000,9,InfoNCE,3.5084460776012965e-05,None
345,0.5,1000,9,MINE,0.0,None
346,0.5,1000,9,KSG,-0.02842085533948542,None
347,0.5,1000,9,LMI,0.08468110895744377,None
348,1.0,1000,9,InfoNCE,0.0,None
349,1.0,1000,9,MINE,5.159479525884259e-07,None
350,1.0,1000,9,KSG,-0.032780891546975784,None
351,1.0,1000,9,LMI,0.39141081994282384,None
352,1.5,1000,9,InfoNCE,0.0,None
353,1.5,1000,9,MINE,0.001443708362667847,None
354,1.5,1000,9,KSG,0.023180944336668084,None
355,1.5,1000,9,LMI,0.5143936146398894,None
356,2.0,1000,9,InfoNCE,0.0,None
357,2.0,1000,9,MINE,0.0,None
358,2.0,1000,9,KSG,-0.0010485126331959361,None
359,2.0,1000,9,LMI,0.5724467574768839,None
360,0.0,1000,1,InfoNCE,0.0,Asinh
361,0.0,1000,1,MINE,4.729522898727238e-07,Asinh
362,0.0,1000,1,KSG,-0.07454743668662939,Asinh
363,0.0,1000,1,LMI,-0.03194279952453515,Asinh
364,0.5,1000,1,InfoNCE,0.0,Asinh
365,0.5,1000,1,MINE,5.503444827609876e-06,Asinh
366,0.5,1000,1,KSG,-0.0018384836806370278,Asinh
367,0.5,1000,1,LMI,0.4687750220862369,Asinh
368,1.0,1000,1,InfoNCE,0.0,Asinh
369,1.0,1000,1,MINE,0.0,Asinh
370,1.0,1000,1,KSG,0.007433531961268567,Asinh
371,1.0,1000,1,LMI,0.8431755428919924,Asinh
372,1.5,1000,1,InfoNCE,0.0,Asinh
373,1.5,1000,1,MINE,0.0,Asinh
374,1.5,1000,1,KSG,0.015902037338138084,Asinh
375,1.5,1000,1,LMI,1.301610849641428,Asinh
376,2.0,1000,1,InfoNCE,0.0,Asinh
377,2.0,1000,1,MINE,0.0,Asinh
378,2.0,1000,1,KSG,0.044097964166744615,Asinh
379,2.0,1000,1,LMI,1.6839437367900054,Asinh
380,0.0,1000,2,InfoNCE,0.0,Asinh
381,0.0,1000,2,MINE,0.0,Asinh
382,0.0,1000,2,KSG,0.03072603938419298,Asinh
383,0.0,1000,2,LMI,-0.018207138629324895,Asinh
384,0.5,1000,2,InfoNCE,0.0,Asinh
385,0.5,1000,2,MINE,0.0,Asinh
386,0.5,1000,2,KSG,-0.0014474170776830237,Asinh
387,0.5,1000,2,LMI,0.4116013047163558,Asinh
388,1.0,1000,2,InfoNCE,0.0,Asinh
389,1.0,1000,2,MINE,0.0,Asinh
390,1.0,1000,2,KSG,0.018161095621037137,Asinh
391,1.0,1000,2,LMI,0.7220647207172883,Asinh
392,1.5,1000,2,InfoNCE,0.0,Asinh
393,1.5,1000,2,MINE,0.0,Asinh
394,1.5,1000,2,KSG,0.0655669275168762,Asinh
395,1.5,1000,2,LMI,1.2090637058193254,Asinh
396,2.0,1000,2,InfoNCE,0.0,Asinh
397,2.0,1000,2,MINE,0.0,Asinh
398,2.0,1000,2,KSG,0.026352081265618336,Asinh
399,2.0,1000,2,LMI,1.5295619310653865,Asinh
400,0.0,1000,3,InfoNCE,2.0637918103537038e-06,Asinh
401,0.0,1000,3,MINE,0.0,Asinh
402,0.0,1000,3,KSG,-0.014938969637020915,Asinh
403,0.0,1000,3,LMI,0.0898788968335619,Asinh
404,0.5,1000,3,InfoNCE,0.0,Asinh
405,0.5,1000,3,MINE,5.159479525884259e-07,Asinh
406,0.5,1000,3,KSG,0.005174575988291798,Asinh
407,0.5,1000,3,LMI,0.4059871628350776,Asinh
408,1.0,1000,3,InfoNCE,0.0,Asinh
409,1.0,1000,3,MINE,0.0,Asinh
410,1.0,1000,3,KSG,0.04862073733366212,Asinh
411,1.0,1000,3,LMI,0.8358794528764563,Asinh
412,1.5,1000,3,InfoNCE,0.0,Asinh
413,1.5,1000,3,MINE,5.159479525884259e-07,Asinh
414,1.5,1000,3,KSG,-0.02727430065640526,Asinh
415,1.5,1000,3,LMI,1.0610716291526852,Asinh
416,2.0,1000,3,InfoNCE,0.009315268301333167,Asinh
417,2.0,1000,3,MINE,0.0,Asinh
418,2.0,1000,3,KSG,0.050032987985607465,Asinh
419,2.0,1000,3,LMI,1.3800440867761454,Asinh
420,0.0,1000,4,InfoNCE,0.0,Asinh
421,0.0,1000,4,MINE,0.0,Asinh
422,0.0,1000,4,KSG,-0.0026081504713200694,Asinh
423,0.0,1000,4,LMI,0.02234164196413266,Asinh
424,0.5,1000,4,InfoNCE,0.0,Asinh
425,0.5,1000,4,MINE,4.299566271570216e-07,Asinh
426,0.5,1000,4,KSG,0.013760557040120545,Asinh
427,0.5,1000,4,LMI,0.31246527801184193,Asinh
428,1.0,1000,4,InfoNCE,1.8574126293183335e-05,Asinh
429,1.0,1000,4,MINE,2.0637918103537038e-06,Asinh
430,1.0,1000,4,KSG,-0.029644793938135024,Asinh
431,1.0,1000,4,LMI,0.7027888235376957,Asinh
432,1.5,1000,4,InfoNCE,0.0,Asinh
433,1.5,1000,4,MINE,0.0,Asinh
434,1.5,1000,4,KSG,-0.014709532468381858,Asinh
435,1.5,1000,4,LMI,1.088531190848808,Asinh
436,2.0,1000,4,InfoNCE,6.94809909485747e-05,Asinh
437,2.0,1000,4,MINE,0.0,Asinh
438,2.0,1000,4,KSG,0.011064929695410397,Asinh
439,2.0,1000,4,LMI,1.3669685363724697,Asinh
440,0.0,1000,5,InfoNCE,1.375861206902469e-06,Asinh
441,0.0,1000,5,MINE,1.7198265086280863e-07,Asinh
442,0.0,1000,5,KSG,0.02567116581856113,Asinh
443,0.0,1000,5,LMI,-0.01532235387268831,Asinh
444,0.5,1000,5,InfoNCE,0.00010869303534529506,Asinh
445,0.5,1000,5,MINE,1.7198265086280863e-07,Asinh
446,0.5,1000,5,KSG,0.054679318422225676,Asinh
447,0.5,1000,5,LMI,0.31448310148972985,Asinh
448,1.0,1000,5,InfoNCE,4.815514224158642e-06,Asinh
449,1.0,1000,5,MINE,2.5797397629421297e-07,Asinh
450,1.0,1000,5,KSG,0.04711241185420048,Asinh
451,1.0,1000,5,LMI,0.7219472364743779,Asinh
452,1.5,1000,5,InfoNCE,0.014405954766872302,Asinh
453,1.5,1000,5,MINE,0.004334822714997091,Asinh
454,1.5,1000,5,KSG,-0.00991197301004826,Asinh
455,1.5,1000,5,LMI,0.9602082047428976,Asinh
456,2.0,1000,5,InfoNCE,0.0,Asinh
457,2.0,1000,5,MINE,0.0,Asinh
458,2.0,1000,5,KSG,-0.039348714260200965,Asinh
459,2.0,1000,5,LMI,1.1575627423989725,Asinh
460,0.0,1000,6,InfoNCE,0.0007388374681066259,Asinh
461,0.0,1000,6,MINE,2.5797397629421297e-07,Asinh
462,0.0,1000,6,KSG,0.06741126422925425,Asinh
463,0.0,1000,6,LMI,-0.040781828527453094,Asinh
464,0.5,1000,6,InfoNCE,0.0,Asinh
465,0.5,1000,6,MINE,0.0014434933843542686,Asinh
466,0.5,1000,6,KSG,0.0063098631437574345,Asinh
467,0.5,1000,6,LMI,0.25852803642463607,Asinh
468,1.0,1000,6,InfoNCE,0.0,Asinh
469,1.0,1000,6,MINE,0.0,Asinh
470,1.0,1000,6,KSG,-0.04875198352835433,Asinh
471,1.0,1000,6,LMI,0.5323369155559328,Asinh
472,1.5,1000,6,InfoNCE,0.0,Asinh
473,1.5,1000,6,MINE,0.0014433643973661215,Asinh
474,1.5,1000,6,KSG,0.04845638668569105,Asinh
475,1.5,1000,6,LMI,0.7657715746972541,Asinh
476,2.0,1000,6,InfoNCE,1.78861956897321e-05,Asinh
477,2.0,1000,6,MINE,0.004334822714997091,Asinh
478,2.0,1000,6,KSG,0.015039073094998193,Asinh
479,2.0,1000,6,LMI,1.0712741798418686,Asinh
480,0.0,1000,7,InfoNCE,0.0,Asinh
481,0.0,1000,7,MINE,0.0006047769917590666,Asinh
482,0.0,1000,7,KSG,-0.003484822690621301,Asinh
483,0.0,1000,7,LMI,0.027972549629122115,Asinh
484,0.5,1000,7,InfoNCE,0.0,Asinh
485,0.5,1000,7,MINE,0.001443020432064396,Asinh
486,0.5,1000,7,KSG,0.007716530383101059,Asinh
487,0.5,1000,7,LMI,0.22142749591861788,Asinh
488,1.0,1000,7,InfoNCE,4.1275836207074076e-06,Asinh
489,1.0,1000,7,MINE,8.599132543140432e-08,Asinh
490,1.0,1000,7,KSG,-0.042273549548338944,Asinh
491,1.0,1000,7,LMI,0.4862743469852743,Asinh
492,1.5,1000,7,InfoNCE,0.0,Asinh
493,1.5,1000,7,MINE,3.732023523722948e-05,Asinh
494,1.5,1000,7,KSG,-0.0008902623323624042,Asinh
495,1.5,1000,7,LMI,0.7207622697993663,Asinh
496,2.0,1000,7,InfoNCE,0.0,Asinh
497,2.0,1000,7,MINE,0.0014429344407389645,Asinh
498,2.0,1000,7,KSG,-0.008180779952856763,Asinh
499,2.0,1000,7,LMI,0.8259916683282935,Asinh
500,0.0,1000,8,InfoNCE,0.0,Asinh
501,0.0,1000,8,MINE,4.299566271570216e-07,Asinh
502,0.0,1000,8,KSG,-0.014133407054211915,Asinh
503,0.0,1000,8,LMI,-0.029854104530610947,Asinh
504,0.5,1000,8,InfoNCE,0.0007230150642272476,Asinh
505,0.5,1000,8,MINE,0.000166737180011493,Asinh
506,0.5,1000,8,KSG,0.001661899160329554,Asinh
507,0.5,1000,8,LMI,0.14779322562377342,Asinh
508,1.0,1000,8,InfoNCE,1.4446542672475926e-05,Asinh
509,1.0,1000,8,MINE,0.0,Asinh
510,1.0,1000,8,KSG,0.03333659770127565,Asinh
511,1.0,1000,8,LMI,0.43467230624199893,Asinh
512,1.5,1000,8,InfoNCE,9.424649267281913e-05,Asinh
513,1.5,1000,8,MINE,0.0,Asinh
514,1.5,1000,8,KSG,0.019948178108889093,Asinh
515,1.5,1000,8,LMI,0.621630219339376,Asinh
516,2.0,1000,8,InfoNCE,0.00016028783060413764,Asinh
517,2.0,1000,8,MINE,0.0007473506093243349,Asinh
518,2.0,1000,8,KSG,-0.01622855293686972,Asinh
519,2.0,1000,8,LMI,0.8985086216548499,Asinh
520,0.0,1000,9,InfoNCE,0.00045884971250197343,Asinh
521,0.0,1000,9,MINE,1.7198265086280863e-07,Asinh
522,0.0,1000,9,KSG,-0.025553534180638444,Asinh
523,0.0,1000,9,LMI,0.047584236390186545,Asinh
524,0.5,1000,9,InfoNCE,0.0,Asinh
525,0.5,1000,9,MINE,0.0,Asinh
526,0.5,1000,9,KSG,0.016831411883065906,Asinh
527,0.5,1000,9,LMI,0.18251421932458653,Asinh
528,1.0,1000,9,InfoNCE,6.879306034512345e-07,Asinh
529,1.0,1000,9,MINE,0.0028865138164186647,Asinh
530,1.0,1000,9,KSG,0.007790670157598649,Asinh
531,1.0,1000,9,LMI,0.25619832472982407,Asinh
532,1.5,1000,9,InfoNCE,0.0,Asinh
533,1.5,1000,9,MINE,0.0014434503886915529,Asinh
534,1.5,1000,9,KSG,-0.02384899395688466,Asinh
535,1.5,1000,9,LMI,0.490484893735578,Asinh
536,2.0,1000,9,InfoNCE,0.0,Asinh
537,2.0,1000,9,MINE,5.159479525884259e-07,Asinh
538,2.0,1000,9,KSG,-0.024409317375672687,Asinh
539,2.0,1000,9,LMI,0.6344560922526512,Asinh
540,0.0,1000,1,InfoNCE,0.0,Uniform margins
541,0.0,1000,1,MINE,0.0,Uniform margins
542,0.0,1000,1,KSG,-0.058744830383874944,Uniform margins
543,0.0,1000,1,LMI,-0.020992312636671326,Uniform margins
544,0.5,1000,1,InfoNCE,0.0,Uniform margins
545,0.5,1000,1,MINE,8.599132543140432e-08,Uniform margins
546,0.5,1000,1,KSG,-0.024935686354400265,Uniform margins
547,0.5,1000,1,LMI,0.35446068383080787,Uniform margins
548,1.0,1000,1,InfoNCE,0.0,Uniform margins
549,1.0,1000,1,MINE,0.0014430634277271116,Uniform margins
550,1.0,1000,1,KSG,-0.01061306607783561,Uniform margins
551,1.0,1000,1,LMI,0.668552967346543,Uniform margins
552,1.5,1000,1,InfoNCE,0.0,Uniform margins
553,1.5,1000,1,MINE,0.0,Uniform margins
554,1.5,1000,1,KSG,-0.0008874744367173815,Uniform margins
555,1.5,1000,1,LMI,1.0143217671072196,Uniform margins
556,2.0,1000,1,InfoNCE,0.0,Uniform margins
557,2.0,1000,1,MINE,0.0,Uniform margins
558,2.0,1000,1,KSG,-0.02318083946023136,Uniform margins
559,2.0,1000,1,LMI,1.2949309814855123,Uniform margins
560,0.0,1000,2,InfoNCE,0.0,Uniform margins
561,0.0,1000,2,MINE,0.0,Uniform margins
562,0.0,1000,2,KSG,0.022957834532468264,Uniform margins
563,0.0,1000,2,LMI,0.029479290982213982,Uniform margins
564,0.5,1000,2,InfoNCE,0.0002428395030182858,Uniform margins
565,0.5,1000,2,MINE,0.0,Uniform margins
566,0.5,1000,2,KSG,-0.0060912587440430845,Uniform margins
567,0.5,1000,2,LMI,0.4357057993917859,Uniform margins
568,1.0,1000,2,InfoNCE,0.0,Uniform margins
569,1.0,1000,2,MINE,3.0096963900991514e-07,Uniform margins
570,1.0,1000,2,KSG,-0.03189197110391904,Uniform margins
571,1.0,1000,2,LMI,0.6206006031541306,Uniform margins
572,1.5,1000,2,InfoNCE,0.0,Uniform margins
573,1.5,1000,2,MINE,0.0,Uniform margins
574,1.5,1000,2,KSG,0.00978085580748348,Uniform margins
575,1.5,1000,2,LMI,0.9668432404825208,Uniform margins
576,2.0,1000,2,InfoNCE,0.0,Uniform margins
577,2.0,1000,2,MINE,0.0,Uniform margins
578,2.0,1000,2,KSG,0.0015781568246244788,Uniform margins
579,2.0,1000,2,LMI,1.299947176957674,Uniform margins
580,0.0,1000,3,InfoNCE,1.8574126293183335e-05,Uniform margins
581,0.0,1000,3,MINE,4.729522898727238e-07,Uniform margins
582,0.0,1000,3,KSG,0.01706336963020682,Uniform margins
583,0.0,1000,3,LMI,0.012694127540071537,Uniform margins
584,0.5,1000,3,InfoNCE,0.0,Uniform margins
585,0.5,1000,3,MINE,0.0,Uniform margins
586,0.5,1000,3,KSG,0.04119703179879394,Uniform margins
587,0.5,1000,3,LMI,0.27289287314697425,Uniform margins
588,1.0,1000,3,InfoNCE,6.053789310370864e-05,Uniform margins
589,1.0,1000,3,MINE,6.879306034512345e-07,Uniform margins
590,1.0,1000,3,KSG,0.013043727339004402,Uniform margins
591,1.0,1000,3,LMI,0.5975249649490015,Uniform margins
592,1.5,1000,3,InfoNCE,0.0,Uniform margins
593,1.5,1000,3,MINE,0.017395099230193348,Uniform margins
594,1.5,1000,3,KSG,0.014195856128257724,Uniform margins
595,1.5,1000,3,LMI,1.0602117421962598,Uniform margins
596,2.0,1000,3,InfoNCE,0.0,Uniform margins
597,2.0,1000,3,MINE,0.0,Uniform margins
598,2.0,1000,3,KSG,-0.05002126835266257,Uniform margins
599,2.0,1000,3,LMI,1.2419241572798092,Uniform margins
600,0.0,1000,4,InfoNCE,0.0,Uniform margins
601,0.0,1000,4,MINE,7.240469601324244e-05,Uniform margins
602,0.0,1000,4,KSG,-0.026575520228109994,Uniform margins
603,0.0,1000,4,LMI,0.05950098624327344,Uniform margins
604,0.5,1000,4,InfoNCE,0.0,Uniform margins
605,0.5,1000,4,MINE,0.0,Uniform margins
606,0.5,1000,4,KSG,-0.05167286105429826,Uniform margins
607,0.5,1000,4,LMI,0.34891361313925656,Uniform margins
608,1.0,1000,4,InfoNCE,0.0,Uniform margins
609,1.0,1000,4,MINE,1.7198265086280863e-07,Uniform margins
610,1.0,1000,4,KSG,0.04732254687210377,Uniform margins
611,1.0,1000,4,LMI,0.559571361041939,Uniform margins
612,1.5,1000,4,InfoNCE,0.004026457822000076,Uniform margins
613,1.5,1000,4,MINE,0.0007804572696154256,Uniform margins
614,1.5,1000,4,KSG,-0.025430879669325394,Uniform margins
615,1.5,1000,4,LMI,0.951059825008014,Uniform margins
616,2.0,1000,4,InfoNCE,0.0,Uniform margins
617,2.0,1000,4,MINE,6.879306034512345e-07,Uniform margins
618,2.0,1000,4,KSG,-0.02898411087902823,Uniform margins
619,2.0,1000,4,LMI,1.1355905910828143,Uniform margins
620,0.0,1000,5,InfoNCE,0.0,Uniform margins
621,0.0,1000,5,MINE,2.5797397629421297e-07,Uniform margins
622,0.0,1000,5,KSG,0.02448021176550975,Uniform margins
623,0.0,1000,5,LMI,0.011437827449773024,Uniform margins
624,0.5,1000,5,InfoNCE,0.0,Uniform margins
625,0.5,1000,5,MINE,3.4396530172561726e-07,Uniform margins
626,0.5,1000,5,KSG,-0.005958161307435781,Uniform margins
627,0.5,1000,5,LMI,0.22859358609164074,Uniform margins
628,1.0,1000,5,InfoNCE,0.0,Uniform margins
629,1.0,1000,5,MINE,5.159479525884259e-07,Uniform margins
630,1.0,1000,5,KSG,0.0515506412815189,Uniform margins
631,1.0,1000,5,LMI,0.5640566623649339,Uniform margins
632,1.5,1000,5,InfoNCE,0.0,Uniform margins
633,1.5,1000,5,MINE,2.751722413804938e-06,Uniform margins
634,1.5,1000,5,KSG,-0.018751720960896067,Uniform margins
635,1.5,1000,5,LMI,0.8403535365913475,Uniform margins
636,2.0,1000,5,InfoNCE,0.0009830528323318142,Uniform margins
637,2.0,1000,5,MINE,0.00111934908314059,Uniform margins
638,2.0,1000,5,KSG,-0.016443169364258874,Uniform margins
639,2.0,1000,5,LMI,1.0920720212593793,Uniform margins
640,0.0,1000,6,InfoNCE,0.0,Uniform margins
641,0.0,1000,6,MINE,0.0,Uniform margins
642,0.0,1000,6,KSG,-0.014766736485250533,Uniform margins
643,0.0,1000,6,LMI,-0.0014889487779750077,Uniform margins
644,0.5,1000,6,InfoNCE,0.0,Uniform margins
645,0.5,1000,6,MINE,6.879306034512345e-07,Uniform margins
646,0.5,1000,6,KSG,0.020455136666303036,Uniform margins
647,0.5,1000,6,LMI,0.30946904867717023,Uniform margins
648,1.0,1000,6,InfoNCE,0.0,Uniform margins
649,1.0,1000,6,MINE,1.7198265086280863e-07,Uniform margins
650,1.0,1000,6,KSG,0.03598463723691609,Uniform margins
651,1.0,1000,6,LMI,0.5355000301926791,Uniform margins
652,1.5,1000,6,InfoNCE,0.0,Uniform margins
653,1.5,1000,6,MINE,0.0,Uniform margins
654,1.5,1000,6,KSG,-0.028061960658084004,Uniform margins
655,1.5,1000,6,LMI,0.6881745558308789,Uniform margins
656,2.0,1000,6,InfoNCE,0.0,Uniform margins
657,2.0,1000,6,MINE,0.0028884486212408713,Uniform margins
658,2.0,1000,6,KSG,0.019408592498334952,Uniform margins
659,2.0,1000,6,LMI,0.9749078091770079,Uniform margins
660,0.0,1000,7,InfoNCE,0.0,Uniform margins
661,0.0,1000,7,MINE,0.0,Uniform margins
662,0.0,1000,7,KSG,0.02117211812724664,Uniform margins
663,0.0,1000,7,LMI,0.014562351242766341,Uniform margins
664,0.5,1000,7,InfoNCE,0.0005599755112093049,Uniform margins
665,0.5,1000,7,MINE,0.0,Uniform margins
666,0.5,1000,7,KSG,0.015880414861346576,Uniform margins
667,0.5,1000,7,LMI,0.27160315379286354,Uniform margins
668,1.0,1000,7,InfoNCE,0.0072273989198586705,Uniform margins
669,1.0,1000,7,MINE,4.299566271570216e-07,Uniform margins
670,1.0,1000,7,KSG,0.04781487701602056,Uniform margins
671,1.0,1000,7,LMI,0.48409753044865633,Uniform margins
672,1.5,1000,7,InfoNCE,0.004564419553898942,Uniform margins
673,1.5,1000,7,MINE,5.159479525884259e-07,Uniform margins
674,1.5,1000,7,KSG,0.013756610743767515,Uniform margins
675,1.5,1000,7,LMI,0.6594837536128791,Uniform margins
676,2.0,1000,7,InfoNCE,0.0,Uniform margins
677,2.0,1000,7,MINE,0.0,Uniform margins
678,2.0,1000,7,KSG,-0.006528011935763915,Uniform margins
679,2.0,1000,7,LMI,0.8500182586492637,Uniform margins
680,0.0,1000,8,InfoNCE,0.0,Uniform margins
681,0.0,1000,8,MINE,0.0,Uniform margins
682,0.0,1000,8,KSG,0.0010160488639840786,Uniform margins
683,0.0,1000,8,LMI,0.02209437219365595,Uniform margins
684,0.5,1000,8,InfoNCE,0.0,Uniform margins
685,0.5,1000,8,MINE,4.299566271570216e-07,Uniform margins
686,0.5,1000,8,KSG,0.015792281407292847,Uniform margins
687,0.5,1000,8,LMI,0.14715752699987478,Uniform margins
688,1.0,1000,8,InfoNCE,6.879306034512345e-07,Uniform margins
689,1.0,1000,8,MINE,0.0004319344276419439,Uniform margins
690,1.0,1000,8,KSG,0.06417579830712722,Uniform margins
691,1.0,1000,8,LMI,0.3849025213779493,Uniform margins
692,1.5,1000,8,InfoNCE,0.0019495953301807986,Uniform margins
693,1.5,1000,8,MINE,0.0,Uniform margins
694,1.5,1000,8,KSG,0.028676091596850178,Uniform margins
695,1.5,1000,8,LMI,0.5618578820126452,Uniform margins
696,2.0,1000,8,InfoNCE,1.7198265086280865e-05,Uniform margins
697,2.0,1000,8,MINE,4.299566271570216e-07,Uniform margins
698,2.0,1000,8,KSG,0.027571225904108387,Uniform margins
699,2.0,1000,8,LMI,0.7729608450363155,Uniform margins
700,0.0,1000,9,InfoNCE,0.0,Uniform margins
701,0.0,1000,9,MINE,0.0,Uniform margins
702,0.0,1000,9,KSG,-0.006924537532251417,Uniform margins
703,0.0,1000,9,LMI,-0.04143950679794007,Uniform margins
704,0.5,1000,9,InfoNCE,8.255167241414815e-06,Uniform margins
705,0.5,1000,9,MINE,0.001409053858518991,Uniform margins
706,0.5,1000,9,KSG,-0.023963357706554247,Uniform margins
707,0.5,1000,9,LMI,0.1604807070264884,Uniform margins
708,1.0,1000,9,InfoNCE,0.0004987496875021451,Uniform margins
709,1.0,1000,9,MINE,0.0,Uniform margins
710,1.0,1000,9,KSG,-0.01771166493841198,Uniform margins
711,1.0,1000,9,LMI,0.22179846565940034,Uniform margins
712,1.5,1000,9,InfoNCE,0.0,Uniform margins
713,1.5,1000,9,MINE,5.159479525884259e-07,Uniform margins
714,1.5,1000,9,KSG,0.02359267281911861,Uniform margins
715,1.5,1000,9,LMI,0.48105929318036766,Uniform margins
716,2.0,1000,9,InfoNCE,1.375861206902469e-06,Uniform margins
717,2.0,1000,9,MINE,8.599132543140432e-08,Uniform margins
718,2.0,1000,9,KSG,-0.015032201466454752,Uniform margins
719,2.0,1000,9,LMI,0.5194025418246296,Uniform margins
