,Estimator,Sample number,True MI,Estimate,Ambient dimensions,Intrinsic dimensions
0,InfoNCE,1000,1,0.8157199044177325,1,1
1,LMI,1000,1,0.9686289916503262,1,1
2,MINE,1000,1,0.927086840027317,1,1
3,KSG,1000,1,0.9520869838135209,1,1
4,InfoNCE,1000,1,-0.13073295601866572,13,1
5,LMI,1000,1,0.8798901207366427,13,1
6,MINE,1000,1,0.881428369928306,13,1
7,KSG,1000,1,0.3400493604060366,13,1
8,InfoNCE,1000,1,-3.0290726434759585,25,1
9,LMI,1000,1,0.876394252285601,25,1
10,MINE,1000,1,-0.2218092924881307,25,1
11,KSG,1000,1,0.20700548121649548,25,1
12,InfoNCE,1000,1,-3.6180581882328022,37,1
13,LMI,1000,1,0.8369730525354366,37,1
14,MINE,1000,1,-1.7354611074527226,37,1
15,KSG,1000,1,0.11011115241626533,37,1
16,InfoNCE,1000,1,-8.714389812303859,50,1
17,LMI,1000,1,0.8367506958311087,50,1
18,MINE,1000,1,-1.0582979938067067,50,1
19,KSG,1000,1,0.06434940405274989,50,1
20,InfoNCE,2000,1,0.9988601017379166,1,1
21,LMI,2000,1,1.0712472539709992,1,1
22,MINE,2000,1,1.0325717969947428,1,1
23,KSG,2000,1,1.0445957177458742,1,1
24,InfoNCE,2000,1,0.4285291711548603,13,1
25,LMI,2000,1,0.9303736673048215,13,1
26,MINE,2000,1,0.6579325295744891,13,1
27,KSG,2000,1,0.4470314795242342,13,1
28,InfoNCE,2000,1,-0.2248783228927775,25,1
29,LMI,2000,1,0.9431640220859479,25,1
30,MINE,2000,1,0.7618267330127593,25,1
31,KSG,2000,1,0.17673473720735602,25,1
32,InfoNCE,2000,1,0.03419152685273326,37,1
33,LMI,2000,1,0.8584860803806901,37,1
34,MINE,2000,1,0.5322689341726556,37,1
35,KSG,2000,1,0.11515359812988747,37,1
36,InfoNCE,2000,1,-0.8424962272958648,50,1
37,LMI,2000,1,0.9564857394425917,50,1
38,MINE,2000,1,0.4442017781453372,50,1
39,KSG,2000,1,0.1105176156433884,50,1
40,InfoNCE,3000,1,0.9385870619165367,1,1
41,LMI,3000,1,1.0274462261387964,1,1
42,MINE,3000,1,0.9428336575316412,1,1
43,KSG,3000,1,1.0012711731068569,1,1
44,InfoNCE,3000,1,0.7062969747021757,13,1
45,LMI,3000,1,0.9651600575899095,13,1
46,MINE,3000,1,0.7995385727460034,13,1
47,KSG,3000,1,0.45109099455267215,13,1
48,InfoNCE,3000,1,0.6355295535251472,25,1
49,LMI,3000,1,0.9011723432177444,25,1
50,MINE,3000,1,0.7962804474167329,25,1
51,KSG,3000,1,0.19754420133279926,25,1
52,InfoNCE,3000,1,0.4935743855723814,37,1
53,LMI,3000,1,0.9176596774169459,37,1
54,MINE,3000,1,0.8730247816591966,37,1
55,KSG,3000,1,0.10935762959459885,37,1
56,InfoNCE,3000,1,0.42635187079493714,50,1
57,LMI,3000,1,0.8641418979268877,50,1
58,MINE,3000,1,0.8729512590759527,50,1
59,KSG,3000,1,0.09247800527930747,50,1
60,InfoNCE,4000,1,0.9850670931387194,1,1
61,LMI,4000,1,1.0254370124909533,1,1
62,MINE,4000,1,0.9668269571535116,1,1
63,KSG,4000,1,1.0384248108096894,1,1
64,InfoNCE,4000,1,0.8550736625187637,13,1
65,LMI,4000,1,0.9297083664563555,13,1
66,MINE,4000,1,0.8885482796913754,13,1
67,KSG,4000,1,0.4187103531330815,13,1
68,InfoNCE,4000,1,0.6844510504589782,25,1
69,LMI,4000,1,0.9004312412174971,25,1
70,MINE,4000,1,0.7584901835946953,25,1
71,KSG,4000,1,0.19637074571798596,25,1
72,InfoNCE,4000,1,0.4731063863278968,37,1
73,LMI,4000,1,0.9187860787965629,37,1
74,MINE,4000,1,0.825196320462924,37,1
75,KSG,4000,1,0.17632633029729328,37,1
76,InfoNCE,4000,1,0.5207221909763775,50,1
77,LMI,4000,1,0.9186113439447932,50,1
78,MINE,4000,1,0.7577650187473324,50,1
79,KSG,4000,1,0.10728966272264376,50,1
80,InfoNCE,5000,1,0.9889016183223566,1,1
81,LMI,5000,1,1.0402246144211424,1,1
82,MINE,5000,1,0.9601397557400131,1,1
83,KSG,5000,1,1.0148209033167266,1,1
84,InfoNCE,5000,1,0.9233762283436265,13,1
85,LMI,5000,1,0.9790133488914579,13,1
86,MINE,5000,1,0.8909486415494676,13,1
87,KSG,5000,1,0.4732010188281219,13,1
88,InfoNCE,5000,1,0.8298135386906379,25,1
89,LMI,5000,1,0.9895720655804539,25,1
90,MINE,5000,1,0.8588123933658703,25,1
91,KSG,5000,1,0.22781704266612965,25,1
92,InfoNCE,5000,1,0.8214696284013778,37,1
93,LMI,5000,1,0.9350624685657057,37,1
94,MINE,5000,1,0.7973754609547764,37,1
95,KSG,5000,1,0.11035356609037363,37,1
96,InfoNCE,5000,1,0.6610820478597398,50,1
97,LMI,5000,1,0.8649449223324289,50,1
98,MINE,5000,1,0.8141722325426181,50,1
99,KSG,5000,1,0.1185227578013129,50,1
100,InfoNCE,6000,1,1.0202437366155948,1,1
101,LMI,6000,1,0.9819539025414497,1,1
102,MINE,6000,1,1.0443425475937695,1,1
103,KSG,6000,1,1.0107933466433048,1,1
104,InfoNCE,6000,1,0.9397352180936969,13,1
105,LMI,6000,1,1.0001369992714324,13,1
106,MINE,6000,1,0.9215487406955583,13,1
107,KSG,6000,1,0.4959202604595346,13,1
108,InfoNCE,6000,1,0.9069952248142457,25,1
109,LMI,6000,1,0.9583787671557914,25,1
110,MINE,6000,1,0.8921636129864879,25,1
111,KSG,6000,1,0.2805190528599883,25,1
112,InfoNCE,6000,1,0.8359182348656642,37,1
113,LMI,6000,1,0.9197519602262676,37,1
114,MINE,6000,1,0.8662285432450509,37,1
115,KSG,6000,1,0.15675238045691375,37,1
116,InfoNCE,6000,1,0.7625469963545727,50,1
117,LMI,6000,1,0.9162264866959559,50,1
118,MINE,6000,1,0.855678267527872,50,1
119,KSG,6000,1,0.12981670900168976,50,1
120,InfoNCE,7000,1,1.018478506687139,1,1
121,LMI,7000,1,0.9951845468018943,1,1
122,MINE,7000,1,0.9886969589678298,1,1
123,KSG,7000,1,0.9985704512185899,1,1
124,InfoNCE,7000,1,0.9457126471070846,13,1
125,LMI,7000,1,1.0106882851875065,13,1
126,MINE,7000,1,0.9394784479959587,13,1
127,KSG,7000,1,0.4943227585237647,13,1
128,InfoNCE,7000,1,0.9008341183297365,25,1
129,LMI,7000,1,0.9558637530186113,25,1
130,MINE,7000,1,0.9113551569962688,25,1
131,KSG,7000,1,0.2919029673798551,25,1
132,InfoNCE,7000,1,0.8290224184966689,37,1
133,LMI,7000,1,0.9084314875019999,37,1
134,MINE,7000,1,0.8099707823733651,37,1
135,KSG,7000,1,0.1695886979009474,37,1
136,InfoNCE,7000,1,0.8665820535838995,50,1
137,LMI,7000,1,0.9577187838790147,50,1
138,MINE,7000,1,0.8778250754187539,50,1
139,KSG,7000,1,0.13025937232060922,50,1
140,InfoNCE,8000,1,1.000885369434477,1,1
141,LMI,8000,1,1.0137539310134984,1,1
142,MINE,8000,1,0.9569689116060555,1,1
143,KSG,8000,1,1.027219845470648,1,1
144,InfoNCE,8000,1,0.9694448770649453,13,1
145,LMI,8000,1,0.9705037840054236,13,1
146,MINE,8000,1,0.9151421289769424,13,1
147,KSG,8000,1,0.49675388165166146,13,1
148,InfoNCE,8000,1,0.9274095654716611,25,1
149,LMI,8000,1,0.9210381744839832,25,1
150,MINE,8000,1,0.8835332655922159,25,1
151,KSG,8000,1,0.2741614607610942,25,1
152,InfoNCE,8000,1,0.8979709511581724,37,1
153,LMI,8000,1,0.9306031812119634,37,1
154,MINE,8000,1,0.8945237309042783,37,1
155,KSG,8000,1,0.15475589338437343,37,1
156,InfoNCE,8000,1,0.8838394807020772,50,1
157,LMI,8000,1,0.9133732169123682,50,1
158,MINE,8000,1,0.8606250905059644,50,1
159,KSG,8000,1,0.1317846612476525,50,1
160,InfoNCE,9000,1,0.9712809638455566,1,1
161,LMI,9000,1,0.9888358140599622,1,1
162,MINE,9000,1,0.9439736445328853,1,1
163,KSG,9000,1,1.0266617896601218,1,1
164,InfoNCE,9000,1,0.9592077817549874,13,1
165,LMI,9000,1,0.9891195892421452,13,1
166,MINE,9000,1,0.909099604530203,13,1
167,KSG,9000,1,0.5201029888057285,13,1
168,InfoNCE,9000,1,0.9013762076452561,25,1
169,LMI,9000,1,0.9348810994880482,25,1
170,MINE,9000,1,0.8970107720184053,25,1
171,KSG,9000,1,0.2619491713084092,25,1
172,InfoNCE,9000,1,0.9057266807814817,37,1
173,LMI,9000,1,0.9096801522150771,37,1
174,MINE,9000,1,0.8708418058717949,37,1
175,KSG,9000,1,0.16157428113324157,37,1
176,InfoNCE,9000,1,0.8311054723639193,50,1
177,LMI,9000,1,0.8998800479133329,50,1
178,MINE,9000,1,0.8586782468981974,50,1
179,KSG,9000,1,0.14513179159861364,50,1
180,InfoNCE,10000,1,0.9956502175422132,1,1
181,LMI,10000,1,0.9647114945139776,1,1
182,MINE,10000,1,0.9943180399286299,1,1
183,KSG,10000,1,0.9981042703540274,1,1
184,InfoNCE,10000,1,0.9332934359229795,13,1
185,LMI,10000,1,0.9627518453525985,13,1
186,MINE,10000,1,0.8860455021646944,13,1
187,KSG,10000,1,0.5218068533638441,13,1
188,InfoNCE,10000,1,0.8685687971666667,25,1
189,LMI,10000,1,0.9722476588167388,25,1
190,MINE,10000,1,0.8412348205431116,25,1
191,KSG,10000,1,0.26119509131880875,25,1
192,InfoNCE,10000,1,0.8727933790024607,37,1
193,LMI,10000,1,0.9363996752888796,37,1
194,MINE,10000,1,0.829078054884223,37,1
195,KSG,10000,1,0.19107890360925625,37,1
196,InfoNCE,10000,1,0.8680095095860608,50,1
197,LMI,10000,1,0.9080199018454798,50,1
198,MINE,10000,1,0.8123692524222977,50,1
199,KSG,10000,1,0.12043148810870921,50,1
200,InfoNCE,1000,1,0.9431487297480219,1,1
201,LMI,1000,1,0.9976064566478324,1,1
202,MINE,1000,1,0.9568856720030379,1,1
203,KSG,1000,1,0.9615408793240351,1,1
204,InfoNCE,1000,1,-0.4147155246375595,13,1
205,LMI,1000,1,0.9498040375942098,13,1
206,MINE,1000,1,0.6152500472660082,13,1
207,KSG,1000,1,0.32787284863770333,13,1
208,InfoNCE,1000,1,-1.7054810917543177,25,1
209,LMI,1000,1,0.7490051502841657,25,1
210,MINE,1000,1,-0.6426871274887554,25,1
211,KSG,1000,1,0.14819786803429041,25,1
212,InfoNCE,1000,1,-6.734718156140172,37,1
213,LMI,1000,1,0.8545362466636616,37,1
214,MINE,1000,1,0.16963302388672094,37,1
215,KSG,1000,1,0.21877165279319033,37,1
216,InfoNCE,1000,1,-5.982796247955903,50,1
217,LMI,1000,1,0.8716233276278065,50,1
218,MINE,1000,1,0.5341646989331164,50,1
219,KSG,1000,1,0.16794906317066977,50,1
220,InfoNCE,2000,1,1.0189497391505031,1,1
221,LMI,2000,1,0.9446133658444317,1,1
222,MINE,2000,1,1.0783356924587326,1,1
223,KSG,2000,1,0.9842681182076229,1,1
224,InfoNCE,2000,1,0.7215821047802586,13,1
225,LMI,2000,1,0.9414670734449748,13,1
226,MINE,2000,1,0.8722992728465319,13,1
227,KSG,2000,1,0.40551779432673235,13,1
228,InfoNCE,2000,1,-0.06647954972571696,25,1
229,LMI,2000,1,0.8843701754574084,25,1
230,MINE,2000,1,0.5877687675019891,25,1
231,KSG,2000,1,0.23864041849509254,25,1
232,InfoNCE,2000,1,-0.11249316399875968,37,1
233,LMI,2000,1,0.9120001148662025,37,1
234,MINE,2000,1,0.6693639584033637,37,1
235,KSG,2000,1,0.1719971835656432,37,1
236,InfoNCE,2000,1,-0.7389895007699886,50,1
237,LMI,2000,1,0.977517066096517,50,1
238,MINE,2000,1,0.6136126004471434,50,1
239,KSG,2000,1,0.11680470439067875,50,1
240,InfoNCE,3000,1,0.9618418680356022,1,1
241,LMI,3000,1,1.0034916469565829,1,1
242,MINE,3000,1,0.9421149420336855,1,1
243,KSG,3000,1,0.9414377777712319,1,1
244,InfoNCE,3000,1,0.798170106793088,13,1
245,LMI,3000,1,1.0019877916149584,13,1
246,MINE,3000,1,0.956550821781808,13,1
247,KSG,3000,1,0.46860204860865673,13,1
248,InfoNCE,3000,1,0.7284215108397708,25,1
249,LMI,3000,1,0.9102261814731964,25,1
250,MINE,3000,1,0.7811857881244805,25,1
251,KSG,3000,1,0.18728408456772128,25,1
252,InfoNCE,3000,1,0.5896273840098635,37,1
253,LMI,3000,1,0.9587569090786989,37,1
254,MINE,3000,1,0.6576449745822466,37,1
255,KSG,3000,1,0.15596108878949663,37,1
256,InfoNCE,3000,1,-0.11932431489103044,50,1
257,LMI,3000,1,0.8572787423466983,50,1
258,MINE,3000,1,0.6837215000540182,50,1
259,KSG,3000,1,0.10540060256702391,50,1
260,InfoNCE,4000,1,1.0079339063974384,1,1
261,LMI,4000,1,0.9843889259547437,1,1
262,MINE,4000,1,0.9843561168600525,1,1
263,KSG,4000,1,1.0061539463389848,1,1
264,InfoNCE,4000,1,0.9016039126749984,13,1
265,LMI,4000,1,0.9733591377154768,13,1
266,MINE,4000,1,0.901783032605872,13,1
267,KSG,4000,1,0.4399697757579958,13,1
268,InfoNCE,4000,1,0.7485180275583917,25,1
269,LMI,4000,1,0.9405763835598213,25,1
270,MINE,4000,1,0.9320840539221122,25,1
271,KSG,4000,1,0.22499395008049003,25,1
272,InfoNCE,4000,1,0.5845291303076864,37,1
273,LMI,4000,1,0.8955611894179144,37,1
274,MINE,4000,1,0.8063227723745886,37,1
275,KSG,4000,1,0.14972641277139828,37,1
276,InfoNCE,4000,1,0.5723052914149614,50,1
277,LMI,4000,1,0.9931003341230039,50,1
278,MINE,4000,1,0.8756893088690141,50,1
279,KSG,4000,1,0.17467114824494265,50,1
280,InfoNCE,5000,1,0.9709865295472795,1,1
281,LMI,5000,1,1.0093289951479927,1,1
282,MINE,5000,1,0.9677589311385372,1,1
283,KSG,5000,1,0.9920145234824711,1,1
284,InfoNCE,5000,1,0.9017655763668094,13,1
285,LMI,5000,1,0.9424711760788141,13,1
286,MINE,5000,1,0.8446476442668331,13,1
287,KSG,5000,1,0.4960670314839437,13,1
288,InfoNCE,5000,1,0.8293973406755499,25,1
289,LMI,5000,1,0.9316942921172806,25,1
290,MINE,5000,1,0.9131573631946601,25,1
291,KSG,5000,1,0.2554034056010192,25,1
292,InfoNCE,5000,1,0.7674147933045936,37,1
293,LMI,5000,1,0.9284111000881745,37,1
294,MINE,5000,1,0.8082980791110733,37,1
295,KSG,5000,1,0.13509555167390472,37,1
296,InfoNCE,5000,1,0.5724229275481516,50,1
297,LMI,5000,1,0.900647140880175,50,1
298,MINE,5000,1,0.8352423430477733,50,1
299,KSG,5000,1,0.14924407216381336,50,1
300,InfoNCE,6000,1,1.0046015705543208,1,1
301,LMI,6000,1,1.0083455648289052,1,1
302,MINE,6000,1,0.9959724270386047,1,1
303,KSG,6000,1,1.0367092152344564,1,1
304,InfoNCE,6000,1,0.9012640749568934,13,1
305,LMI,6000,1,0.9437343487845085,13,1
306,MINE,6000,1,0.9231940127250373,13,1
307,KSG,6000,1,0.47485632939803424,13,1
308,InfoNCE,6000,1,0.8263780132570024,25,1
309,LMI,6000,1,0.9443039733490556,25,1
310,MINE,6000,1,0.8276840495076546,25,1
311,KSG,6000,1,0.24549797531637083,25,1
312,InfoNCE,6000,1,0.8067355307366593,37,1
313,LMI,6000,1,0.8712727017478443,37,1
314,MINE,6000,1,0.760379756979725,37,1
315,KSG,6000,1,0.2188017481444289,37,1
316,InfoNCE,6000,1,0.8172533017328253,50,1
317,LMI,6000,1,0.9788655111469824,50,1
318,MINE,6000,1,0.9746744395210561,50,1
319,KSG,6000,1,0.13007743035624417,50,1
320,InfoNCE,7000,1,0.9491990794053755,1,1
321,LMI,7000,1,1.003692883439189,1,1
322,MINE,7000,1,0.9858697361702962,1,1
323,KSG,7000,1,0.9854030090930971,1,1
324,InfoNCE,7000,1,0.9317297696613348,13,1
325,LMI,7000,1,0.9736691948323116,13,1
326,MINE,7000,1,0.9150325760283428,13,1
327,KSG,7000,1,0.4758717708203481,13,1
328,InfoNCE,7000,1,0.9477551130687314,25,1
329,LMI,7000,1,0.9504926614326918,25,1
330,MINE,7000,1,0.8782310404661156,25,1
331,KSG,7000,1,0.2683784203966247,25,1
332,InfoNCE,7000,1,0.8120910704845272,37,1
333,LMI,7000,1,0.9577134736107512,37,1
334,MINE,7000,1,0.8406355469961801,37,1
335,KSG,7000,1,0.15843055986728183,37,1
336,InfoNCE,7000,1,0.7482167139540801,50,1
337,LMI,7000,1,0.8714702250694116,50,1
338,MINE,7000,1,0.8454452998015348,50,1
339,KSG,7000,1,0.11407361433313273,50,1
340,InfoNCE,8000,1,0.9782497008585177,1,1
341,LMI,8000,1,0.9856694701098859,1,1
342,MINE,8000,1,0.9858675003958349,1,1
343,KSG,8000,1,0.9751061886844057,1,1
344,InfoNCE,8000,1,0.9392172063492981,13,1
345,LMI,8000,1,0.9829959126635636,13,1
346,MINE,8000,1,0.9137804563387361,13,1
347,KSG,8000,1,0.49558210197104663,13,1
348,InfoNCE,8000,1,0.8828667468287971,25,1
349,LMI,8000,1,0.9531513043172458,25,1
350,MINE,8000,1,0.8503049275756398,25,1
351,KSG,8000,1,0.2561607211172618,25,1
352,InfoNCE,8000,1,0.8540011787079833,37,1
353,LMI,8000,1,0.9153735586747253,37,1
354,MINE,8000,1,0.8421189833511973,37,1
355,KSG,8000,1,0.1463845109486258,37,1
356,InfoNCE,8000,1,0.8538856063666035,50,1
357,LMI,8000,1,0.9458957457032607,50,1
358,MINE,8000,1,0.8906741572386906,50,1
359,KSG,8000,1,0.12499445965257516,50,1
360,InfoNCE,9000,1,1.028436990102699,1,1
361,LMI,9000,1,1.0040846105980206,1,1
362,MINE,9000,1,0.9886630783856099,1,1
363,KSG,9000,1,1.0138384723353482,1,1
364,InfoNCE,9000,1,0.9443938841402686,13,1
365,LMI,9000,1,0.9847480096145401,13,1
366,MINE,9000,1,0.9302460753323414,13,1
367,KSG,9000,1,0.510629593502111,13,1
368,InfoNCE,9000,1,0.8838711255098359,25,1
369,LMI,9000,1,0.9615067889611265,25,1
370,MINE,9000,1,0.828928945925925,25,1
371,KSG,9000,1,0.2502007065425467,25,1
372,InfoNCE,9000,1,0.8552628434347128,37,1
373,LMI,9000,1,0.910116073194574,37,1
374,MINE,9000,1,0.840875118828832,37,1
375,KSG,9000,1,0.20734778584948146,37,1
376,InfoNCE,9000,1,0.783978098443889,50,1
377,LMI,9000,1,0.9064835153369128,50,1
378,MINE,9000,1,0.8412899409827131,50,1
379,KSG,9000,1,0.11948297217258945,50,1
380,InfoNCE,10000,1,0.9905815448559845,1,1
381,LMI,10000,1,1.0092011686050333,1,1
382,MINE,10000,1,0.9495353914791377,1,1
383,KSG,10000,1,0.9947731618687685,1,1
384,InfoNCE,10000,1,0.9167363221591152,13,1
385,LMI,10000,1,0.9943162684365571,13,1
386,MINE,10000,1,0.8967601932960982,13,1
387,KSG,10000,1,0.5245596391211428,13,1
388,InfoNCE,10000,1,0.9108724016952968,25,1
389,LMI,10000,1,0.9419386097597741,25,1
390,MINE,10000,1,0.8899563016539892,25,1
391,KSG,10000,1,0.26753085381568237,25,1
392,InfoNCE,10000,1,0.8094961962483092,37,1
393,LMI,10000,1,0.9234435696651458,37,1
394,MINE,10000,1,0.8534588314184874,37,1
395,KSG,10000,1,0.1851448551586013,37,1
396,InfoNCE,10000,1,0.8791560491537811,50,1
397,LMI,10000,1,0.9427671561419909,50,1
398,MINE,10000,1,0.8539195729401489,50,1
399,KSG,10000,1,0.12080395417121147,50,1
400,InfoNCE,1000,1,1.0556095610084193,1,1
401,LMI,1000,1,1.123957594936957,1,1
402,MINE,1000,1,1.1770105664086181,1,1
403,KSG,1000,1,1.0118545353314552,1,1
404,InfoNCE,1000,1,-1.2663013789968256,13,1
405,LMI,1000,1,0.7420181376609368,13,1
406,MINE,1000,1,-0.0023498419544012703,13,1
407,KSG,1000,1,0.3517214193403303,13,1
408,InfoNCE,1000,1,-4.607255616714642,25,1
409,LMI,1000,1,0.7522904775936676,25,1
410,MINE,1000,1,-1.2841074307712554,25,1
411,KSG,1000,1,0.2716697874557584,25,1
412,InfoNCE,1000,1,-4.1402098990031515,37,1
413,LMI,1000,1,0.859070217504773,37,1
414,MINE,1000,1,-1.0305485930899927,37,1
415,KSG,1000,1,0.08533715443070082,37,1
416,InfoNCE,1000,1,-5.310027635004734,50,1
417,LMI,1000,1,0.7933704503353436,50,1
418,MINE,1000,1,-0.006185356038280913,50,1
419,KSG,1000,1,0.09867570291706247,50,1
420,InfoNCE,2000,1,1.109530937568134,1,1
421,LMI,2000,1,1.057066710742165,1,1
422,MINE,2000,1,1.0365963630075832,1,1
423,KSG,2000,1,1.127266413136419,1,1
424,InfoNCE,2000,1,0.5162960454737723,13,1
425,LMI,2000,1,0.9211209125154312,13,1
426,MINE,2000,1,0.7468908996985787,13,1
427,KSG,2000,1,0.39774616681316044,13,1
428,InfoNCE,2000,1,0.1625373636774232,25,1
429,LMI,2000,1,0.9447983323129104,25,1
430,MINE,2000,1,0.6458598634318726,25,1
431,KSG,2000,1,0.2068138830125771,25,1
432,InfoNCE,2000,1,-0.6251796375962233,37,1
433,LMI,2000,1,0.7925964220925252,37,1
434,MINE,2000,1,0.4977213172413109,37,1
435,KSG,2000,1,0.10580614770761723,37,1
436,InfoNCE,2000,1,-0.6670264562041619,50,1
437,LMI,2000,1,0.8502311361656789,50,1
438,MINE,2000,1,0.4375230038817309,50,1
439,KSG,2000,1,0.17825028740757176,50,1
440,InfoNCE,3000,1,0.9439164603014735,1,1
441,LMI,3000,1,0.9558846847096859,1,1
442,MINE,3000,1,0.9706590745800368,1,1
443,KSG,3000,1,0.9589965672240047,1,1
444,InfoNCE,3000,1,0.8843120890266482,13,1
445,LMI,3000,1,1.0468991231046747,13,1
446,MINE,3000,1,0.8461328864396843,13,1
447,KSG,3000,1,0.44712849721224346,13,1
448,InfoNCE,3000,1,0.6432557021325079,25,1
449,LMI,3000,1,0.907085991906287,25,1
450,MINE,3000,1,0.8261853066967106,25,1
451,KSG,3000,1,0.2400199362697295,25,1
452,InfoNCE,3000,1,0.3323502814169466,37,1
453,LMI,3000,1,0.8752311054285885,37,1
454,MINE,3000,1,0.6586639717886087,37,1
455,KSG,3000,1,0.1619751991274864,37,1
456,InfoNCE,3000,1,0.46277573245586967,50,1
457,LMI,3000,1,0.9460348773735322,50,1
458,MINE,3000,1,0.698981090708448,50,1
459,KSG,3000,1,0.15251280531999484,50,1
460,InfoNCE,4000,1,0.9760964780697153,1,1
461,LMI,4000,1,0.9874487965221649,1,1
462,MINE,4000,1,0.9951710738769094,1,1
463,KSG,4000,1,1.0047737883237127,1,1
464,InfoNCE,4000,1,0.8942767638176393,13,1
465,LMI,4000,1,1.0110861404141123,13,1
466,MINE,4000,1,0.8941143262038993,13,1
467,KSG,4000,1,0.4787307937937469,13,1
468,InfoNCE,4000,1,0.6841194679081147,25,1
469,LMI,4000,1,0.9403595642969462,25,1
470,MINE,4000,1,0.8444772094598281,25,1
471,KSG,4000,1,0.20684776614436928,25,1
472,InfoNCE,4000,1,0.5802687760805129,37,1
473,LMI,4000,1,0.958544426384687,37,1
474,MINE,4000,1,0.942681710859604,37,1
475,KSG,4000,1,0.19916129802810406,37,1
476,InfoNCE,4000,1,0.5034145449241478,50,1
477,LMI,4000,1,0.8989330223012583,50,1
478,MINE,4000,1,0.801976082856682,50,1
479,KSG,4000,1,0.10986145999467282,50,1
480,InfoNCE,5000,1,0.9656550673705324,1,1
481,LMI,5000,1,1.0424318204679333,1,1
482,MINE,5000,1,0.9903906441135267,1,1
483,KSG,5000,1,1.0100721794258236,1,1
484,InfoNCE,5000,1,0.8947844566029862,13,1
485,LMI,5000,1,1.0115969228954986,13,1
486,MINE,5000,1,0.9224248203190535,13,1
487,KSG,5000,1,0.45078562601069216,13,1
488,InfoNCE,5000,1,0.8148138998129871,25,1
489,LMI,5000,1,0.9584392992371857,25,1
490,MINE,5000,1,0.881773797082564,25,1
491,KSG,5000,1,0.23386524881431905,25,1
492,InfoNCE,5000,1,0.7272485891608864,37,1
493,LMI,5000,1,0.9718518531846213,37,1
494,MINE,5000,1,0.8586319835651153,37,1
495,KSG,5000,1,0.1790102712505653,37,1
496,InfoNCE,5000,1,0.752189513189011,50,1
497,LMI,5000,1,0.9534467404207655,50,1
498,MINE,5000,1,0.8572512208526633,50,1
499,KSG,5000,1,0.1386294397791476,50,1
500,InfoNCE,6000,1,0.9906489620551228,1,1
501,LMI,6000,1,1.0364387308158793,1,1
502,MINE,6000,1,1.0199319320695805,1,1
503,KSG,6000,1,1.0131469102205757,1,1
504,InfoNCE,6000,1,0.8823858833369846,13,1
505,LMI,6000,1,0.9016378872734282,13,1
506,MINE,6000,1,0.867235759639829,13,1
507,KSG,6000,1,0.49181805275354556,13,1
508,InfoNCE,6000,1,0.9095460714918429,25,1
509,LMI,6000,1,0.9445497674435838,25,1
510,MINE,6000,1,0.899721562561305,25,1
511,KSG,6000,1,0.2537939168775531,25,1
512,InfoNCE,6000,1,0.7608498715558585,37,1
513,LMI,6000,1,0.9033160042347498,37,1
514,MINE,6000,1,0.9010774737807073,37,1
515,KSG,6000,1,0.16026684941093572,37,1
516,InfoNCE,6000,1,0.7573888926898954,50,1
517,LMI,6000,1,0.961200270560327,50,1
518,MINE,6000,1,0.7718381010934596,50,1
519,KSG,6000,1,0.11012405842719432,50,1
520,InfoNCE,7000,1,0.9831711563956078,1,1
521,LMI,7000,1,1.0470855732156474,1,1
522,MINE,7000,1,0.9889305114077015,1,1
523,KSG,7000,1,1.01955067510107,1,1
524,InfoNCE,7000,1,0.9112954790164194,13,1
525,LMI,7000,1,1.0198750427186123,13,1
526,MINE,7000,1,0.9207778284630658,13,1
527,KSG,7000,1,0.4988998081911558,13,1
528,InfoNCE,7000,1,0.8511221891325399,25,1
529,LMI,7000,1,0.9568746595103468,25,1
530,MINE,7000,1,0.8549684091364357,25,1
531,KSG,7000,1,0.25689143344472215,25,1
532,InfoNCE,7000,1,0.856107622215751,37,1
533,LMI,7000,1,0.9492590319651647,37,1
534,MINE,7000,1,0.9065123835219484,37,1
535,KSG,7000,1,0.15561490075042714,37,1
536,InfoNCE,7000,1,0.7965245767896326,50,1
537,LMI,7000,1,0.9181674304038295,50,1
538,MINE,7000,1,0.8705445338597786,50,1
539,KSG,7000,1,0.1290394174201944,50,1
540,InfoNCE,8000,1,0.9801373824343879,1,1
541,LMI,8000,1,1.0096175863858534,1,1
542,MINE,8000,1,1.0145939345521007,1,1
543,KSG,8000,1,0.9877931040329274,1,1
544,InfoNCE,8000,1,0.9241123140893193,13,1
545,LMI,8000,1,0.9623511717437946,13,1
546,MINE,8000,1,0.9580048491035276,13,1
547,KSG,8000,1,0.4994386687631861,13,1
548,InfoNCE,8000,1,0.9377677365678263,25,1
549,LMI,8000,1,0.9621501146359096,25,1
550,MINE,8000,1,0.8753842116463835,25,1
551,KSG,8000,1,0.2825610734409513,25,1
552,InfoNCE,8000,1,0.8233414875733687,37,1
553,LMI,8000,1,0.8793922877290984,37,1
554,MINE,8000,1,0.8491108520306994,37,1
555,KSG,8000,1,0.14624505009075248,37,1
556,InfoNCE,8000,1,0.8735617974865157,50,1
557,LMI,8000,1,0.9623828442489614,50,1
558,MINE,8000,1,0.9137747809112576,50,1
559,KSG,8000,1,0.09699712968956024,50,1
560,InfoNCE,9000,1,0.9924761057378892,1,1
561,LMI,9000,1,1.02304312855194,1,1
562,MINE,9000,1,1.018206430133474,1,1
563,KSG,9000,1,1.001271454372182,1,1
564,InfoNCE,9000,1,0.9597051555812828,13,1
565,LMI,9000,1,0.978295057513037,13,1
566,MINE,9000,1,0.8829389795421595,13,1
567,KSG,9000,1,0.4989713536474384,13,1
568,InfoNCE,9000,1,0.9080567017353709,25,1
569,LMI,9000,1,0.9632703087988007,25,1
570,MINE,9000,1,0.8630955352942832,25,1
571,KSG,9000,1,0.2599844211770528,25,1
572,InfoNCE,9000,1,0.8731676132507381,37,1
573,LMI,9000,1,0.9071716792469122,37,1
574,MINE,9000,1,0.8817575447220574,37,1
575,KSG,9000,1,0.17107287639521737,37,1
576,InfoNCE,9000,1,0.8673346496640751,50,1
577,LMI,9000,1,0.9365446524807014,50,1
578,MINE,9000,1,0.8973715916199155,50,1
579,KSG,9000,1,0.1329770805271428,50,1
580,InfoNCE,10000,1,0.9785207455162774,1,1
581,LMI,10000,1,0.9989040386638982,1,1
582,MINE,10000,1,0.9428807807779777,1,1
583,KSG,10000,1,0.9947895328892781,1,1
584,InfoNCE,10000,1,0.9647896506713908,13,1
585,LMI,10000,1,1.0050067356816552,13,1
586,MINE,10000,1,0.9747261203076404,13,1
587,KSG,10000,1,0.5274906208817095,13,1
588,InfoNCE,10000,1,0.9336717977548776,25,1
589,LMI,10000,1,0.9855263692582524,25,1
590,MINE,10000,1,0.8935865114484014,25,1
591,KSG,10000,1,0.2812876891994872,25,1
592,InfoNCE,10000,1,0.8887327310844257,37,1
593,LMI,10000,1,0.9368888011586841,37,1
594,MINE,10000,1,0.8591803502473914,37,1
595,KSG,10000,1,0.1472342904443031,37,1
596,InfoNCE,10000,1,0.8482748443648552,50,1
597,LMI,10000,1,0.9446411392850912,50,1
598,MINE,10000,1,0.864853197986101,50,1
599,KSG,10000,1,0.12790802897063128,50,1
600,InfoNCE,1000,1,0.9265393332582953,1,1
601,LMI,1000,1,0.9662888956791157,1,1
602,MINE,1000,1,0.9587740415095115,1,1
603,KSG,1000,1,1.0154098237463054,1,1
604,InfoNCE,1000,1,-1.40224059382241,13,1
605,LMI,1000,1,0.901397642557555,13,1
606,MINE,1000,1,0.3673901986863861,13,1
607,KSG,1000,1,0.42611095768594814,13,1
608,InfoNCE,1000,1,-2.9424167770816205,25,1
609,LMI,1000,1,0.7105092267072415,25,1
610,MINE,1000,1,-0.46691071133056417,25,1
611,KSG,1000,1,0.2411971948356141,25,1
612,InfoNCE,1000,1,-3.8635104516829957,37,1
613,LMI,1000,1,0.8521615102511606,37,1
614,MINE,1000,1,-1.7617101315233097,37,1
615,KSG,1000,1,0.14900535988333474,37,1
616,InfoNCE,1000,1,-6.574755028780864,50,1
617,LMI,1000,1,0.8667334001339695,50,1
618,MINE,1000,1,-0.9016049445709036,50,1
619,KSG,1000,1,0.0012032388532752486,50,1
620,InfoNCE,2000,1,0.9058291824413959,1,1
621,LMI,2000,1,1.0065208268988337,1,1
622,MINE,2000,1,0.936209917716311,1,1
623,KSG,2000,1,1.0183741392408836,1,1
624,InfoNCE,2000,1,0.534919702770404,13,1
625,LMI,2000,1,0.8898670211270997,13,1
626,MINE,2000,1,0.7747414262140001,13,1
627,KSG,2000,1,0.3855578411180397,13,1
628,InfoNCE,2000,1,0.08145235930983308,25,1
629,LMI,2000,1,0.9104780439968829,25,1
630,MINE,2000,1,0.7139348962096438,25,1
631,KSG,2000,1,0.19543622404452557,25,1
632,InfoNCE,2000,1,-0.3431624867113897,37,1
633,LMI,2000,1,0.820975568394781,37,1
634,MINE,2000,1,0.3559420015490524,37,1
635,KSG,2000,1,0.11191703425893477,37,1
636,InfoNCE,2000,1,-0.3294575332294342,50,1
637,LMI,2000,1,0.9878409519893253,50,1
638,MINE,2000,1,0.4448517005829477,50,1
639,KSG,2000,1,0.09694889669160055,50,1
640,InfoNCE,3000,1,0.9449407889700123,1,1
641,LMI,3000,1,1.0198034430776894,1,1
642,MINE,3000,1,0.9434698213571827,1,1
643,KSG,3000,1,1.0059019863910226,1,1
644,InfoNCE,3000,1,0.8206241616897363,13,1
645,LMI,3000,1,0.933156730770186,13,1
646,MINE,3000,1,0.9048328869449476,13,1
647,KSG,3000,1,0.450338661533716,13,1
648,InfoNCE,3000,1,0.5857137468068294,25,1
649,LMI,3000,1,0.9481009022520193,25,1
650,MINE,3000,1,0.8520005045304962,25,1
651,KSG,3000,1,0.21036106768004442,25,1
652,InfoNCE,3000,1,0.29657307452325826,37,1
653,LMI,3000,1,0.9218101122419426,37,1
654,MINE,3000,1,0.7404885015549089,37,1
655,KSG,3000,1,0.1504062967712511,37,1
656,InfoNCE,3000,1,0.32599930608588484,50,1
657,LMI,3000,1,0.9066297983962729,50,1
658,MINE,3000,1,0.8232419956098446,50,1
659,KSG,3000,1,0.040993603578247516,50,1
660,InfoNCE,4000,1,0.9746587031085022,1,1
661,LMI,4000,1,1.0680663759850235,1,1
662,MINE,4000,1,0.9990045671646414,1,1
663,KSG,4000,1,1.0399962154434281,1,1
664,InfoNCE,4000,1,0.8605640366649081,13,1
665,LMI,4000,1,0.9798587853242623,13,1
666,MINE,4000,1,0.9071923169321344,13,1
667,KSG,4000,1,0.47227862518226965,13,1
668,InfoNCE,4000,1,0.620196956235426,25,1
669,LMI,4000,1,0.931632551126369,25,1
670,MINE,4000,1,0.8019162328941817,25,1
671,KSG,4000,1,0.23107505106053178,25,1
672,InfoNCE,4000,1,0.5593605012498195,37,1
673,LMI,4000,1,0.9053333684022798,37,1
674,MINE,4000,1,0.8412638856111074,37,1
675,KSG,4000,1,0.18086386196880277,37,1
676,InfoNCE,4000,1,0.45967041371189077,50,1
677,LMI,4000,1,0.8920444056948822,50,1
678,MINE,4000,1,0.8816649320645678,50,1
679,KSG,4000,1,0.10949452667273837,50,1
680,InfoNCE,5000,1,0.9923687885637508,1,1
681,LMI,5000,1,1.0037104409357585,1,1
682,MINE,5000,1,1.0370156567103868,1,1
683,KSG,5000,1,0.9898102154327008,1,1
684,InfoNCE,5000,1,0.8355041006423864,13,1
685,LMI,5000,1,0.9749277537370795,13,1
686,MINE,5000,1,0.8579362277510498,13,1
687,KSG,5000,1,0.49224284981103367,13,1
688,InfoNCE,5000,1,0.7348536619820398,25,1
689,LMI,5000,1,0.9568694959836929,25,1
690,MINE,5000,1,0.8270330091828134,25,1
691,KSG,5000,1,0.27392743555278365,25,1
692,InfoNCE,5000,1,0.6923546851620295,37,1
693,LMI,5000,1,0.9325250534548047,37,1
694,MINE,5000,1,0.8498361888607132,37,1
695,KSG,5000,1,0.18550681510671224,37,1
696,InfoNCE,5000,1,0.6415049187467246,50,1
697,LMI,5000,1,0.8979753733032645,50,1
698,MINE,5000,1,0.7391471228695043,50,1
699,KSG,5000,1,0.10811862978654067,50,1
700,InfoNCE,6000,1,0.9601543742653363,1,1
701,LMI,6000,1,1.016902675614566,1,1
702,MINE,6000,1,1.012548888850691,1,1
703,KSG,6000,1,1.0288656292259393,1,1
704,InfoNCE,6000,1,0.9245883620669075,13,1
705,LMI,6000,1,0.9492894965809036,13,1
706,MINE,6000,1,0.8824427236030948,13,1
707,KSG,6000,1,0.5016848916677507,13,1
708,InfoNCE,6000,1,0.8551734124562642,25,1
709,LMI,6000,1,0.9528749735575496,25,1
710,MINE,6000,1,0.9389326610534455,25,1
711,KSG,6000,1,0.22801309746036835,25,1
712,InfoNCE,6000,1,0.8629449644834528,37,1
713,LMI,6000,1,0.8853663642849482,37,1
714,MINE,6000,1,0.8286911799111072,37,1
715,KSG,6000,1,0.16938531082031813,37,1
716,InfoNCE,6000,1,0.714176531834106,50,1
717,LMI,6000,1,0.9415863012875478,50,1
718,MINE,6000,1,0.7675635582975899,50,1
719,KSG,6000,1,0.15874611147884446,50,1
720,InfoNCE,7000,1,0.9889277596852877,1,1
721,LMI,7000,1,1.0039208502215529,1,1
722,MINE,7000,1,0.9894726007232211,1,1
723,KSG,7000,1,0.981603463738307,1,1
724,InfoNCE,7000,1,1.0019599170370679,13,1
725,LMI,7000,1,1.0140214206519955,13,1
726,MINE,7000,1,0.9576141045207672,13,1
727,KSG,7000,1,0.48871014955572417,13,1
728,InfoNCE,7000,1,0.8086252761043399,25,1
729,LMI,7000,1,1.010063472025334,25,1
730,MINE,7000,1,0.8660249157864294,25,1
731,KSG,7000,1,0.26598564028420907,25,1
732,InfoNCE,7000,1,0.7297581600022766,37,1
733,LMI,7000,1,0.9091115309777051,37,1
734,MINE,7000,1,0.8538299699790494,37,1
735,KSG,7000,1,0.17191922459874084,37,1
736,InfoNCE,7000,1,0.7958737944387678,50,1
737,LMI,7000,1,0.9439214031999794,50,1
738,MINE,7000,1,0.8980345847389917,50,1
739,KSG,7000,1,0.15599462686625312,50,1
740,InfoNCE,8000,1,1.001886996393102,1,1
741,LMI,8000,1,0.976896889344675,1,1
742,MINE,8000,1,0.9625666029263381,1,1
743,KSG,8000,1,1.0275963878700323,1,1
744,InfoNCE,8000,1,0.9278078772910593,13,1
745,LMI,8000,1,1.0112830273707125,13,1
746,MINE,8000,1,0.8930482917425262,13,1
747,KSG,8000,1,0.5055070972042622,13,1
748,InfoNCE,8000,1,0.8872034613529537,25,1
749,LMI,8000,1,0.9595058639039687,25,1
750,MINE,8000,1,0.8950040784481381,25,1
751,KSG,8000,1,0.2729212298067946,25,1
752,InfoNCE,8000,1,0.8663811778476918,37,1
753,LMI,8000,1,0.9198099577382046,37,1
754,MINE,8000,1,0.8156122432782923,37,1
755,KSG,8000,1,0.15528134830325538,37,1
756,InfoNCE,8000,1,0.8267818285212283,50,1
757,LMI,8000,1,0.9113203258160554,50,1
758,MINE,8000,1,0.7404524711895532,50,1
759,KSG,8000,1,0.14731072127099418,50,1
760,InfoNCE,9000,1,0.9973535337163585,1,1
761,LMI,9000,1,1.0293933663710766,1,1
762,MINE,9000,1,0.9527658276016193,1,1
763,KSG,9000,1,1.0201908002287832,1,1
764,InfoNCE,9000,1,0.9576943344273948,13,1
765,LMI,9000,1,0.9783302519036899,13,1
766,MINE,9000,1,0.8934313830973232,13,1
767,KSG,9000,1,0.5186200344999938,13,1
768,InfoNCE,9000,1,0.9024782724719849,25,1
769,LMI,9000,1,0.9497954779003573,25,1
770,MINE,9000,1,0.8674621747996899,25,1
771,KSG,9000,1,0.2915712353776624,25,1
772,InfoNCE,9000,1,0.8743309039011742,37,1
773,LMI,9000,1,0.9505122987838179,37,1
774,MINE,9000,1,0.8376893122042494,37,1
775,KSG,9000,1,0.17916300549893796,37,1
776,InfoNCE,9000,1,0.852750520870909,50,1
777,LMI,9000,1,0.9452067655809797,50,1
778,MINE,9000,1,0.8311744374069153,50,1
779,KSG,9000,1,0.11710522025010224,50,1
780,InfoNCE,10000,1,1.0181372931078272,1,1
781,LMI,10000,1,0.9872330972335903,1,1
782,MINE,10000,1,1.004962046190529,1,1
783,KSG,10000,1,1.0055134282641949,1,1
784,InfoNCE,10000,1,0.9417040754807743,13,1
785,LMI,10000,1,0.9819506863389404,13,1
786,MINE,10000,1,0.9480559967164158,13,1
787,KSG,10000,1,0.5061960787568407,13,1
788,InfoNCE,10000,1,0.9058573875961373,25,1
789,LMI,10000,1,0.9343059335365753,25,1
790,MINE,10000,1,0.8821419259467358,25,1
791,KSG,10000,1,0.27258269616777,25,1
792,InfoNCE,10000,1,0.8685832437093391,37,1
793,LMI,10000,1,0.9852873527162588,37,1
794,MINE,10000,1,0.8396771736742471,37,1
795,KSG,10000,1,0.18283691331640292,37,1
796,InfoNCE,10000,1,0.8394486947225759,50,1
797,LMI,10000,1,0.9305160380564633,50,1
798,MINE,10000,1,0.8488030030856549,50,1
799,KSG,10000,1,0.11686572195197112,50,1
800,InfoNCE,1000,1,0.8720277122408194,1,1
801,LMI,1000,1,1.0132065294164478,1,1
802,MINE,1000,1,0.9946766237556788,1,1
803,KSG,1000,1,0.9933049287667716,1,1
804,InfoNCE,1000,1,-1.0997485643870575,13,1
805,LMI,1000,1,0.7636272263907418,13,1
806,MINE,1000,1,0.36209605674487627,13,1
807,KSG,1000,1,0.3755131594125945,13,1
808,InfoNCE,1000,1,-2.407168243482767,25,1
809,LMI,1000,1,0.8618541386772729,25,1
810,MINE,1000,1,-0.28395178372438934,25,1
811,KSG,1000,1,0.21145615060105377,25,1
812,InfoNCE,1000,1,-2.167765641759323,37,1
813,LMI,1000,1,0.7876736100307499,37,1
814,MINE,1000,1,0.38832599074121754,37,1
815,KSG,1000,1,0.15021157561593731,37,1
816,InfoNCE,1000,1,-8.468418849178663,50,1
817,LMI,1000,1,0.7757204082224,50,1
818,MINE,1000,1,-2.5797397629421297e-07,50,1
819,KSG,1000,1,0.09213428072478248,50,1
820,InfoNCE,2000,1,1.034022986602723,1,1
821,LMI,2000,1,1.1618287625644417,1,1
822,MINE,2000,1,1.16901388909145,1,1
823,KSG,2000,1,1.0796524212183842,1,1
824,InfoNCE,2000,1,0.6616599095666388,13,1
825,LMI,2000,1,0.9743582786285815,13,1
826,MINE,2000,1,0.8356949153935188,13,1
827,KSG,2000,1,0.43982238925718814,13,1
828,InfoNCE,2000,1,0.4159992031435995,25,1
829,LMI,2000,1,0.9237159360992157,25,1
830,MINE,2000,1,0.5422645658408021,25,1
831,KSG,2000,1,0.22258813926741805,25,1
832,InfoNCE,2000,1,0.15864298853128575,37,1
833,LMI,2000,1,0.8804092164016135,37,1
834,MINE,2000,1,0.5450410537563312,37,1
835,KSG,2000,1,0.17670076110062455,37,1
836,InfoNCE,2000,1,-0.7480722485273553,50,1
837,LMI,2000,1,0.8489756932410393,50,1
838,MINE,2000,1,0.7631623502793599,50,1
839,KSG,2000,1,0.060992031406247295,50,1
840,InfoNCE,3000,1,0.9319155109242666,1,1
841,LMI,3000,1,0.993172195827646,1,1
842,MINE,3000,1,0.9061545736168283,1,1
843,KSG,3000,1,0.986285613120154,1,1
844,InfoNCE,3000,1,0.7530274126640145,13,1
845,LMI,3000,1,0.9828650183328176,13,1
846,MINE,3000,1,0.826595399327693,13,1
847,KSG,3000,1,0.4417256812354631,13,1
848,InfoNCE,3000,1,0.529101873657017,25,1
849,LMI,3000,1,0.9220298843298667,25,1
850,MINE,3000,1,0.7621363017843124,25,1
851,KSG,3000,1,0.2572724452686425,25,1
852,InfoNCE,3000,1,0.47569094160506314,37,1
853,LMI,3000,1,0.9068087236805092,37,1
854,MINE,3000,1,0.6868296565117363,37,1
855,KSG,3000,1,0.11534691929160944,37,1
856,InfoNCE,3000,1,0.12307697633285693,50,1
857,LMI,3000,1,0.8854175033316072,50,1
858,MINE,3000,1,1.2898698814710649e-07,50,1
859,KSG,3000,1,0.10212474028264588,50,1
860,InfoNCE,4000,1,0.966113229152431,1,1
861,LMI,4000,1,0.9907118598812782,1,1
862,MINE,4000,1,0.9525570406634718,1,1
863,KSG,4000,1,1.02254862607966,1,1
864,InfoNCE,4000,1,0.8675217667882138,13,1
865,LMI,4000,1,0.9336027172634225,13,1
866,MINE,4000,1,0.870075193205574,13,1
867,KSG,4000,1,0.4788862819962038,13,1
868,InfoNCE,4000,1,0.7954589722848867,25,1
869,LMI,4000,1,0.9410451842618045,25,1
870,MINE,4000,1,0.8803763520529782,25,1
871,KSG,4000,1,0.25875038706301384,25,1
872,InfoNCE,4000,1,0.5988146972189548,37,1
873,LMI,4000,1,0.8620858691769977,37,1
874,MINE,4000,1,0.7964780554825742,37,1
875,KSG,4000,1,0.15748765924633887,37,1
876,InfoNCE,4000,1,0.3962198224331696,50,1
877,LMI,4000,1,0.9273088948446502,50,1
878,MINE,4000,1,0.8155983126835724,50,1
879,KSG,4000,1,0.11882874853818359,50,1
880,InfoNCE,5000,1,0.9919450233120248,1,1
881,LMI,5000,1,1.0016224678888088,1,1
882,MINE,5000,1,1.0307451692599288,1,1
883,KSG,5000,1,1.000913027591066,1,1
884,InfoNCE,5000,1,0.8526418278355636,13,1
885,LMI,5000,1,0.9777874096813822,13,1
886,MINE,5000,1,0.8577954599513186,13,1
887,KSG,5000,1,0.46026102507467215,13,1
888,InfoNCE,5000,1,0.8091866274767561,25,1
889,LMI,5000,1,0.9633242198713334,25,1
890,MINE,5000,1,0.8247513153538165,25,1
891,KSG,5000,1,0.2534765326089396,25,1
892,InfoNCE,5000,1,0.6480265008674423,37,1
893,LMI,5000,1,0.9295482975438143,37,1
894,MINE,5000,1,0.8591655597394171,37,1
895,KSG,5000,1,0.14585784472732347,37,1
896,InfoNCE,5000,1,0.6409084829135323,50,1
897,LMI,5000,1,0.9454984857872991,50,1
898,MINE,5000,1,0.8152486719543683,50,1
899,KSG,5000,1,0.0676752166393508,50,1
900,InfoNCE,6000,1,0.9898014315516708,1,1
901,LMI,6000,1,1.039078543854221,1,1
902,MINE,6000,1,0.9579738062350468,1,1
903,KSG,6000,1,1.0232335834683375,1,1
904,InfoNCE,6000,1,0.8911755726572811,13,1
905,LMI,6000,1,0.9818422812953104,13,1
906,MINE,6000,1,0.896668268569212,13,1
907,KSG,6000,1,0.4986836629596775,13,1
908,InfoNCE,6000,1,0.8053149540405325,25,1
909,LMI,6000,1,0.9690763688665189,25,1
910,MINE,6000,1,0.9126501003659403,25,1
911,KSG,6000,1,0.29055052039493545,25,1
912,InfoNCE,6000,1,0.7665259869649347,37,1
913,LMI,6000,1,0.9343401253791926,37,1
914,MINE,6000,1,0.7978967403695416,37,1
915,KSG,6000,1,0.1768300547688716,37,1
916,InfoNCE,6000,1,0.7316073174643535,50,1
917,LMI,6000,1,0.9241603496433524,50,1
918,MINE,6000,1,0.840515933062505,50,1
919,KSG,6000,1,0.08550096061380066,50,1
920,InfoNCE,7000,1,0.973435562495566,1,1
921,LMI,7000,1,0.9907631645270962,1,1
922,MINE,7000,1,0.9711863733875821,1,1
923,KSG,7000,1,1.008952817693759,1,1
924,InfoNCE,7000,1,0.9373425954548934,13,1
925,LMI,7000,1,0.9406615481989832,13,1
926,MINE,7000,1,0.8577683726838077,13,1
927,KSG,7000,1,0.49379042793320743,13,1
928,InfoNCE,7000,1,0.8446370673338051,25,1
929,LMI,7000,1,0.933632001132724,25,1
930,MINE,7000,1,0.7977473734372672,25,1
931,KSG,7000,1,0.26653809374741605,25,1
932,InfoNCE,7000,1,0.8732219597684108,37,1
933,LMI,7000,1,0.9029454534310322,37,1
934,MINE,7000,1,0.8603566255879675,37,1
935,KSG,7000,1,0.20473132273158243,37,1
936,InfoNCE,7000,1,0.7292367086048605,50,1
937,LMI,7000,1,0.9239272627417255,50,1
938,MINE,7000,1,0.8274363944904122,50,1
939,KSG,7000,1,0.08613315056805138,50,1
940,InfoNCE,8000,1,0.9861416407413103,1,1
941,LMI,8000,1,1.0566569657318001,1,1
942,MINE,8000,1,0.9727656900704553,1,1
943,KSG,8000,1,1.0257498367088478,1,1
944,InfoNCE,8000,1,0.9519088380523699,13,1
945,LMI,8000,1,0.9903964204873514,13,1
946,MINE,8000,1,0.8968252887294498,13,1
947,KSG,8000,1,0.48363427457549885,13,1
948,InfoNCE,8000,1,0.8981291751969662,25,1
949,LMI,8000,1,0.9812153126431754,25,1
950,MINE,8000,1,0.8719824808036425,25,1
951,KSG,8000,1,0.26210563445077034,25,1
952,InfoNCE,8000,1,0.8656684817425162,37,1
953,LMI,8000,1,0.9539598425743853,37,1
954,MINE,8000,1,0.862440109411845,37,1
955,KSG,8000,1,0.14091252122376502,37,1
956,InfoNCE,8000,1,0.8545921110963479,50,1
957,LMI,8000,1,0.8922621004438036,50,1
958,MINE,8000,1,0.8433463375390797,50,1
959,KSG,8000,1,0.14903096373156607,50,1
960,InfoNCE,9000,1,0.9903634708546905,1,1
961,LMI,9000,1,0.9985768368830189,1,1
962,MINE,9000,1,0.9735502749236914,1,1
963,KSG,9000,1,1.0052545688474168,1,1
964,InfoNCE,9000,1,0.9827281290869851,13,1
965,LMI,9000,1,0.9930945306061207,13,1
966,MINE,9000,1,0.9390871014739204,13,1
967,KSG,9000,1,0.4943476128571763,13,1
968,InfoNCE,9000,1,0.9132320036651346,25,1
969,LMI,9000,1,0.9427868328564786,25,1
970,MINE,9000,1,0.8648593033702067,25,1
971,KSG,9000,1,0.25346814963350695,25,1
972,InfoNCE,9000,1,0.8937773261995337,37,1
973,LMI,9000,1,0.9924503447456144,37,1
974,MINE,9000,1,0.8544342310228559,37,1
975,KSG,9000,1,0.2067325355141863,37,1
976,InfoNCE,9000,1,0.8930419283844443,50,1
977,LMI,9000,1,0.9787609015311967,50,1
978,MINE,9000,1,0.9146721863834597,50,1
979,KSG,9000,1,0.10396244814618374,50,1
980,InfoNCE,10000,1,0.9673762697403675,1,1
981,LMI,10000,1,0.9744124500870114,1,1
982,MINE,10000,1,0.9234126886656094,1,1
983,KSG,10000,1,0.9724730511239992,1,1
984,InfoNCE,10000,1,0.9587055924144681,13,1
985,LMI,10000,1,0.9617576958137193,13,1
986,MINE,10000,1,0.9213256791973892,13,1
987,KSG,10000,1,0.4999912663145769,13,1
988,InfoNCE,10000,1,0.918967969036711,25,1
989,LMI,10000,1,0.9534688289902556,25,1
990,MINE,10000,1,0.923876439883661,25,1
991,KSG,10000,1,0.25072923554050114,25,1
992,InfoNCE,10000,1,0.8527175002019433,37,1
993,LMI,10000,1,0.9426481415262137,37,1
994,MINE,10000,1,0.8422360175451095,37,1
995,KSG,10000,1,0.172463672493595,37,1
996,InfoNCE,10000,1,0.8630447144209532,50,1
997,LMI,10000,1,0.935836595003451,50,1
998,MINE,10000,1,0.8562876020598789,50,1
999,KSG,10000,1,0.14702013248833973,50,1
1000,InfoNCE,1000,1,1.0427321880424156,1,1
1001,LMI,1000,1,1.057828824756975,1,1
1002,MINE,1000,1,1.0951168136253457,1,1
1003,KSG,1000,1,1.0285403172247176,1,1
1004,InfoNCE,1000,1,-0.3233425180953562,13,1
1005,LMI,1000,1,0.827562611272353,13,1
1006,MINE,1000,1,0.48103908609894386,13,1
1007,KSG,1000,1,0.30998372499888416,13,1
1008,InfoNCE,1000,1,-3.5182779817858214,25,1
1009,LMI,1000,1,0.7774206978115876,25,1
1010,MINE,1000,1,-1.4146859463694463,25,1
1011,KSG,1000,1,0.2461914429627598,25,1
1012,InfoNCE,1000,1,-2.43774400708376,37,1
1013,LMI,1000,1,0.7975887615818409,37,1
1014,MINE,1000,1,-0.24229827361602055,37,1
1015,KSG,1000,1,0.15537197444238413,37,1
1016,InfoNCE,1000,1,-7.106912002247808,50,1
1017,LMI,1000,1,0.8421259778898218,50,1
1018,MINE,1000,1,-0.07845951721951848,50,1
1019,KSG,1000,1,0.0066191118452555405,50,1
1020,InfoNCE,2000,1,0.9649664488364778,1,1
1021,LMI,2000,1,1.0341052444611327,1,1
1022,MINE,2000,1,0.9659491577035079,1,1
1023,KSG,2000,1,0.9758167101294383,1,1
1024,InfoNCE,2000,1,0.6639871787981143,13,1
1025,LMI,2000,1,0.9692142421563015,13,1
1026,MINE,2000,1,0.8741982192860335,13,1
1027,KSG,2000,1,0.46051244857266627,13,1
1028,InfoNCE,2000,1,0.20794972660304953,25,1
1029,LMI,2000,1,0.8960759284241044,25,1
1030,MINE,2000,1,0.6420095158443561,25,1
1031,KSG,2000,1,0.22884095950624053,25,1
1032,InfoNCE,2000,1,-0.42241484395138573,37,1
1033,LMI,2000,1,0.8175137682817144,37,1
1034,MINE,2000,1,0.41110397496076595,37,1
1035,KSG,2000,1,0.15980711133336242,37,1
1036,InfoNCE,2000,1,-0.8533579635937564,50,1
1037,LMI,2000,1,0.8758811047104467,50,1
1038,MINE,2000,1,0.8902687941306069,50,1
1039,KSG,2000,1,0.10595058081243403,50,1
1040,InfoNCE,3000,1,1.0380865926773095,1,1
1041,LMI,3000,1,1.0323863319004911,1,1
1042,MINE,3000,1,1.0525250521651948,1,1
1043,KSG,3000,1,0.9909502339251451,1,1
1044,InfoNCE,3000,1,0.7826221872244866,13,1
1045,LMI,3000,1,0.9562491211719358,13,1
1046,MINE,3000,1,0.8608686179395861,13,1
1047,KSG,3000,1,0.41714113571435396,13,1
1048,InfoNCE,3000,1,0.7035679539982845,25,1
1049,LMI,3000,1,0.9330402300575793,25,1
1050,MINE,3000,1,0.7742961631309163,25,1
1051,KSG,3000,1,0.23830368648841393,25,1
1052,InfoNCE,3000,1,0.5143017346543671,37,1
1053,LMI,3000,1,0.9798845530403616,37,1
1054,MINE,3000,1,0.65319664331768,37,1
1055,KSG,3000,1,0.14554292235991081,37,1
1056,InfoNCE,3000,1,0.4451887865786388,50,1
1057,LMI,3000,1,0.948278974194133,50,1
1058,MINE,3000,1,0.7707185800276682,50,1
1059,KSG,3000,1,0.13748560186370906,50,1
1060,InfoNCE,4000,1,0.9833665286869879,1,1
1061,LMI,4000,1,1.0283946636322052,1,1
1062,MINE,4000,1,0.9912851258806642,1,1
1063,KSG,4000,1,0.9710836280374479,1,1
1064,InfoNCE,4000,1,0.8003198899288732,13,1
1065,LMI,4000,1,0.9275611564618343,13,1
1066,MINE,4000,1,0.9406095778906833,13,1
1067,KSG,4000,1,0.4510788698558981,13,1
1068,InfoNCE,4000,1,0.7728790260878068,25,1
1069,LMI,4000,1,0.9437302003196484,25,1
1070,MINE,4000,1,0.8595478771722852,25,1
1071,KSG,4000,1,0.22409169917285318,25,1
1072,InfoNCE,4000,1,0.5131797198401381,37,1
1073,LMI,4000,1,0.8392353834081403,37,1
1074,MINE,4000,1,0.7085963827442113,37,1
1075,KSG,4000,1,0.19584494346753964,37,1
1076,InfoNCE,4000,1,0.5663746416826083,50,1
1077,LMI,4000,1,0.8708959399235281,50,1
1078,MINE,4000,1,0.776793093247468,50,1
1079,KSG,4000,1,0.1017594421605568,50,1
1080,InfoNCE,5000,1,0.9734176762998762,1,1
1081,LMI,5000,1,1.0629274844982968,1,1
1082,MINE,5000,1,0.9940714168072926,1,1
1083,KSG,5000,1,1.0176843932008848,1,1
1084,InfoNCE,5000,1,0.8853343539033767,13,1
1085,LMI,5000,1,0.9915655129709406,13,1
1086,MINE,5000,1,0.8927554052881068,13,1
1087,KSG,5000,1,0.47541512009482,13,1
1088,InfoNCE,5000,1,0.7824570838796584,25,1
1089,LMI,5000,1,0.9239374003879297,25,1
1090,MINE,5000,1,0.8746606806342037,25,1
1091,KSG,5000,1,0.24033509544384404,25,1
1092,InfoNCE,5000,1,0.7730991638809112,37,1
1093,LMI,5000,1,0.9324283168411828,37,1
1094,MINE,5000,1,0.742932289032344,37,1
1095,KSG,5000,1,0.16535694495621492,37,1
1096,InfoNCE,5000,1,0.6417511979027601,50,1
1097,LMI,5000,1,0.9330277719530681,50,1
1098,MINE,5000,1,0.8765706339633605,50,1
1099,KSG,5000,1,0.14692179260678673,50,1
1100,InfoNCE,6000,1,0.9607982773101668,1,1
1101,LMI,6000,1,0.9869051815655923,1,1
1102,MINE,6000,1,0.9151245007552289,1,1
1103,KSG,6000,1,0.9753493993319641,1,1
1104,InfoNCE,6000,1,0.9164783481828209,13,1
1105,LMI,6000,1,1.003519751296281,13,1
1106,MINE,6000,1,0.9093091653902794,13,1
1107,KSG,6000,1,0.47300387736408644,13,1
1108,InfoNCE,6000,1,0.8423613928975884,25,1
1109,LMI,6000,1,0.9812124400047234,25,1
1110,MINE,6000,1,0.8051380698841201,25,1
1111,KSG,6000,1,0.22010198744102816,25,1
1112,InfoNCE,6000,1,0.7807627108033579,37,1
1113,LMI,6000,1,0.9173929111030892,37,1
1114,MINE,6000,1,0.8017465720091055,37,1
1115,KSG,6000,1,0.15936681344584935,37,1
1116,InfoNCE,6000,1,0.7232991795664728,50,1
1117,LMI,6000,1,0.9170272092194676,50,1
1118,MINE,6000,1,0.84809142486771,50,1
1119,KSG,6000,1,0.13990304495045902,50,1
1120,InfoNCE,7000,1,0.9876647190973512,1,1
1121,LMI,7000,1,1.0252774601708483,1,1
1122,MINE,7000,1,0.9967063630011617,1,1
1123,KSG,7000,1,0.9938437278922195,1,1
1124,InfoNCE,7000,1,0.9099595177845171,13,1
1125,LMI,7000,1,0.9855085446499507,13,1
1126,MINE,7000,1,0.8460660711798241,13,1
1127,KSG,7000,1,0.4978846258392958,13,1
1128,InfoNCE,7000,1,0.895938116224974,25,1
1129,LMI,7000,1,0.9400900535974818,25,1
1130,MINE,7000,1,0.8969125699247626,25,1
1131,KSG,7000,1,0.28645570547240456,25,1
1132,InfoNCE,7000,1,0.872159794916682,37,1
1133,LMI,7000,1,0.9482421504732576,37,1
1134,MINE,7000,1,0.859030381375839,37,1
1135,KSG,7000,1,0.16770369233964344,37,1
1136,InfoNCE,7000,1,0.7603965252881841,50,1
1137,LMI,7000,1,0.9389451733226948,50,1
1138,MINE,7000,1,0.8238477185061833,50,1
1139,KSG,7000,1,0.1694874922820271,50,1
1140,InfoNCE,8000,1,0.9572430519515308,1,1
1141,LMI,8000,1,1.0223027610002147,1,1
1142,MINE,8000,1,0.9846865815236855,1,1
1143,KSG,8000,1,0.9825100726761071,1,1
1144,InfoNCE,8000,1,0.9097345644771885,13,1
1145,LMI,8000,1,0.9598854439203085,13,1
1146,MINE,8000,1,0.855683255024747,13,1
1147,KSG,8000,1,0.5049517978013915,13,1
1148,InfoNCE,8000,1,0.9345516609966918,25,1
1149,LMI,8000,1,0.9565811817595227,25,1
1150,MINE,8000,1,0.8834458124142521,25,1
1151,KSG,8000,1,0.22658456078325084,25,1
1152,InfoNCE,8000,1,0.8178559289414485,37,1
1153,LMI,8000,1,0.8958434221499598,37,1
1154,MINE,8000,1,0.8098542641274055,37,1
1155,KSG,8000,1,0.18381497138697755,37,1
1156,InfoNCE,8000,1,0.8620155702381902,50,1
1157,LMI,8000,1,0.8961113717282283,50,1
1158,MINE,8000,1,0.8576431693139795,50,1
1159,KSG,8000,1,0.12076838101283456,50,1
1160,InfoNCE,9000,1,0.983506866530092,1,1
1161,LMI,9000,1,0.9978171429778063,1,1
1162,MINE,9000,1,0.9499134953370596,1,1
1163,KSG,9000,1,0.9944595509756037,1,1
1164,InfoNCE,9000,1,0.9602699466067162,13,1
1165,LMI,9000,1,1.0142057153141601,13,1
1166,MINE,9000,1,0.9524353629379864,13,1
1167,KSG,9000,1,0.5099505179355439,13,1
1168,InfoNCE,9000,1,0.9038190492181113,25,1
1169,LMI,9000,1,0.9310403932193232,25,1
1170,MINE,9000,1,0.8961062292661924,25,1
1171,KSG,9000,1,0.27021998440390704,25,1
1172,InfoNCE,9000,1,0.8678574769226981,37,1
1173,LMI,9000,1,0.9027429789180915,37,1
1174,MINE,9000,1,0.8798874053765752,37,1
1175,KSG,9000,1,0.21080228231021497,37,1
1176,InfoNCE,9000,1,0.8935448056555672,50,1
1177,LMI,9000,1,0.9448409898805847,50,1
1178,MINE,9000,1,0.8659119231848126,50,1
1179,KSG,9000,1,0.13719409492410164,50,1
1180,InfoNCE,10000,1,0.9901247589352928,1,1
1181,LMI,10000,1,1.0410641406294852,1,1
1182,MINE,10000,1,0.9962920567952331,1,1
1183,KSG,10000,1,1.039822180729343,1,1
1184,InfoNCE,10000,1,0.9817044883490498,13,1
1185,LMI,10000,1,1.017058344366883,13,1
1186,MINE,10000,1,0.9151729998627722,13,1
1187,KSG,10000,1,0.5295667085322168,13,1
1188,InfoNCE,10000,1,0.9563934576562685,25,1
1189,LMI,10000,1,0.9720350675522157,25,1
1190,MINE,10000,1,0.9099733623879115,25,1
1191,KSG,10000,1,0.28024861483312513,25,1
1192,InfoNCE,10000,1,0.8780739343145524,37,1
1193,LMI,10000,1,0.961265314054621,37,1
1194,MINE,10000,1,0.9451208548054657,37,1
1195,KSG,10000,1,0.17791506321919331,37,1
1196,InfoNCE,10000,1,0.8068641737595047,50,1
1197,LMI,10000,1,0.9194959658697477,50,1
1198,MINE,10000,1,0.9207872015175378,50,1
1199,KSG,10000,1,0.141786983366885,50,1
1200,InfoNCE,1000,1,0.9507778801402961,1,1
1201,LMI,1000,1,1.0185182604087175,1,1
1202,MINE,1000,1,0.9985799419996612,1,1
1203,KSG,1000,1,0.9585676508260618,1,1
1204,InfoNCE,1000,1,-0.5489239060648609,13,1
1205,LMI,1000,1,0.9409766424100493,13,1
1206,MINE,1000,1,0.5060348725926936,13,1
1207,KSG,1000,1,0.3992570104185369,13,1
1208,InfoNCE,1000,1,-4.055060600630371,25,1
1209,LMI,1000,1,0.717360919102292,25,1
1210,MINE,1000,1,-2.352601072069062,25,1
1211,KSG,1000,1,0.19157083179939816,25,1
1212,InfoNCE,1000,1,-6.732148047405678,37,1
1213,LMI,1000,1,0.8698099297362323,37,1
1214,MINE,1000,1,-1.3499368860767111,37,1
1215,KSG,1000,1,0.14729157547576324,37,1
1216,InfoNCE,1000,1,-4.342556430841091,50,1
1217,LMI,1000,1,0.760809137809176,50,1
1218,MINE,1000,1,-0.612781924243476,50,1
1219,KSG,1000,1,0.05691903054026619,50,1
1220,InfoNCE,2000,1,0.9334949995897907,1,1
1221,LMI,2000,1,0.9900506877831491,1,1
1222,MINE,2000,1,0.9983962645285397,1,1
1223,KSG,2000,1,0.9895463035947366,1,1
1224,InfoNCE,2000,1,0.5530790069097063,13,1
1225,LMI,2000,1,0.9973556608195968,13,1
1226,MINE,2000,1,0.8090486973907641,13,1
1227,KSG,2000,1,0.37896274820959175,13,1
1228,InfoNCE,2000,1,0.45680724654032673,25,1
1229,LMI,2000,1,0.8813650958785392,25,1
1230,MINE,2000,1,0.5180628232460859,25,1
1231,KSG,2000,1,0.17822193437545622,25,1
1232,InfoNCE,2000,1,-0.5702167341028834,37,1
1233,LMI,2000,1,0.9455257987330242,37,1
1234,MINE,2000,1,0.5113472446951949,37,1
1235,KSG,2000,1,0.09402839289347119,37,1
1236,InfoNCE,2000,1,-0.28853254163012027,50,1
1237,LMI,2000,1,0.8969158402443898,50,1
1238,MINE,2000,1,0.7079554034044456,50,1
1239,KSG,2000,1,0.07429838983199033,50,1
1240,InfoNCE,3000,1,0.9350270210436766,1,1
1241,LMI,3000,1,1.041234870702599,1,1
1242,MINE,3000,1,0.9342276456824663,1,1
1243,KSG,3000,1,0.9888248233401802,1,1
1244,InfoNCE,3000,1,0.8194044607298172,13,1
1245,LMI,3000,1,0.986797484771739,13,1
1246,MINE,3000,1,0.8689987537938236,13,1
1247,KSG,3000,1,0.4593560340582622,13,1
1248,InfoNCE,3000,1,0.7530934540019458,25,1
1249,LMI,3000,1,0.8582183382707295,25,1
1250,MINE,3000,1,0.7607128873744463,25,1
1251,KSG,3000,1,0.2282810332119246,25,1
1252,InfoNCE,3000,1,0.3050538830026051,37,1
1253,LMI,3000,1,0.9260624694743684,37,1
1254,MINE,3000,1,0.7647659165160047,37,1
1255,KSG,3000,1,0.13301039547815477,37,1
1256,InfoNCE,3000,1,0.5240228820117365,50,1
1257,LMI,3000,1,0.9607889171799061,50,1
1258,MINE,3000,1,0.7788964410675202,50,1
1259,KSG,3000,1,0.07682579614440638,50,1
1260,InfoNCE,4000,1,0.9598915847748181,1,1
1261,LMI,4000,1,0.9828334389965026,1,1
1262,MINE,4000,1,0.9271333613343754,1,1
1263,KSG,4000,1,0.9866228829659387,1,1
1264,InfoNCE,4000,1,0.8289673840483929,13,1
1265,LMI,4000,1,0.9608410332564237,13,1
1266,MINE,4000,1,0.9443358399956024,13,1
1267,KSG,4000,1,0.4621759871592993,13,1
1268,InfoNCE,4000,1,0.8194216589949035,25,1
1269,LMI,4000,1,0.9332582364753776,25,1
1270,MINE,4000,1,0.8780154602132589,25,1
1271,KSG,4000,1,0.2300920310975236,25,1
1272,InfoNCE,4000,1,0.7101404429836576,37,1
1273,LMI,4000,1,1.006874248535719,37,1
1274,MINE,4000,1,0.7727626798244981,37,1
1275,KSG,4000,1,0.14110109618363914,37,1
1276,InfoNCE,4000,1,0.4338544419561763,50,1
1277,LMI,4000,1,0.9391116361081301,50,1
1278,MINE,4000,1,0.7173517615256607,50,1
1279,KSG,4000,1,0.0976021671718091,50,1
1280,InfoNCE,5000,1,0.9376535400876534,1,1
1281,LMI,5000,1,0.9895158529904403,1,1
1282,MINE,5000,1,0.9620288131770901,1,1
1283,KSG,5000,1,0.9534349203218903,1,1
1284,InfoNCE,5000,1,0.930449530808312,13,1
1285,LMI,5000,1,0.9376444811137968,13,1
1286,MINE,5000,1,0.8748052320522538,13,1
1287,KSG,5000,1,0.5024071123328182,13,1
1288,InfoNCE,5000,1,0.8135584264616886,25,1
1289,LMI,5000,1,0.9362867618364884,25,1
1290,MINE,5000,1,0.8670275746409596,25,1
1291,KSG,5000,1,0.2705196102215913,25,1
1292,InfoNCE,5000,1,0.7193662803065421,37,1
1293,LMI,5000,1,0.9269811205857339,37,1
1294,MINE,5000,1,0.8314854680310007,37,1
1295,KSG,5000,1,0.161433780820481,37,1
1296,InfoNCE,5000,1,0.6036701114181136,50,1
1297,LMI,5000,1,0.9139642134362251,50,1
1298,MINE,5000,1,0.7937177339362261,50,1
1299,KSG,5000,1,0.17496009712759178,50,1
1300,InfoNCE,6000,1,1.004429587903458,1,1
1301,LMI,6000,1,1.0019845546121013,1,1
1302,MINE,6000,1,1.0114830263719687,1,1
1303,KSG,6000,1,1.0017088856378402,1,1
1304,InfoNCE,6000,1,0.8802973260249067,13,1
1305,LMI,6000,1,0.9239636444787902,13,1
1306,MINE,6000,1,0.9091247999885544,13,1
1307,KSG,6000,1,0.4625017308577488,13,1
1308,InfoNCE,6000,1,0.8348581338057458,25,1
1309,LMI,6000,1,0.9558189768913274,25,1
1310,MINE,6000,1,0.8440806174669385,25,1
1311,KSG,6000,1,0.2611334181605032,25,1
1312,InfoNCE,6000,1,0.7758261207929918,37,1
1313,LMI,6000,1,0.9132053276588084,37,1
1314,MINE,6000,1,0.8233280729266014,37,1
1315,KSG,6000,1,0.15314751112373362,37,1
1316,InfoNCE,6000,1,0.675298821710663,50,1
1317,LMI,6000,1,0.9080810583803434,50,1
1318,MINE,6000,1,0.8032213232402541,50,1
1319,KSG,6000,1,0.1259472797028046,50,1
1320,InfoNCE,7000,1,1.0184730032423113,1,1
1321,LMI,7000,1,1.034286254549259,1,1
1322,MINE,7000,1,0.9750303576170167,1,1
1323,KSG,7000,1,1.0492924020217493,1,1
1324,InfoNCE,7000,1,0.9349561641915212,13,1
1325,LMI,7000,1,1.0047224140752753,13,1
1326,MINE,7000,1,0.9066130793640286,13,1
1327,KSG,7000,1,0.4845754077782237,13,1
1328,InfoNCE,7000,1,0.8813113357343938,25,1
1329,LMI,7000,1,0.9452627235765717,25,1
1330,MINE,7000,1,0.8071040035661329,25,1
1331,KSG,7000,1,0.24999803137869522,25,1
1332,InfoNCE,7000,1,0.8450883498096691,37,1
1333,LMI,7000,1,0.9357997204512855,37,1
1334,MINE,7000,1,0.8489115241383494,37,1
1335,KSG,7000,1,0.1765452908245081,37,1
1336,InfoNCE,7000,1,0.7356922493876469,50,1
1337,LMI,7000,1,0.9320593630659572,50,1
1338,MINE,7000,1,0.7734687545976153,50,1
1339,KSG,7000,1,0.12974233838240976,50,1
1340,InfoNCE,8000,1,0.9702697058584834,1,1
1341,LMI,8000,1,0.9871276268767506,1,1
1342,MINE,8000,1,0.9706143590908124,1,1
1343,KSG,8000,1,1.0119062986473724,1,1
1344,InfoNCE,8000,1,0.9685615741701139,13,1
1345,LMI,8000,1,1.0132037964355882,13,1
1346,MINE,8000,1,0.9465293927160321,13,1
1347,KSG,8000,1,0.49074472495342786,13,1
1348,InfoNCE,8000,1,0.8425058583243131,25,1
1349,LMI,8000,1,0.8934576181122073,25,1
1350,MINE,8000,1,0.8176990807638617,25,1
1351,KSG,8000,1,0.23949156599795635,25,1
1352,InfoNCE,8000,1,0.8826479848968996,37,1
1353,LMI,8000,1,0.9255244780978881,37,1
1354,MINE,8000,1,0.8723440743270816,37,1
1355,KSG,8000,1,0.17452618226291217,37,1
1356,InfoNCE,8000,1,0.906736562907348,50,1
1357,LMI,8000,1,0.9400686638129164,50,1
1358,MINE,8000,1,0.8585298258705027,50,1
1359,KSG,8000,1,0.12000409925070625,50,1
1360,InfoNCE,9000,1,0.9585790131834331,1,1
1361,LMI,9000,1,0.9816864661338417,1,1
1362,MINE,9000,1,0.9504505971557041,1,1
1363,KSG,9000,1,0.9690398620773685,1,1
1364,InfoNCE,9000,1,0.9463696208333805,13,1
1365,LMI,9000,1,0.9875990983348114,13,1
1366,MINE,9000,1,0.8989997513756337,13,1
1367,KSG,9000,1,0.5111301551083978,13,1
1368,InfoNCE,9000,1,0.9141627737716042,25,1
1369,LMI,9000,1,0.9298379476777869,25,1
1370,MINE,9000,1,0.8937339005801909,25,1
1371,KSG,9000,1,0.27279482275407607,25,1
1372,InfoNCE,9000,1,0.8494512056967568,37,1
1373,LMI,9000,1,0.9564364602315125,37,1
1374,MINE,9000,1,0.8473592087316616,37,1
1375,KSG,9000,1,0.1903132624834875,37,1
1376,InfoNCE,9000,1,0.7693017869498604,50,1
1377,LMI,9000,1,0.8960267592360973,50,1
1378,MINE,9000,1,0.8175006987760914,50,1
1379,KSG,9000,1,0.10341660674784091,50,1
1380,InfoNCE,10000,1,1.0089355333560635,1,1
1381,LMI,10000,1,0.9834393295421241,1,1
1382,MINE,10000,1,0.9962319488587567,1,1
1383,KSG,10000,1,1.0003414678570257,1,1
1384,InfoNCE,10000,1,0.9692928444015826,13,1
1385,LMI,10000,1,0.9539253386804849,13,1
1386,MINE,10000,1,0.9264138719144909,13,1
1387,KSG,10000,1,0.515276041604896,13,1
1388,InfoNCE,10000,1,0.9184685314186054,25,1
1389,LMI,10000,1,0.9795802505300755,25,1
1390,MINE,10000,1,0.8816837641648373,25,1
1391,KSG,10000,1,0.2586574312338537,25,1
1392,InfoNCE,10000,1,0.8796823160654214,37,1
1393,LMI,10000,1,0.9443456188126383,37,1
1394,MINE,10000,1,0.8817669177765294,37,1
1395,KSG,10000,1,0.1779860520840405,37,1
1396,InfoNCE,10000,1,0.8898822631227927,50,1
1397,LMI,10000,1,0.9454105134939959,50,1
1398,MINE,10000,1,0.9091818982286408,50,1
1399,KSG,10000,1,0.16724518512466488,50,1
1400,InfoNCE,1000,1,0.910087472876759,1,1
1401,LMI,1000,1,0.9528215749274437,1,1
1402,MINE,1000,1,0.9624551581685791,1,1
1403,KSG,1000,1,0.9333798851010928,1,1
1404,InfoNCE,1000,1,-0.07478356003997681,13,1
1405,LMI,1000,1,0.9105636720598531,13,1
1406,MINE,1000,1,0.5761525433147624,13,1
1407,KSG,1000,1,0.37543447771118865,13,1
1408,InfoNCE,1000,1,-1.112467025383664,25,1
1409,LMI,1000,1,0.9672488313366736,25,1
1410,MINE,1000,1,-0.8059777751769578,25,1
1411,KSG,1000,1,0.20437111661658877,25,1
1412,InfoNCE,1000,1,-1.9024156735349063,37,1
1413,LMI,1000,1,0.9242034657388053,37,1
1414,MINE,1000,1,-1.6215772917390863,37,1
1415,KSG,1000,1,0.0756062889845981,37,1
1416,InfoNCE,1000,1,-6.680338617798559,50,1
1417,LMI,1000,1,0.9094380670223163,50,1
1418,MINE,1000,1,-0.3478675880736944,50,1
1419,KSG,1000,1,0.1381075113815774,50,1
1420,InfoNCE,2000,1,1.0246375493798379,1,1
1421,LMI,2000,1,1.0912565775703782,1,1
1422,MINE,2000,1,0.9952601608900563,1,1
1423,KSG,2000,1,1.05008978368866,1,1
1424,InfoNCE,2000,1,0.5597189130942176,13,1
1425,LMI,2000,1,0.9616060226274658,13,1
1426,MINE,2000,1,0.7373945336658869,13,1
1427,KSG,2000,1,0.3914656208917746,13,1
1428,InfoNCE,2000,1,-0.03850003622214834,25,1
1429,LMI,2000,1,0.8927395872070688,25,1
1430,MINE,2000,1,0.6452034056535293,25,1
1431,KSG,2000,1,0.21055168153137557,25,1
1432,InfoNCE,2000,1,-0.4880688769529612,37,1
1433,LMI,2000,1,0.938989110721265,37,1
1434,MINE,2000,1,0.6994352968893767,37,1
1435,KSG,2000,1,0.18453328102605834,37,1
1436,InfoNCE,2000,1,-0.4647445898429471,50,1
1437,LMI,2000,1,0.8495942062890862,50,1
1438,MINE,2000,1,0.28116532081511014,50,1
1439,KSG,2000,1,0.09916605785590472,50,1
1440,InfoNCE,3000,1,1.0618270778024117,1,1
1441,LMI,3000,1,1.0177935091669594,1,1
1442,MINE,3000,1,1.0477301758591397,1,1
1443,KSG,3000,1,1.019862820581625,1,1
1444,InfoNCE,3000,1,0.6917094062559922,13,1
1445,LMI,3000,1,0.9302027181409421,13,1
1446,MINE,3000,1,0.73473808964066,13,1
1447,KSG,3000,1,0.44296118816849894,13,1
1448,InfoNCE,3000,1,0.6308605685195235,25,1
1449,LMI,3000,1,0.9687037217415855,25,1
1450,MINE,3000,1,0.8468057685611851,25,1
1451,KSG,3000,1,0.26382739092198243,25,1
1452,InfoNCE,3000,1,0.4130452291323799,37,1
1453,LMI,3000,1,0.8778495309927177,37,1
1454,MINE,3000,1,0.7683840875248564,37,1
1455,KSG,3000,1,0.13295162561189583,37,1
1456,InfoNCE,3000,1,0.07286629744815822,50,1
1457,LMI,3000,1,0.8081355977856335,50,1
1458,MINE,3000,1,0.7477995700344123,50,1
1459,KSG,3000,1,0.0959149349997086,50,1
1460,InfoNCE,4000,1,0.9999896837887836,1,1
1461,LMI,4000,1,0.9391810842365982,1,1
1462,MINE,4000,1,0.9585724778427003,1,1
1463,KSG,4000,1,0.9857128808057526,1,1
1464,InfoNCE,4000,1,0.8648649787976852,13,1
1465,LMI,4000,1,0.9932827529990387,13,1
1466,MINE,4000,1,0.9090553189976058,13,1
1467,KSG,4000,1,0.48086570035831533,13,1
1468,InfoNCE,4000,1,0.7473107093493347,25,1
1469,LMI,4000,1,0.980012441255258,25,1
1470,MINE,4000,1,0.826060791257486,25,1
1471,KSG,4000,1,0.2554654335585564,25,1
1472,InfoNCE,4000,1,0.3860384495020913,37,1
1473,LMI,4000,1,0.8863135640617131,37,1
1474,MINE,4000,1,0.8321524167510467,37,1
1475,KSG,4000,1,0.11508704246603148,37,1
1476,InfoNCE,4000,1,0.5087962260349469,50,1
1477,LMI,4000,1,0.8702950333446728,50,1
1478,MINE,4000,1,0.7762160054624979,50,1
1479,KSG,4000,1,0.12571999725873456,50,1
1480,InfoNCE,5000,1,0.9960175724844561,1,1
1481,LMI,5000,1,0.9955975051311321,1,1
1482,MINE,5000,1,0.9990134242711608,1,1
1483,KSG,5000,1,0.9865274525082152,1,1
1484,InfoNCE,5000,1,0.8990166056754183,13,1
1485,LMI,5000,1,0.9669864779232062,13,1
1486,MINE,5000,1,0.909492068939472,13,1
1487,KSG,5000,1,0.48586071954324306,13,1
1488,InfoNCE,5000,1,0.8602902402847344,25,1
1489,LMI,5000,1,0.9215682432140584,25,1
1490,MINE,5000,1,0.8697523817699044,25,1
1491,KSG,5000,1,0.25779986776232,25,1
1492,InfoNCE,5000,1,0.7330932475678081,37,1
1493,LMI,5000,1,0.9445401593336388,37,1
1494,MINE,5000,1,0.8050236154299709,37,1
1495,KSG,5000,1,0.18510655825110756,37,1
1496,InfoNCE,5000,1,0.5579646900554169,50,1
1497,LMI,5000,1,0.9447231660955353,50,1
1498,MINE,5000,1,0.8515763953134685,50,1
1499,KSG,5000,1,0.12105599211342041,50,1
1500,InfoNCE,6000,1,0.9789431349067965,1,1
1501,LMI,6000,1,1.0176768460588308,1,1
1502,MINE,6000,1,1.0250007767384601,1,1
1503,KSG,6000,1,1.0055727501934586,1,1
1504,InfoNCE,6000,1,0.9157945451629904,13,1
1505,LMI,6000,1,1.0011231377522287,13,1
1506,MINE,6000,1,0.9215832232170563,13,1
1507,KSG,6000,1,0.5050477337115703,13,1
1508,InfoNCE,6000,1,0.8324717025423735,25,1
1509,LMI,6000,1,0.8985767853669883,25,1
1510,MINE,6000,1,0.912051858714914,25,1
1511,KSG,6000,1,0.24668926101470584,25,1
1512,InfoNCE,6000,1,0.783639636586991,37,1
1513,LMI,6000,1,0.9239516337138095,37,1
1514,MINE,6000,1,0.8407586005828724,37,1
1515,KSG,6000,1,0.14984364259138008,37,1
1516,InfoNCE,6000,1,0.8177486117673102,50,1
1517,LMI,6000,1,0.9379736426947024,50,1
1518,MINE,6000,1,0.8285025149431107,50,1
1519,KSG,6000,1,0.1546229934801565,50,1
1520,InfoNCE,7000,1,0.9851331344766507,1,1
1521,LMI,7000,1,1.0052568588940642,1,1
1522,MINE,7000,1,0.9817515256040608,1,1
1523,KSG,7000,1,1.028329744440672,1,1
1524,InfoNCE,7000,1,0.9024239259543122,13,1
1525,LMI,7000,1,0.9406573110556073,13,1
1526,MINE,7000,1,0.8840680456450738,13,1
1527,KSG,7000,1,0.45161779336786745,13,1
1528,InfoNCE,7000,1,0.8653410267752735,25,1
1529,LMI,7000,1,0.9250951942912404,25,1
1530,MINE,7000,1,0.8547145627437622,25,1
1531,KSG,7000,1,0.25931644320460145,25,1
1532,InfoNCE,7000,1,0.8904697558581401,37,1
1533,LMI,7000,1,0.9471475486964417,37,1
1534,MINE,7000,1,0.910103811228591,37,1
1535,KSG,7000,1,0.20762115704260112,37,1
1536,InfoNCE,7000,1,0.7907315131779697,50,1
1537,LMI,7000,1,0.8907625067814483,50,1
1538,MINE,7000,1,0.8729763685429787,50,1
1539,KSG,7000,1,0.11380723323350932,50,1
1540,InfoNCE,8000,1,0.9907782930085716,1,1
1541,LMI,8000,1,1.0209655119881489,1,1
1542,MINE,8000,1,1.0122487791249355,1,1
1543,KSG,8000,1,0.991378405559627,1,1
1544,InfoNCE,8000,1,0.9564863282877344,13,1
1545,LMI,8000,1,0.9893093689745185,13,1
1546,MINE,8000,1,0.9377223331479986,13,1
1547,KSG,8000,1,0.528409055972946,13,1
1548,InfoNCE,8000,1,0.868118202621406,25,1
1549,LMI,8000,1,0.9316039073508146,25,1
1550,MINE,8000,1,0.8483490548787025,25,1
1551,KSG,8000,1,0.2231347865215667,25,1
1552,InfoNCE,8000,1,0.8672177014614884,37,1
1553,LMI,8000,1,0.9449909068390514,37,1
1554,MINE,8000,1,0.8944803052849354,37,1
1555,KSG,8000,1,0.16389426298536636,37,1
1556,InfoNCE,8000,1,0.7776126765701548,50,1
1557,LMI,8000,1,0.8869534012990195,50,1
1558,MINE,8000,1,0.8494690918924466,50,1
1559,KSG,8000,1,0.11016463694124204,50,1
1560,InfoNCE,9000,1,0.97808872509731,1,1
1561,LMI,9000,1,0.9900303447857804,1,1
1562,MINE,9000,1,0.9476921674185156,1,1
1563,KSG,9000,1,0.9909896760379767,1,1
1564,InfoNCE,9000,1,0.94671633785752,13,1
1565,LMI,9000,1,0.947975854591517,13,1
1566,MINE,9000,1,0.935076122090498,13,1
1567,KSG,9000,1,0.5177045309541667,13,1
1568,InfoNCE,9000,1,0.9621445575011208,25,1
1569,LMI,9000,1,0.9830973748641186,25,1
1570,MINE,9000,1,0.8922526999996349,25,1
1571,KSG,9000,1,0.2777927400168989,25,1
1572,InfoNCE,9000,1,0.8903129076805533,37,1
1573,LMI,9000,1,0.9680679568024904,37,1
1574,MINE,9000,1,0.8599792096606491,37,1
1575,KSG,9000,1,0.18052526760410537,37,1
1576,InfoNCE,9000,1,0.8532458309053939,50,1
1577,LMI,9000,1,0.8972456899127105,50,1
1578,MINE,9000,1,0.8642786899408939,50,1
1579,KSG,9000,1,0.13849456361563808,50,1
1580,InfoNCE,10000,1,0.9994420910284364,1,1
1581,LMI,10000,1,1.0378654667144702,1,1
1582,MINE,10000,1,0.9967656970157094,1,1
1583,KSG,10000,1,1.019957922409304,1,1
1584,InfoNCE,10000,1,0.9576021517265323,13,1
1585,LMI,10000,1,0.966482065573704,13,1
1586,MINE,10000,1,0.8860406866504702,13,1
1587,KSG,10000,1,0.5159537658622918,13,1
1588,InfoNCE,10000,1,0.9375482867053254,25,1
1589,LMI,10000,1,0.9372741974312877,25,1
1590,MINE,10000,1,0.9101473228392593,25,1
1591,KSG,10000,1,0.285670040747674,25,1
1592,InfoNCE,10000,1,0.9035500683521619,37,1
1593,LMI,10000,1,0.9340003088590833,37,1
1594,MINE,10000,1,0.8901423868822228,37,1
1595,KSG,10000,1,0.19967138821964553,37,1
1596,InfoNCE,10000,1,0.8750374086309186,50,1
1597,LMI,10000,1,0.9025327423961006,50,1
1598,MINE,10000,1,0.891596930151895,50,1
1599,KSG,10000,1,0.1397412440195903,50,1
1600,InfoNCE,1000,1,0.9862145613852761,1,1
1601,LMI,1000,1,1.0997991139198697,1,1
1602,MINE,1000,1,1.0465006718881216,1,1
1603,KSG,1000,1,1.078396951699009,1,1
1604,InfoNCE,1000,1,-0.4029333371922502,13,1
1605,LMI,1000,1,0.8125290227082378,13,1
1606,MINE,1000,1,0.612610285557915,13,1
1607,KSG,1000,1,0.3420334265049696,13,1
1608,InfoNCE,1000,1,-1.932636464944519,25,1
1609,LMI,1000,1,0.8611119515008893,25,1
1610,MINE,1000,1,-0.5997922466064589,25,1
1611,KSG,1000,1,0.22814762573917102,25,1
1612,InfoNCE,1000,1,-3.647626821430343,37,1
1613,LMI,1000,1,0.8946257034160296,37,1
1614,MINE,1000,1,-1.765847690137767,37,1
1615,KSG,1000,1,0.07851705242296227,37,1
1616,InfoNCE,1000,1,-5.127778307816019,50,1
1617,LMI,1000,1,0.8739503444389305,50,1
1618,MINE,1000,1,-2.0574246686534607,50,1
1619,KSG,1000,1,0.14702758127698023,50,1
1620,InfoNCE,2000,1,1.0523611526989227,1,1
1621,LMI,2000,1,1.0723891300130557,1,1
1622,MINE,2000,1,1.0812238831059973,1,1
1623,KSG,2000,1,1.052050696386405,1,1
1624,InfoNCE,2000,1,0.5746820916498854,13,1
1625,LMI,2000,1,0.9650843714524471,13,1
1626,MINE,2000,1,0.7098644968203482,13,1
1627,KSG,2000,1,0.4333936274742404,13,1
1628,InfoNCE,2000,1,0.28164979594259065,25,1
1629,LMI,2000,1,0.8318974006638707,25,1
1630,MINE,2000,1,0.5789152726182226,25,1
1631,KSG,2000,1,0.21120834643149528,25,1
1632,InfoNCE,2000,1,0.08757838133356632,37,1
1633,LMI,2000,1,0.8733879379996674,37,1
1634,MINE,2000,1,0.8190627312025528,37,1
1635,KSG,2000,1,0.12894975497648778,37,1
1636,InfoNCE,2000,1,-0.41395054580652174,50,1
1637,LMI,2000,1,0.8998528492208988,50,1
1638,MINE,2000,1,-0.06615106286256899,50,1
1639,KSG,2000,1,0.08266821831516756,50,1
1640,InfoNCE,3000,1,0.9751436941839353,1,1
1641,LMI,3000,1,1.070257885600923,1,1
1642,MINE,3000,1,0.9949351136799256,1,1
1643,KSG,3000,1,1.019282503074153,1,1
1644,InfoNCE,3000,1,0.7752516987391102,13,1
1645,LMI,3000,1,1.021371950423822,13,1
1646,MINE,3000,1,0.8575283708945286,13,1
1647,KSG,3000,1,0.48449596028550407,13,1
1648,InfoNCE,3000,1,0.7663423094938132,25,1
1649,LMI,3000,1,0.8973781471468042,25,1
1650,MINE,3000,1,0.7793496153525437,25,1
1651,KSG,3000,1,0.2365821949652063,25,1
1652,InfoNCE,3000,1,0.09569802624610124,37,1
1653,LMI,3000,1,0.8934117247293204,37,1
1654,MINE,3000,1,0.6636172441161085,37,1
1655,KSG,3000,1,0.14323517584142553,37,1
1656,InfoNCE,3000,1,0.0624936798093205,50,1
1657,LMI,3000,1,0.8650126331767418,50,1
1658,MINE,3000,1,-0.007658387442920868,50,1
1659,KSG,3000,1,0.08712857695103461,50,1
1660,InfoNCE,4000,1,1.0130135859733223,1,1
1661,LMI,4000,1,1.061029634109466,1,1
1662,MINE,4000,1,1.0065884861197387,1,1
1663,KSG,4000,1,1.0229834054311273,1,1
1664,InfoNCE,4000,1,0.8195785071724904,13,1
1665,LMI,4000,1,0.8582269134315056,13,1
1666,MINE,4000,1,0.7596705865188922,13,1
1667,KSG,4000,1,0.46721654879014435,13,1
1668,InfoNCE,4000,1,0.6150010163875588,25,1
1669,LMI,4000,1,0.9227094143976527,25,1
1670,MINE,4000,1,0.746942408502512,25,1
1671,KSG,4000,1,0.22525336942851115,25,1
1672,InfoNCE,4000,1,0.7568640016394621,37,1
1673,LMI,4000,1,0.9037344005698351,37,1
1674,MINE,4000,1,0.8176524734654779,37,1
1675,KSG,4000,1,0.18950408425005796,37,1
1676,InfoNCE,4000,1,0.5921796065486675,50,1
1677,LMI,4000,1,0.9061129729672995,50,1
1678,MINE,4000,1,0.9150018771251638,50,1
1679,KSG,4000,1,0.12839653730727937,50,1
1680,InfoNCE,5000,1,0.9844438280119926,1,1
1681,LMI,5000,1,1.0447339025416256,1,1
1682,MINE,5000,1,0.9462267032505136,1,1
1683,KSG,5000,1,1.0112821298044063,1,1
1684,InfoNCE,5000,1,0.9041148593775954,13,1
1685,LMI,5000,1,0.9349694548781164,13,1
1686,MINE,5000,1,0.900946251018099,13,1
1687,KSG,5000,1,0.4939271011568528,13,1
1688,InfoNCE,5000,1,0.8143598656147093,25,1
1689,LMI,5000,1,0.9465204093790253,25,1
1690,MINE,5000,1,0.9016699540129297,25,1
1691,KSG,5000,1,0.24277256064328667,25,1
1692,InfoNCE,5000,1,0.7443044526122529,37,1
1693,LMI,5000,1,0.9572372714111727,37,1
1694,MINE,5000,1,0.8446245126002921,37,1
1695,KSG,5000,1,0.12994114510211072,37,1
1696,InfoNCE,5000,1,0.6686589155261516,50,1
1697,LMI,5000,1,0.9576199330163631,50,1
1698,MINE,5000,1,0.8290893197478546,50,1
1699,KSG,5000,1,0.1250795919402817,50,1
1700,InfoNCE,6000,1,0.9914001822740914,1,1
1701,LMI,6000,1,1.0119913428792406,1,1
1702,MINE,6000,1,0.9942783119362806,1,1
1703,KSG,6000,1,0.9870869216974418,1,1
1704,InfoNCE,6000,1,0.9700935956239998,13,1
1705,LMI,6000,1,0.9818094187814588,13,1
1706,MINE,6000,1,0.9541785790871318,13,1
1707,KSG,6000,1,0.5037145627266287,13,1
1708,InfoNCE,6000,1,0.8670058188356254,25,1
1709,LMI,6000,1,0.9577276950073643,25,1
1710,MINE,6000,1,0.8615075334875414,25,1
1711,KSG,6000,1,0.25291089810945233,25,1
1712,InfoNCE,6000,1,0.8439470729385435,37,1
1713,LMI,6000,1,0.9488976806433377,37,1
1714,MINE,6000,1,0.877039544660938,37,1
1715,KSG,6000,1,0.18255473799668312,37,1
1716,InfoNCE,6000,1,0.6398511335760277,50,1
1717,LMI,6000,1,0.8340457508993556,50,1
1718,MINE,6000,1,0.8344158804190521,50,1
1719,KSG,6000,1,0.1315450146040298,50,1
1720,InfoNCE,7000,1,0.9948687283766926,1,1
1721,LMI,7000,1,0.9912512310121034,1,1
1722,MINE,7000,1,1.0143909090327572,1,1
1723,KSG,7000,1,0.9692832583831158,1,1
1724,InfoNCE,7000,1,0.9534456750204799,13,1
1725,LMI,7000,1,0.9696317037279407,13,1
1726,MINE,7000,1,0.9452774450090763,13,1
1727,KSG,7000,1,0.5021001430643687,13,1
1728,InfoNCE,7000,1,0.9180998006151555,25,1
1729,LMI,7000,1,0.9957198684844443,25,1
1730,MINE,7000,1,0.9540908679351918,25,1
1731,KSG,7000,1,0.2557304298972776,25,1
1732,InfoNCE,7000,1,0.8596091889873178,37,1
1733,LMI,7000,1,0.9405158243041284,37,1
1734,MINE,7000,1,0.9011921002175074,37,1
1735,KSG,7000,1,0.18856977767671593,37,1
1736,InfoNCE,7000,1,0.7670832107537302,50,1
1737,LMI,7000,1,0.9267687444546131,50,1
1738,MINE,7000,1,0.8306851467652105,50,1
1739,KSG,7000,1,0.15605435519501537,50,1
1740,InfoNCE,8000,1,1.0007326488405108,1,1
1741,LMI,8000,1,1.0432337725698253,1,1
1742,MINE,8000,1,0.9716355920716357,1,1
1743,KSG,8000,1,1.024905597655918,1,1
1744,InfoNCE,8000,1,0.963516979055006,13,1
1745,LMI,8000,1,0.9752256379353045,13,1
1746,MINE,8000,1,0.9275609102044203,13,1
1747,KSG,8000,1,0.5122100133277964,13,1
1748,InfoNCE,8000,1,0.913650265472033,25,1
1749,LMI,8000,1,0.9433604844473467,25,1
1750,MINE,8000,1,0.915820772517247,25,1
1751,KSG,8000,1,0.27125775243835837,25,1
1752,InfoNCE,8000,1,0.8920492445236642,37,1
1753,LMI,8000,1,0.8704267640520528,37,1
1754,MINE,8000,1,0.8918462190043206,37,1
1755,KSG,8000,1,0.17240390295166527,37,1
1756,InfoNCE,8000,1,0.792568975819788,50,1
1757,LMI,8000,1,0.9556301256487302,50,1
1758,MINE,8000,1,0.851189778314329,50,1
1759,KSG,8000,1,0.14841997518570615,50,1
1760,InfoNCE,9000,1,1.0170888868681676,1,1
1761,LMI,9000,1,1.028359173189707,1,1
1762,MINE,9000,1,1.0168984160823369,1,1
1763,KSG,9000,1,1.0227435393306097,1,1
1764,InfoNCE,9000,1,0.9637673857946623,13,1
1765,LMI,9000,1,1.016887303619613,13,1
1766,MINE,9000,1,0.9233854294154477,13,1
1767,KSG,9000,1,0.5182274050472447,13,1
1768,InfoNCE,9000,1,0.8889274154452025,25,1
1769,LMI,9000,1,0.9481427055890101,25,1
1770,MINE,9000,1,0.8129885619480547,25,1
1771,KSG,9000,1,0.2672768192246115,25,1
1772,InfoNCE,9000,1,0.9004268634124933,37,1
1773,LMI,9000,1,0.959281535716919,37,1
1774,MINE,9000,1,0.9126615372122227,37,1
1775,KSG,9000,1,0.17801152075977728,37,1
1776,InfoNCE,9000,1,0.824605904022512,50,1
1777,LMI,9000,1,0.9319216522368436,50,1
1778,MINE,9000,1,0.8350497224788069,50,1
1779,KSG,9000,1,0.13975490900318213,50,1
1780,InfoNCE,10000,1,0.9591410524864528,1,1
1781,LMI,10000,1,1.0266636671630949,1,1
1782,MINE,10000,1,0.9658554271587876,1,1
1783,KSG,10000,1,0.9926804655342225,1,1
1784,InfoNCE,10000,1,0.9574260414920488,13,1
1785,LMI,10000,1,0.9764472073546098,13,1
1786,MINE,10000,1,0.9391307850672395,13,1
1787,KSG,10000,1,0.5124921967520749,13,1
1788,InfoNCE,10000,1,0.9386166429324851,25,1
1789,LMI,10000,1,0.9685270785224211,25,1
1790,MINE,10000,1,0.8912659495403095,25,1
1791,KSG,10000,1,0.27967911100679743,25,1
1792,InfoNCE,10000,1,0.9072552625823502,37,1
1793,LMI,10000,1,0.9160981112181033,37,1
1794,MINE,10000,1,0.851869109785237,37,1
1795,KSG,10000,1,0.1818779539484468,37,1
1796,InfoNCE,10000,1,0.8673628548188166,50,1
1797,LMI,10000,1,0.91733865110683,50,1
1798,MINE,10000,1,0.8974436523506271,50,1
1799,KSG,10000,1,0.12089555010498161,50,1
1800,InfoNCE,1000,1,0.9504669355075361,1,1
1801,LMI,1000,1,0.9928499445351529,1,1
1802,MINE,1000,1,0.9923343060422528,1,1
1803,KSG,1000,1,0.9434013506778551,1,1
1804,InfoNCE,1000,1,-2.2807155916787747,13,1
1805,LMI,1000,1,1.038474783216594,13,1
1806,MINE,1000,1,0.7652816924859422,13,1
1807,KSG,1000,1,0.4021107588523814,13,1
1808,InfoNCE,1000,1,-1.2987785827857583,25,1
1809,LMI,1000,1,1.0307179544324419,25,1
1810,MINE,1000,1,-0.7107184766732075,25,1
1811,KSG,1000,1,0.21961836354026507,25,1
1812,InfoNCE,1000,1,-2.7402188382540267,37,1
1813,LMI,1000,1,0.6872073492467151,37,1
1814,MINE,1000,1,0.21297488767860995,37,1
1815,KSG,1000,1,0.12718205581146622,37,1
1816,InfoNCE,1000,1,-4.792029649218024,50,1
1817,LMI,1000,1,0.6921562963710512,50,1
1818,MINE,1000,1,-0.32716190880571744,50,1
1819,KSG,1000,1,0.08484789307128114,50,1
1820,InfoNCE,2000,1,0.9567374229579941,1,1
1821,LMI,2000,1,0.9674666259045503,1,1
1822,MINE,2000,1,0.9482239377749834,1,1
1823,KSG,2000,1,1.0149701652549101,1,1
1824,InfoNCE,2000,1,0.5872911716805431,13,1
1825,LMI,2000,1,0.9511553442991642,13,1
1826,MINE,2000,1,0.8624174936932566,13,1
1827,KSG,2000,1,0.4061168946503979,13,1
1828,InfoNCE,2000,1,0.19612557539092973,25,1
1829,LMI,2000,1,0.882226525441965,25,1
1830,MINE,2000,1,0.5472209338560173,25,1
1831,KSG,2000,1,0.21223485769423592,25,1
1832,InfoNCE,2000,1,-0.2925651908275514,37,1
1833,LMI,2000,1,0.9156334602642043,37,1
1834,MINE,2000,1,0.43242389026629946,37,1
1835,KSG,2000,1,0.09971827461477883,37,1
1836,InfoNCE,2000,1,-0.6427576403756092,50,1
1837,LMI,2000,1,0.888718049297928,50,1
1838,MINE,2000,1,0.09019544133174567,50,1
1839,KSG,2000,1,0.09934838689356584,50,1
1840,InfoNCE,3000,1,1.0067719916082094,1,1
1841,LMI,3000,1,1.0087773160949771,1,1
1842,MINE,3000,1,1.001561089269717,1,1
1843,KSG,3000,1,1.0113541789384621,1,1
1844,InfoNCE,3000,1,0.7711323702856441,13,1
1845,LMI,3000,1,1.030277792134512,13,1
1846,MINE,3000,1,0.9415024258226377,13,1
1847,KSG,3000,1,0.4258787002652016,13,1
1848,InfoNCE,3000,1,0.6626525934274189,25,1
1849,LMI,3000,1,0.9864310947155276,25,1
1850,MINE,3000,1,0.8245479458691712,25,1
1851,KSG,3000,1,0.25958301539468753,25,1
1852,InfoNCE,3000,1,0.5675578823205444,37,1
1853,LMI,3000,1,0.8886430319518943,37,1
1854,MINE,3000,1,0.7988716240259573,37,1
1855,KSG,3000,1,0.11626339382618828,37,1
1856,InfoNCE,3000,1,0.12356059154708314,50,1
1857,LMI,3000,1,0.8042345363218856,50,1
1858,MINE,3000,1,0.7435083449214089,50,1
1859,KSG,3000,1,0.10823390305960218,50,1
1860,InfoNCE,4000,1,0.9878298224421795,1,1
1861,LMI,4000,1,1.005462527885156,1,1
1862,MINE,4000,1,0.9921699766193534,1,1
1863,KSG,4000,1,1.0355136203705986,1,1
1864,InfoNCE,4000,1,0.8812157133805141,13,1
1865,LMI,4000,1,0.9694189388198072,13,1
1866,MINE,4000,1,0.8763384573846957,13,1
1867,KSG,4000,1,0.46144198865548947,13,1
1868,InfoNCE,4000,1,0.620049051155684,25,1
1869,LMI,4000,1,0.9415486204988404,25,1
1870,MINE,4000,1,0.8065719752356888,25,1
1871,KSG,4000,1,0.221279590307701,25,1
1872,InfoNCE,4000,1,0.7146821608276427,37,1
1873,LMI,4000,1,0.958755184442397,37,1
1874,MINE,4000,1,0.875454896515888,37,1
1875,KSG,4000,1,0.15290879664596216,37,1
1876,InfoNCE,4000,1,0.3651143522675186,50,1
1877,LMI,4000,1,0.9211277287593388,50,1
1878,MINE,4000,1,0.751266224327854,50,1
1879,KSG,4000,1,0.11119116580523224,50,1
1880,InfoNCE,5000,1,0.9392467873652465,1,1
1881,LMI,5000,1,0.9617903454939533,1,1
1882,MINE,5000,1,0.9117395382209471,1,1
1883,KSG,5000,1,0.9782186079947452,1,1
1884,InfoNCE,5000,1,0.9051350604625136,13,1
1885,LMI,5000,1,1.013957178045803,13,1
1886,MINE,5000,1,0.9684251059366543,13,1
1887,KSG,5000,1,0.47801811450522347,13,1
1888,InfoNCE,5000,1,0.8851341660977724,25,1
1889,LMI,5000,1,0.9526827665681994,25,1
1890,MINE,5000,1,0.8362395844488013,25,1
1891,KSG,5000,1,0.28339173914812543,25,1
1892,InfoNCE,5000,1,0.6933253552434991,37,1
1893,LMI,5000,1,0.9356968175960083,37,1
1894,MINE,5000,1,0.7415303724538358,37,1
1895,KSG,5000,1,0.1648021522560679,37,1
1896,InfoNCE,5000,1,0.5912281985240945,50,1
1897,LMI,5000,1,0.8983545226135635,50,1
1898,MINE,5000,1,0.7845581959252492,50,1
1899,KSG,5000,1,0.1353429750034319,50,1
1900,InfoNCE,6000,1,0.9591499955842976,1,1
1901,LMI,6000,1,1.0056770330435454,1,1
1902,MINE,6000,1,0.930469652778463,1,1
1903,KSG,6000,1,0.9895256311576027,1,1
1904,InfoNCE,6000,1,0.8821320369443112,13,1
1905,LMI,6000,1,0.9163752172584253,13,1
1906,MINE,6000,1,0.8293490135506575,13,1
1907,KSG,6000,1,0.4659301142180173,13,1
1908,InfoNCE,6000,1,0.9147399475478997,25,1
1909,LMI,6000,1,0.9430225813245154,25,1
1910,MINE,6000,1,0.8695607930968433,25,1
1911,KSG,6000,1,0.27020295402674493,25,1
1912,InfoNCE,6000,1,0.7942530299370366,37,1
1913,LMI,6000,1,0.9185274379257176,37,1
1914,MINE,6000,1,0.8378202769928814,37,1
1915,KSG,6000,1,0.1973839728273093,37,1
1916,InfoNCE,6000,1,0.7234649708419046,50,1
1917,LMI,6000,1,0.8725815057583622,50,1
1918,MINE,6000,1,0.7283345736097596,50,1
1919,KSG,6000,1,0.08118665126949862,50,1
1920,InfoNCE,7000,1,0.99555390725773,1,1
1921,LMI,7000,1,1.0490230200425417,1,1
1922,MINE,7000,1,0.9912435060791555,1,1
1923,KSG,7000,1,1.0076243195511172,1,1
1924,InfoNCE,7000,1,0.9357754895402315,13,1
1925,LMI,7000,1,0.9655036178973527,13,1
1926,MINE,7000,1,0.8914039656176269,13,1
1927,KSG,7000,1,0.5013140710771969,13,1
1928,InfoNCE,7000,1,0.8665256432744165,25,1
1929,LMI,7000,1,0.9577030985642292,25,1
1930,MINE,7000,1,0.8571709049547103,25,1
1931,KSG,7000,1,0.23914750252964384,25,1
1932,InfoNCE,7000,1,0.7733433792451364,37,1
1933,LMI,7000,1,0.9615354562916959,37,1
1934,MINE,7000,1,0.8176458521334196,37,1
1935,KSG,7000,1,0.1582275003499509,37,1
1936,InfoNCE,7000,1,0.8805594275848216,50,1
1937,LMI,7000,1,0.9278045360648237,50,1
1938,MINE,7000,1,0.8275286631826,50,1
1939,KSG,7000,1,0.12095573396522206,50,1
1940,InfoNCE,8000,1,1.024712533815614,1,1
1941,LMI,8000,1,1.032912934318473,1,1
1942,MINE,8000,1,1.001629452373435,1,1
1943,KSG,8000,1,1.0563662432342877,1,1
1944,InfoNCE,8000,1,0.9051378121849274,13,1
1945,LMI,8000,1,0.9520714096521531,13,1
1946,MINE,8000,1,0.9435342288599309,13,1
1947,KSG,8000,1,0.49154001041588846,13,1
1948,InfoNCE,8000,1,0.8825736883917269,25,1
1949,LMI,8000,1,0.978716641593175,25,1
1950,MINE,8000,1,0.8748265579009608,25,1
1951,KSG,8000,1,0.25948543047757544,25,1
1952,InfoNCE,8000,1,0.8469127417700217,37,1
1953,LMI,8000,1,0.9152156558196392,37,1
1954,MINE,8000,1,0.8979433479427089,37,1
1955,KSG,8000,1,0.1739516373682906,37,1
1956,InfoNCE,8000,1,0.8366137327057533,50,1
1957,LMI,8000,1,0.915440015018588,50,1
1958,MINE,8000,1,0.9156060521776448,50,1
1959,KSG,8000,1,0.1586647218233712,50,1
1960,InfoNCE,9000,1,1.0117815022625412,1,1
1961,LMI,9000,1,1.0227927912807122,1,1
1962,MINE,9000,1,1.0387071060816224,1,1
1963,KSG,9000,1,1.0176165844755956,1,1
1964,InfoNCE,9000,1,0.9140203721366897,13,1
1965,LMI,9000,1,0.984849082466081,13,1
1966,MINE,9000,1,0.8871337223880288,13,1
1967,KSG,9000,1,0.5008435479443819,13,1
1968,InfoNCE,9000,1,0.9439143965096631,25,1
1969,LMI,9000,1,1.0057269758461354,25,1
1970,MINE,9000,1,0.8917600556962384,25,1
1971,KSG,9000,1,0.274667487783183,25,1
1972,InfoNCE,9000,1,0.8547235058416071,37,1
1973,LMI,9000,1,0.915474618218419,37,1
1974,MINE,9000,1,0.8628285322288186,37,1
1975,KSG,9000,1,0.20390176712859198,37,1
1976,InfoNCE,9000,1,0.8707811819873658,50,1
1977,LMI,9000,1,0.9318250782744149,50,1
1978,MINE,9000,1,0.8784897023730132,50,1
1979,KSG,9000,1,0.13021168954049628,50,1
1980,InfoNCE,10000,1,0.9856339479559633,1,1
1981,LMI,10000,1,1.0444820223251843,1,1
1982,MINE,10000,1,0.9962693550853193,1,1
1983,KSG,10000,1,1.0152538580432737,1,1
1984,InfoNCE,10000,1,0.9168326324435984,13,1
1985,LMI,10000,1,0.9872874656374708,13,1
1986,MINE,10000,1,0.8797232479363267,13,1
1987,KSG,10000,1,0.5152352165328383,13,1
1988,InfoNCE,10000,1,0.9037571354638008,25,1
1989,LMI,10000,1,0.9028248363422423,25,1
1990,MINE,10000,1,0.8973255002694843,25,1
1991,KSG,10000,1,0.27963475981410674,25,1
1992,InfoNCE,10000,1,0.8963102866814411,37,1
1993,LMI,10000,1,0.9513696318685606,37,1
1994,MINE,10000,1,0.8574685209320284,37,1
1995,KSG,10000,1,0.1931239161497855,37,1
1996,InfoNCE,10000,1,0.9257605958151884,50,1
1997,LMI,10000,1,0.9536395609914691,50,1
1998,MINE,10000,1,0.850119788251986,50,1
1999,KSG,10000,1,0.138491980230511,50,1
