,Estimate,True MI,Regularizer,Alpha,Lambda,Time
0,0.04972978554190007,0.0,models.AECross,1,0,2.198864221572876
1,-0.009506833739374805,0.0,models.AECross,0,1,0.5954482555389404
2,-0.018841043690791773,0.0,models.AECross,1,1,1.895094871520996
3,0.004162238885958544,0.0,models.AEMINE,1,0,2.0002386569976807
4,0.046902785070243154,0.0,models.AEMINE,0,1,0.2857542037963867
5,0.013933229070074611,0.0,models.AEMINE,1,1,1.8687446117401123
6,0.1228341675172151,0.0,models.AEInfoNCE,1,0,1.9650108814239502
7,-0.008160078202732325,0.0,models.AEInfoNCE,0,1,0.3469057083129883
8,-0.03402224102014918,0.0,models.AEInfoNCE,1,1,1.7243077754974365
9,-0.011479170766160384,0.010101010101010102,models.AECross,1,0,1.952749252319336
10,-0.04024886070115904,0.010101010101010102,models.AECross,0,1,0.40529298782348633
11,0.0812410641877638,0.010101010101010102,models.AECross,1,1,1.938643217086792
12,0.09713716657755893,0.010101010101010102,models.AEMINE,1,0,1.9252994060516357
13,0.04329909899581298,0.010101010101010102,models.AEMINE,0,1,0.47060179710388184
14,-0.007772302490412301,0.010101010101010102,models.AEMINE,1,1,1.8247506618499756
15,-0.04069648144848471,0.010101010101010102,models.AEInfoNCE,1,0,1.9386482238769531
16,0.03336098322184495,0.010101010101010102,models.AEInfoNCE,0,1,1.0187647342681885
17,0.0321304987361551,0.010101010101010102,models.AEInfoNCE,1,1,1.9543797969818115
18,0.038436335281936095,0.020202020202020204,models.AECross,1,0,1.970820426940918
19,-0.0023130725563174355,0.020202020202020204,models.AECross,0,1,0.8923068046569824
20,0.00835382622987714,0.020202020202020204,models.AECross,1,1,1.9806220531463623
21,0.10621569828475887,0.020202020202020204,models.AEMINE,1,0,1.8990716934204102
22,0.05366795549264751,0.020202020202020204,models.AEMINE,0,1,0.5132477283477783
23,0.06421437158406562,0.020202020202020204,models.AEMINE,1,1,1.87272047996521
24,-0.03666070127520133,0.020202020202020204,models.AEInfoNCE,1,0,1.9433605670928955
25,-0.026267910281050407,0.020202020202020204,models.AEInfoNCE,0,1,0.9350690841674805
26,-0.09604989830841802,0.020202020202020204,models.AEInfoNCE,1,1,1.9805097579956055
27,0.019202617870289904,0.030303030303030304,models.AECross,1,0,1.9549286365509033
28,-0.0049099367495913085,0.030303030303030304,models.AECross,0,1,1.1934247016906738
29,-0.0193303086451019,0.030303030303030304,models.AECross,1,1,1.997283935546875
30,0.05128337993362214,0.030303030303030304,models.AEMINE,1,0,1.9109833240509033
31,-0.0042247028849875645,0.030303030303030304,models.AEMINE,0,1,0.7767472267150879
32,0.06270826451989474,0.030303030303030304,models.AEMINE,1,1,1.9000823497772217
33,-0.0011871401855897475,0.030303030303030304,models.AEInfoNCE,1,0,1.9849269390106201
34,0.07410202256066407,0.030303030303030304,models.AEInfoNCE,0,1,0.913170576095581
35,0.06466182636469317,0.030303030303030304,models.AEInfoNCE,1,1,1.9693455696105957
36,0.059238889226755485,0.04040404040404041,models.AECross,1,0,1.9770007133483887
37,-0.012271953468946765,0.04040404040404041,models.AECross,0,1,0.8289062976837158
38,-0.03305735986045562,0.04040404040404041,models.AECross,1,1,1.9847383499145508
39,-0.004403256429870789,0.04040404040404041,models.AEMINE,1,0,1.8990905284881592
40,-0.038170446476646046,0.04040404040404041,models.AEMINE,0,1,0.36004161834716797
41,0.021410456809032915,0.04040404040404041,models.AEMINE,1,1,1.8703198432922363
42,0.05607042375385933,0.04040404040404041,models.AEInfoNCE,1,0,1.9439194202423096
43,0.05489022350213229,0.04040404040404041,models.AEInfoNCE,0,1,1.4272425174713135
44,0.13115402565461698,0.04040404040404041,models.AEInfoNCE,1,1,2.0998876094818115
45,0.09581098717901683,0.05050505050505051,models.AECross,1,0,1.9632980823516846
46,0.034438300578255816,0.05050505050505051,models.AECross,0,1,1.3527846336364746
47,0.06770658192311212,0.05050505050505051,models.AECross,1,1,1.9485909938812256
48,0.060457809602734475,0.05050505050505051,models.AEMINE,1,0,1.9036831855773926
49,0.05626123158467491,0.05050505050505051,models.AEMINE,0,1,0.5831882953643799
50,0.059923496858351626,0.05050505050505051,models.AEMINE,1,1,1.889742374420166
51,0.09158193101797858,0.05050505050505051,models.AEInfoNCE,1,0,1.9683821201324463
52,0.14225095409081467,0.05050505050505051,models.AEInfoNCE,0,1,1.6487879753112793
53,-0.020777057066486783,0.05050505050505051,models.AEInfoNCE,1,1,1.9870414733886719
54,0.02571842196159691,0.06060606060606061,models.AECross,1,0,1.9904508590698242
55,-0.038196966420068264,0.06060606060606061,models.AECross,0,1,1.2707750797271729
56,0.07469341760239998,0.06060606060606061,models.AECross,1,1,1.9784307479858398
57,0.02485662155121352,0.06060606060606061,models.AEMINE,1,0,1.907806396484375
58,0.046541241450833125,0.06060606060606061,models.AEMINE,0,1,0.387420654296875
59,-0.025295138813899783,0.06060606060606061,models.AEMINE,1,1,1.882951021194458
60,0.09210181452048949,0.06060606060606061,models.AEInfoNCE,1,0,1.965318202972412
61,0.07142211237760454,0.06060606060606061,models.AEInfoNCE,0,1,1.2250590324401855
62,0.049890618243251375,0.06060606060606061,models.AEInfoNCE,1,1,1.9756109714508057
63,0.09679535191310161,0.07070707070707072,models.AECross,1,0,1.9789338111877441
64,0.09481932727329391,0.07070707070707072,models.AECross,0,1,1.1980865001678467
65,-0.0017571793218940162,0.07070707070707072,models.AECross,1,1,1.9697728157043457
66,0.06684607819152122,0.07070707070707072,models.AEMINE,1,0,1.8859162330627441
67,0.09333969962560414,0.07070707070707072,models.AEMINE,0,1,0.45444178581237793
68,0.08192965766346705,0.07070707070707072,models.AEMINE,1,1,1.8780450820922852
69,0.029452014106833332,0.07070707070707072,models.AEInfoNCE,1,0,1.9372634887695312
70,0.02480585110727957,0.07070707070707072,models.AEInfoNCE,0,1,1.3130593299865723
71,0.08567178643789942,0.07070707070707072,models.AEInfoNCE,1,1,1.9521572589874268
72,0.018001572325420226,0.08080808080808081,models.AECross,1,0,1.980715274810791
73,0.018830304794376522,0.08080808080808081,models.AECross,0,1,1.351370096206665
74,0.09166014470300218,0.08080808080808081,models.AECross,1,1,1.9605200290679932
75,0.02969705007459031,0.08080808080808081,models.AEMINE,1,0,1.902273178100586
76,-0.01794385365407153,0.08080808080808081,models.AEMINE,0,1,0.9286119937896729
77,0.06865872395850543,0.08080808080808081,models.AEMINE,1,1,1.9056494235992432
78,0.0014862115197429517,0.08080808080808081,models.AEInfoNCE,1,0,1.9849722385406494
79,0.014935948653382259,0.08080808080808081,models.AEInfoNCE,0,1,1.4865479469299316
80,0.0766781471875265,0.08080808080808081,models.AEInfoNCE,1,1,1.9670546054840088
81,0.08311518574135932,0.09090909090909091,models.AECross,1,0,1.9925265312194824
82,0.08223001098035174,0.09090909090909091,models.AECross,0,1,1.5914957523345947
83,0.1167318818138265,0.09090909090909091,models.AECross,1,1,1.9807941913604736
84,0.025482351991734375,0.09090909090909091,models.AEMINE,1,0,1.9093611240386963
85,0.05877410656302649,0.09090909090909091,models.AEMINE,0,1,0.6093337535858154
86,0.08479301857666581,0.09090909090909091,models.AEMINE,1,1,1.8982746601104736
87,0.16374943562027217,0.09090909090909091,models.AEInfoNCE,1,0,1.970546007156372
88,0.1410549097647582,0.09090909090909091,models.AEInfoNCE,0,1,1.4211266040802002
89,0.07308839273511131,0.09090909090909091,models.AEInfoNCE,1,1,1.9489185810089111
90,0.21179023874888642,0.10101010101010102,models.AECross,1,0,1.9935646057128906
91,0.07512143311902382,0.10101010101010102,models.AECross,0,1,1.3315773010253906
92,0.20797883562013322,0.10101010101010102,models.AECross,1,1,1.9595234394073486
93,0.16049160971448878,0.10101010101010102,models.AEMINE,1,0,1.9260177612304688
94,0.21927652940273848,0.10101010101010102,models.AEMINE,0,1,1.2191576957702637
95,0.08569991905144393,0.10101010101010102,models.AEMINE,1,1,1.8774847984313965
96,0.1398939398059486,0.10101010101010102,models.AEInfoNCE,1,0,1.9525880813598633
97,0.10252044381773613,0.10101010101010102,models.AEInfoNCE,0,1,1.589362621307373
98,0.09596840483403116,0.10101010101010102,models.AEInfoNCE,1,1,1.9027824401855469
99,0.19064680102274792,0.11111111111111112,models.AECross,1,0,1.9710545539855957
100,0.143275014439473,0.11111111111111112,models.AECross,0,1,1.5616424083709717
101,0.04958073441937957,0.11111111111111112,models.AECross,1,1,1.977778434753418
102,0.0712250209313478,0.11111111111111112,models.AEMINE,1,0,1.883101463317871
103,0.07077009913207936,0.11111111111111112,models.AEMINE,0,1,1.1965723037719727
104,0.1686214989827238,0.11111111111111112,models.AEMINE,1,1,1.8715906143188477
105,0.10270153239051123,0.11111111111111112,models.AEInfoNCE,1,0,1.9701080322265625
106,0.11709720592344594,0.11111111111111112,models.AEInfoNCE,0,1,0.8617990016937256
107,0.09139116272400344,0.11111111111111112,models.AEInfoNCE,1,1,1.9510471820831299
108,0.20577023271674308,0.12121212121212122,models.AECross,1,0,1.9793708324432373
109,0.16906016614114167,0.12121212121212122,models.AECross,0,1,1.5078625679016113
110,0.10809008622780616,0.12121212121212122,models.AECross,1,1,1.9798667430877686
111,0.13411475976100096,0.12121212121212122,models.AEMINE,1,0,1.9204046726226807
112,0.11493733772292854,0.12121212121212122,models.AEMINE,0,1,1.1590662002563477
113,0.05158583934264425,0.12121212121212122,models.AEMINE,1,1,1.8865585327148438
114,0.14939628760516147,0.12121212121212122,models.AEInfoNCE,1,0,1.9668030738830566
115,0.11264203218432214,0.12121212121212122,models.AEInfoNCE,0,1,1.1005597114562988
116,0.17672382424883082,0.12121212121212122,models.AEInfoNCE,1,1,1.9748384952545166
117,0.14587517163616215,0.13131313131313133,models.AECross,1,0,1.9863083362579346
118,0.09896021107298256,0.13131313131313133,models.AECross,0,1,1.53495454788208
119,0.1476255110750821,0.13131313131313133,models.AECross,1,1,1.9761338233947754
120,0.10785076948166651,0.13131313131313133,models.AEMINE,1,0,1.8727478981018066
121,0.1448879623854451,0.13131313131313133,models.AEMINE,0,1,0.9105217456817627
122,0.06502772605330862,0.13131313131313133,models.AEMINE,1,1,1.8797471523284912
123,0.10335975419545243,0.13131313131313133,models.AEInfoNCE,1,0,1.9541664123535156
124,0.022209517696647228,0.13131313131313133,models.AEInfoNCE,0,1,0.35259008407592773
125,0.05110238338304224,0.13131313131313133,models.AEInfoNCE,1,1,1.9467942714691162
126,0.05282880855498279,0.14141414141414144,models.AECross,1,0,1.9694633483886719
127,0.08969663011712627,0.14141414141414144,models.AECross,0,1,1.3877403736114502
128,0.056866731495612985,0.14141414141414144,models.AECross,1,1,1.9825522899627686
129,0.09322541008543017,0.14141414141414144,models.AEMINE,1,0,1.912367582321167
130,0.057932009594614545,0.14141414141414144,models.AEMINE,0,1,0.8976178169250488
131,0.10882669488756164,0.14141414141414144,models.AEMINE,1,1,1.895463228225708
132,0.1750581653509342,0.14141414141414144,models.AEInfoNCE,1,0,1.9617819786071777
133,0.040278796259336176,0.14141414141414144,models.AEInfoNCE,0,1,1.427304983139038
134,0.13162064423040962,0.14141414141414144,models.AEInfoNCE,1,1,1.9750118255615234
135,0.21976159700464326,0.15151515151515152,models.AECross,1,0,1.9674999713897705
136,0.1493552664421494,0.15151515151515152,models.AECross,0,1,1.573312759399414
137,0.21545094845546262,0.15151515151515152,models.AECross,1,1,1.9707310199737549
138,0.1714082676520619,0.15151515151515152,models.AEMINE,1,0,2.0566067695617676
139,0.08201306563164791,0.15151515151515152,models.AEMINE,0,1,1.3809833526611328
140,0.1775199439693243,0.15151515151515152,models.AEMINE,1,1,1.8820767402648926
141,0.19493732301281527,0.15151515151515152,models.AEInfoNCE,1,0,1.9622328281402588
142,0.05094592511125655,0.15151515151515152,models.AEInfoNCE,0,1,1.9876422882080078
143,0.09467019155712074,0.15151515151515152,models.AEInfoNCE,1,1,1.9652087688446045
144,0.18910802802295024,0.16161616161616163,models.AECross,1,0,1.9674031734466553
145,0.22107203286754457,0.16161616161616163,models.AECross,0,1,1.5278897285461426
146,0.30605907032274887,0.16161616161616163,models.AECross,1,1,1.9999566078186035
147,0.15776685027314707,0.16161616161616163,models.AEMINE,1,0,1.9110565185546875
148,0.13857842944255228,0.16161616161616163,models.AEMINE,0,1,1.883453607559204
149,0.1432818896016135,0.16161616161616163,models.AEMINE,1,1,1.8833613395690918
150,0.17691058920549899,0.16161616161616163,models.AEInfoNCE,1,0,1.6533470153808594
151,0.2002849082855144,0.16161616161616163,models.AEInfoNCE,0,1,1.2265448570251465
152,0.08830993270820015,0.16161616161616163,models.AEInfoNCE,1,1,1.496462106704712
153,0.1455614593465287,0.17171717171717174,models.AECross,1,0,1.5245513916015625
154,0.13216085771603944,0.17171717171717174,models.AECross,0,1,1.173572301864624
155,0.17513316400877077,0.17171717171717174,models.AECross,1,1,1.5046193599700928
156,0.09000847133296273,0.17171717171717174,models.AEMINE,1,0,1.350895643234253
157,0.10065176443309792,0.17171717171717174,models.AEMINE,0,1,1.1297755241394043
158,0.19300067527136106,0.17171717171717174,models.AEMINE,1,1,1.3264873027801514
159,0.06760629432355969,0.17171717171717174,models.AEInfoNCE,1,0,1.4923534393310547
160,0.11104950263013004,0.17171717171717174,models.AEInfoNCE,0,1,0.9466643333435059
161,0.1440257397389052,0.17171717171717174,models.AEInfoNCE,1,1,1.4939563274383545
162,0.13040040128743613,0.18181818181818182,models.AECross,1,0,1.5172533988952637
163,0.24697720490867814,0.18181818181818182,models.AECross,0,1,1.1009304523468018
164,0.18879340182363297,0.18181818181818182,models.AECross,1,1,1.5040266513824463
165,0.19935758317618532,0.18181818181818182,models.AEMINE,1,0,1.3496372699737549
166,0.11411173171064608,0.18181818181818182,models.AEMINE,0,1,0.8579990863800049
167,0.21863237393836785,0.18181818181818182,models.AEMINE,1,1,1.331620454788208
168,0.15399890981729755,0.18181818181818182,models.AEInfoNCE,1,0,1.4859964847564697
169,0.1456401845037291,0.18181818181818182,models.AEInfoNCE,0,1,1.173948049545288
170,0.16414390617682137,0.18181818181818182,models.AEInfoNCE,1,1,1.5172739028930664
171,0.19937712638926774,0.19191919191919193,models.AECross,1,0,1.5089588165283203
172,0.09624853208986207,0.19191919191919193,models.AECross,0,1,1.150740623474121
173,0.10674405834415407,0.19191919191919193,models.AECross,1,1,1.5013494491577148
174,0.24380559149824407,0.19191919191919193,models.AEMINE,1,0,1.3442580699920654
175,0.09898710316899857,0.19191919191919193,models.AEMINE,0,1,0.4439573287963867
176,0.14622054282871413,0.19191919191919193,models.AEMINE,1,1,1.324253797531128
177,0.13023662616441242,0.19191919191919193,models.AEInfoNCE,1,0,1.493520975112915
178,0.1421490574339021,0.19191919191919193,models.AEInfoNCE,0,1,1.3206443786621094
179,0.15117171590156384,0.19191919191919193,models.AEInfoNCE,1,1,1.4895291328430176
180,0.2350320667012944,0.20202020202020204,models.AECross,1,0,1.505023717880249
181,0.12338487935268745,0.20202020202020204,models.AECross,0,1,1.2532591819763184
182,0.18178429543900837,0.20202020202020204,models.AECross,1,1,1.500009298324585
183,0.24677334203067353,0.20202020202020204,models.AEMINE,1,0,1.3380322456359863
184,0.158935667600757,0.20202020202020204,models.AEMINE,0,1,1.3300511837005615
185,0.25554168354701634,0.20202020202020204,models.AEMINE,1,1,1.338670015335083
186,0.2381454714575536,0.20202020202020204,models.AEInfoNCE,1,0,1.4988806247711182
187,0.2238179113944401,0.20202020202020204,models.AEInfoNCE,0,1,1.4906444549560547
188,0.15856172456965942,0.20202020202020204,models.AEInfoNCE,1,1,1.4916541576385498
189,0.11213703382248497,0.21212121212121213,models.AECross,1,0,1.4988625049591064
190,0.1496798143741427,0.21212121212121213,models.AECross,0,1,1.148289442062378
191,0.19947440405792125,0.21212121212121213,models.AECross,1,1,1.501464605331421
192,0.22957196046934025,0.21212121212121213,models.AEMINE,1,0,1.3661744594573975
193,0.11652352925313042,0.21212121212121213,models.AEMINE,0,1,0.7417986392974854
194,0.23031164202152657,0.21212121212121213,models.AEMINE,1,1,1.3404152393341064
195,0.2638725231794941,0.21212121212121213,models.AEInfoNCE,1,0,1.4773056507110596
196,0.2227093775922875,0.21212121212121213,models.AEInfoNCE,0,1,1.4881532192230225
197,0.20852699657615067,0.21212121212121213,models.AEInfoNCE,1,1,1.5258488655090332
198,0.2522558833710049,0.22222222222222224,models.AECross,1,0,1.5263903141021729
199,0.19695153521879455,0.22222222222222224,models.AECross,0,1,1.3263161182403564
200,0.23250348087433065,0.22222222222222224,models.AECross,1,1,1.5211939811706543
201,0.28378498230425153,0.22222222222222224,models.AEMINE,1,0,1.3650710582733154
202,0.23651029953578342,0.22222222222222224,models.AEMINE,0,1,0.7689690589904785
203,0.28022489656226207,0.22222222222222224,models.AEMINE,1,1,1.341961145401001
204,0.28098903376480916,0.22222222222222224,models.AEInfoNCE,1,0,1.5094883441925049
205,0.19818738721629894,0.22222222222222224,models.AEInfoNCE,0,1,1.0495812892913818
206,0.18982661479395627,0.22222222222222224,models.AEInfoNCE,1,1,1.5225169658660889
207,0.3117087633246469,0.23232323232323235,models.AECross,1,0,1.5207366943359375
208,0.19193501642334826,0.23232323232323235,models.AECross,0,1,1.371349573135376
209,0.27259096521870846,0.23232323232323235,models.AECross,1,1,1.522047758102417
210,0.20311570460166609,0.23232323232323235,models.AEMINE,1,0,1.3721833229064941
211,0.1306684575066722,0.23232323232323235,models.AEMINE,0,1,1.3348939418792725
212,0.22573187343847728,0.23232323232323235,models.AEMINE,1,1,1.315488576889038
213,0.27845737128600456,0.23232323232323235,models.AEInfoNCE,1,0,1.5150327682495117
214,0.28940362184375784,0.23232323232323235,models.AEInfoNCE,0,1,1.5066304206848145
215,0.17840047983799895,0.23232323232323235,models.AEInfoNCE,1,1,1.520989179611206
216,0.12216918952506228,0.24242424242424243,models.AECross,1,0,1.528496265411377
217,0.1630413955072655,0.24242424242424243,models.AECross,0,1,1.2959661483764648
218,0.19748674678357042,0.24242424242424243,models.AECross,1,1,1.5190234184265137
219,0.2745359762118091,0.24242424242424243,models.AEMINE,1,0,1.3516716957092285
220,0.12632448748871164,0.24242424242424243,models.AEMINE,0,1,0.537229061126709
221,0.11551798088072474,0.24242424242424243,models.AEMINE,1,1,1.3312427997589111
222,0.19160086505862187,0.24242424242424243,models.AEInfoNCE,1,0,1.498845100402832
223,0.07482047582271872,0.24242424242424243,models.AEInfoNCE,0,1,0.5512654781341553
224,0.15753629998649252,0.24242424242424243,models.AEInfoNCE,1,1,1.5127513408660889
225,0.2620110512407758,0.25252525252525254,models.AECross,1,0,1.5259535312652588
226,0.17425231134494704,0.25252525252525254,models.AECross,0,1,1.2640931606292725
227,0.1839567532817271,0.25252525252525254,models.AECross,1,1,1.5126230716705322
228,0.16197814391030552,0.25252525252525254,models.AEMINE,1,0,1.36521315574646
229,0.19293397870911394,0.25252525252525254,models.AEMINE,0,1,0.7484869956970215
230,0.16645465238765436,0.25252525252525254,models.AEMINE,1,1,1.3034098148345947
231,0.12171200349377,0.25252525252525254,models.AEInfoNCE,1,0,1.6632325649261475
232,0.17636098769179265,0.25252525252525254,models.AEInfoNCE,0,1,1.4413564205169678
233,0.23664246626554017,0.25252525252525254,models.AEInfoNCE,1,1,1.5110793113708496
234,0.30428759456681903,0.26262626262626265,models.AECross,1,0,1.5182952880859375
235,0.12578902814115173,0.26262626262626265,models.AECross,0,1,1.3879978656768799
236,0.17635706479372548,0.26262626262626265,models.AECross,1,1,1.5103070735931396
237,0.27532394305674784,0.26262626262626265,models.AEMINE,1,0,1.3595118522644043
238,0.37959595392372275,0.26262626262626265,models.AEMINE,0,1,0.9792511463165283
239,0.2722483353271351,0.26262626262626265,models.AEMINE,1,1,1.3468928337097168
240,0.21234226099252054,0.26262626262626265,models.AEInfoNCE,1,0,1.5132560729980469
241,0.28150555033415203,0.26262626262626265,models.AEInfoNCE,0,1,1.221602201461792
242,0.3007109571089082,0.26262626262626265,models.AEInfoNCE,1,1,1.5189313888549805
243,0.3755290581774623,0.27272727272727276,models.AECross,1,0,1.5286338329315186
244,0.19538334372255275,0.27272727272727276,models.AECross,0,1,1.4046285152435303
245,0.18791165810208493,0.27272727272727276,models.AECross,1,1,1.5213861465454102
246,0.25265188319328596,0.27272727272727276,models.AEMINE,1,0,1.369119644165039
247,0.25142025050750016,0.27272727272727276,models.AEMINE,0,1,0.9954638481140137
248,0.2545513915556085,0.27272727272727276,models.AEMINE,1,1,1.3273534774780273
249,0.21644815683002275,0.27272727272727276,models.AEInfoNCE,1,0,1.5137646198272705
250,0.18597387027350396,0.27272727272727276,models.AEInfoNCE,0,1,1.1709873676300049
251,0.31770455505998135,0.27272727272727276,models.AEInfoNCE,1,1,1.5198760032653809
252,0.32382911823559435,0.2828282828282829,models.AECross,1,0,1.5165736675262451
253,0.1534715842523756,0.2828282828282829,models.AECross,0,1,1.3759832382202148
254,0.20928294710812032,0.2828282828282829,models.AECross,1,1,1.5197103023529053
255,0.30754990844565805,0.2828282828282829,models.AEMINE,1,0,1.3485746383666992
256,0.1879058060499277,0.2828282828282829,models.AEMINE,0,1,0.9718348979949951
257,0.22388106912823902,0.2828282828282829,models.AEMINE,1,1,1.3135130405426025
258,0.26116655003372774,0.2828282828282829,models.AEInfoNCE,1,0,1.5026705265045166
259,0.24820667389365694,0.2828282828282829,models.AEInfoNCE,0,1,1.3451573848724365
260,0.2572607424202974,0.2828282828282829,models.AEInfoNCE,1,1,1.5096416473388672
261,0.1601338446442988,0.29292929292929293,models.AECross,1,0,1.513963222503662
262,0.22752761435309474,0.29292929292929293,models.AECross,0,1,1.341212511062622
263,0.23005289540609256,0.29292929292929293,models.AECross,1,1,1.5053637027740479
264,0.16492769622546372,0.29292929292929293,models.AEMINE,1,0,1.3535513877868652
265,0.25151450474572973,0.29292929292929293,models.AEMINE,0,1,1.0114595890045166
266,0.19970988544044668,0.29292929292929293,models.AEMINE,1,1,1.3285691738128662
267,0.18457962832624286,0.29292929292929293,models.AEInfoNCE,1,0,1.5080015659332275
268,0.2571387995548116,0.29292929292929293,models.AEInfoNCE,0,1,1.510671615600586
269,0.2857830368603711,0.29292929292929293,models.AEInfoNCE,1,1,1.5138261318206787
270,0.24377801422910778,0.30303030303030304,models.AECross,1,0,1.502467393875122
271,0.22785013559550038,0.30303030303030304,models.AECross,0,1,1.4281439781188965
272,0.3138478648653484,0.30303030303030304,models.AECross,1,1,1.5106377601623535
273,0.35736155029688366,0.30303030303030304,models.AEMINE,1,0,1.374471664428711
274,0.29764690133229793,0.30303030303030304,models.AEMINE,0,1,0.9793422222137451
275,0.27858914023237197,0.30303030303030304,models.AEMINE,1,1,1.3317499160766602
276,0.24015208408680075,0.30303030303030304,models.AEInfoNCE,1,0,1.506434679031372
277,0.2507641448031301,0.30303030303030304,models.AEInfoNCE,0,1,1.1954693794250488
278,0.3081392343447973,0.30303030303030304,models.AEInfoNCE,1,1,1.5127341747283936
279,0.26362162048206006,0.31313131313131315,models.AECross,1,0,1.519566297531128
280,0.20116746680995753,0.31313131313131315,models.AECross,0,1,1.4163284301757812
281,0.21587637648801689,0.31313131313131315,models.AECross,1,1,1.4969727993011475
282,0.23077585310638596,0.31313131313131315,models.AEMINE,1,0,1.3440732955932617
283,0.20411106672466073,0.31313131313131315,models.AEMINE,0,1,0.8107919692993164
284,0.2783134726952694,0.31313131313131315,models.AEMINE,1,1,1.31402587890625
285,0.2985367209111681,0.31313131313131315,models.AEInfoNCE,1,0,1.4714295864105225
286,0.3178823712548773,0.31313131313131315,models.AEInfoNCE,0,1,1.4152390956878662
287,0.20947224890221566,0.31313131313131315,models.AEInfoNCE,1,1,1.527496337890625
288,0.30552436100251734,0.32323232323232326,models.AECross,1,0,1.5175483226776123
289,0.2572191465718156,0.32323232323232326,models.AECross,0,1,1.3550615310668945
290,0.4222900329944391,0.32323232323232326,models.AECross,1,1,1.5046091079711914
291,0.4149546347326446,0.32323232323232326,models.AEMINE,1,0,1.3398842811584473
292,0.23467804525684496,0.32323232323232326,models.AEMINE,0,1,1.322242259979248
293,0.30423533403400654,0.32323232323232326,models.AEMINE,1,1,1.3335363864898682
294,0.27769618274257496,0.32323232323232326,models.AEInfoNCE,1,0,1.5045890808105469
295,0.30508158264727003,0.32323232323232326,models.AEInfoNCE,0,1,1.1687126159667969
296,0.3077605100707192,0.32323232323232326,models.AEInfoNCE,1,1,1.5096898078918457
297,0.39003523602082935,0.33333333333333337,models.AECross,1,0,1.514070749282837
298,0.1989781563261389,0.33333333333333337,models.AECross,0,1,1.4763624668121338
299,0.25575265590623364,0.33333333333333337,models.AECross,1,1,1.5090792179107666
300,0.3769858035468287,0.33333333333333337,models.AEMINE,1,0,1.3369710445404053
301,0.3351453752165474,0.33333333333333337,models.AEMINE,0,1,1.3221590518951416
302,0.2308275333384234,0.33333333333333337,models.AEMINE,1,1,1.3237409591674805
303,0.2813714129547668,0.33333333333333337,models.AEInfoNCE,1,0,1.503183364868164
304,0.2776898845620975,0.33333333333333337,models.AEInfoNCE,0,1,1.1913247108459473
305,0.31449926447881094,0.33333333333333337,models.AEInfoNCE,1,1,1.4900968074798584
306,0.381409006992654,0.3434343434343435,models.AECross,1,0,1.5178797245025635
307,0.3765789672335624,0.3434343434343435,models.AECross,0,1,1.3300085067749023
308,0.3361867430856083,0.3434343434343435,models.AECross,1,1,1.5139222145080566
309,0.33553816682757753,0.3434343434343435,models.AEMINE,1,0,1.3370535373687744
310,0.350428266631851,0.3434343434343435,models.AEMINE,0,1,1.0597038269042969
311,0.3527174518946035,0.3434343434343435,models.AEMINE,1,1,1.3284366130828857
312,0.2887366451199709,0.3434343434343435,models.AEInfoNCE,1,0,1.5160250663757324
313,0.28020825648653397,0.3434343434343435,models.AEInfoNCE,0,1,1.0951018333435059
314,0.26435309042890787,0.3434343434343435,models.AEInfoNCE,1,1,1.5207130908966064
315,0.3415770865058958,0.3535353535353536,models.AECross,1,0,1.516089916229248
316,0.3041974352193388,0.3535353535353536,models.AECross,0,1,1.4102201461791992
317,0.38193173869602115,0.3535353535353536,models.AECross,1,1,1.5186684131622314
318,0.4543250316830517,0.3535353535353536,models.AEMINE,1,0,1.3611159324645996
319,0.3461687393397608,0.3535353535353536,models.AEMINE,0,1,1.3192963600158691
320,0.2696093496728016,0.3535353535353536,models.AEMINE,1,1,1.3317749500274658
321,0.32140214185346777,0.3535353535353536,models.AEInfoNCE,1,0,1.5085887908935547
322,0.27207252132242044,0.3535353535353536,models.AEInfoNCE,0,1,1.2345263957977295
323,0.29995411564103047,0.3535353535353536,models.AEInfoNCE,1,1,1.506502628326416
324,0.4885926319995912,0.36363636363636365,models.AECross,1,0,1.5194032192230225
325,0.3244312702402234,0.36363636363636365,models.AECross,0,1,1.6439297199249268
326,0.4288808308049065,0.36363636363636365,models.AECross,1,1,1.5021867752075195
327,0.36710023036195943,0.36363636363636365,models.AEMINE,1,0,1.342963457107544
328,0.29361826400231633,0.36363636363636365,models.AEMINE,0,1,1.341874361038208
329,0.4221954693148428,0.36363636363636365,models.AEMINE,1,1,1.3315057754516602
330,0.41700658404617996,0.36363636363636365,models.AEInfoNCE,1,0,1.4925906658172607
331,0.38096488319208505,0.36363636363636365,models.AEInfoNCE,0,1,1.4817330837249756
332,0.40737824925809635,0.36363636363636365,models.AEInfoNCE,1,1,1.501335859298706
333,0.38504117547979727,0.37373737373737376,models.AECross,1,0,1.5154941082000732
334,0.3471681979632425,0.37373737373737376,models.AECross,0,1,1.3829562664031982
335,0.32974346871035276,0.37373737373737376,models.AECross,1,1,1.5023388862609863
336,0.3107345988109891,0.37373737373737376,models.AEMINE,1,0,1.3518190383911133
337,0.2989040386541144,0.37373737373737376,models.AEMINE,0,1,1.2145895957946777
338,0.2915751930438173,0.37373737373737376,models.AEMINE,1,1,1.337240219116211
339,0.2616595739657698,0.37373737373737376,models.AEInfoNCE,1,0,1.507544994354248
340,0.24059478260714195,0.37373737373737376,models.AEInfoNCE,0,1,1.2129096984863281
341,0.3660247302523087,0.37373737373737376,models.AEInfoNCE,1,1,1.5004782676696777
342,0.47480388682896,0.38383838383838387,models.AECross,1,0,1.4985454082489014
343,0.42197123261584984,0.38383838383838387,models.AECross,0,1,1.5103034973144531
344,0.4277001878450579,0.38383838383838387,models.AECross,1,1,1.51900315284729
345,0.5514835628927949,0.38383838383838387,models.AEMINE,1,0,1.3455533981323242
346,0.42309542374037307,0.38383838383838387,models.AEMINE,0,1,0.9634735584259033
347,0.44989338609964896,0.38383838383838387,models.AEMINE,1,1,1.3193650245666504
348,0.36308381578672205,0.38383838383838387,models.AEInfoNCE,1,0,1.4967567920684814
349,0.4999173025424641,0.38383838383838387,models.AEInfoNCE,0,1,1.4935431480407715
350,0.4714123172146709,0.38383838383838387,models.AEInfoNCE,1,1,1.5058350563049316
351,0.4287910629736828,0.393939393939394,models.AECross,1,0,1.5353870391845703
352,0.285318897117682,0.393939393939394,models.AECross,0,1,1.3952763080596924
353,0.3898171481865502,0.393939393939394,models.AECross,1,1,1.4934873580932617
354,0.3337624033323027,0.393939393939394,models.AEMINE,1,0,1.329167127609253
355,0.32200968410670666,0.393939393939394,models.AEMINE,0,1,1.1666285991668701
356,0.39214232622575507,0.393939393939394,models.AEMINE,1,1,1.3199186325073242
357,0.3682154481534578,0.393939393939394,models.AEInfoNCE,1,0,1.5031845569610596
358,0.3452294123546384,0.393939393939394,models.AEInfoNCE,0,1,1.385455846786499
359,0.35860410118817426,0.393939393939394,models.AEInfoNCE,1,1,1.5032680034637451
360,0.3457504560990157,0.4040404040404041,models.AECross,1,0,1.5174064636230469
361,0.34324909516430724,0.4040404040404041,models.AECross,0,1,1.4786508083343506
362,0.3095435360584589,0.4040404040404041,models.AECross,1,1,1.5091419219970703
363,0.287483436030724,0.4040404040404041,models.AEMINE,1,0,1.3423964977264404
364,0.35688076151031195,0.4040404040404041,models.AEMINE,0,1,0.7431149482727051
365,0.43006574072494175,0.4040404040404041,models.AEMINE,1,1,1.3277113437652588
366,0.33501580707252904,0.4040404040404041,models.AEInfoNCE,1,0,1.4932775497436523
367,0.4536271198763081,0.4040404040404041,models.AEInfoNCE,0,1,1.5058999061584473
368,0.32807189547197196,0.4040404040404041,models.AEInfoNCE,1,1,1.5095605850219727
369,0.4631872827086933,0.4141414141414142,models.AECross,1,0,1.4970991611480713
370,0.4622956379828583,0.4141414141414142,models.AECross,0,1,1.5077462196350098
371,0.44282066109529783,0.4141414141414142,models.AECross,1,1,1.5155220031738281
372,0.5449176683254439,0.4141414141414142,models.AEMINE,1,0,1.3398947715759277
373,0.40265122167963724,0.4141414141414142,models.AEMINE,0,1,1.3020453453063965
374,0.3892765489700408,0.4141414141414142,models.AEMINE,1,1,1.3398029804229736
375,0.43136825485260333,0.4141414141414142,models.AEInfoNCE,1,0,1.4904510974884033
376,0.35703763694754603,0.4141414141414142,models.AEInfoNCE,0,1,1.4411280155181885
377,0.40383848530886113,0.4141414141414142,models.AEInfoNCE,1,1,1.4921622276306152
378,0.4271314551434728,0.42424242424242425,models.AECross,1,0,1.5005993843078613
379,0.3687806169124352,0.42424242424242425,models.AECross,0,1,1.5260539054870605
380,0.45531307552718364,0.42424242424242425,models.AECross,1,1,1.5192763805389404
381,0.4795840905741878,0.42424242424242425,models.AEMINE,1,0,1.3635733127593994
382,0.4552587363170997,0.42424242424242425,models.AEMINE,0,1,1.1648788452148438
383,0.4597740126018076,0.42424242424242425,models.AEMINE,1,1,1.3288257122039795
384,0.4866757359487442,0.42424242424242425,models.AEInfoNCE,1,0,1.505838394165039
385,0.39399325194633444,0.42424242424242425,models.AEInfoNCE,0,1,1.4532501697540283
386,0.39433742154946805,0.42424242424242425,models.AEInfoNCE,1,1,1.5042448043823242
387,0.5157463664322989,0.43434343434343436,models.AECross,1,0,1.5199871063232422
388,0.5053073514627544,0.43434343434343436,models.AECross,0,1,1.5031585693359375
389,0.44874238058046406,0.43434343434343436,models.AECross,1,1,1.5137836933135986
390,0.6302127581426795,0.43434343434343436,models.AEMINE,1,0,1.343693733215332
391,0.5319208659295134,0.43434343434343436,models.AEMINE,0,1,1.0380539894104004
392,0.4818466937664607,0.43434343434343436,models.AEMINE,1,1,1.3330323696136475
393,0.48570527949890363,0.43434343434343436,models.AEInfoNCE,1,0,1.5022339820861816
394,0.4250906279119852,0.43434343434343436,models.AEInfoNCE,0,1,1.4863879680633545
395,0.42365575578869075,0.43434343434343436,models.AEInfoNCE,1,1,1.5075786113739014
396,0.4938861069278042,0.4444444444444445,models.AECross,1,0,1.5032730102539062
397,0.3893414570658033,0.4444444444444445,models.AECross,0,1,1.4962506294250488
398,0.5881184117258527,0.4444444444444445,models.AECross,1,1,1.5213069915771484
399,0.5171994366622553,0.4444444444444445,models.AEMINE,1,0,1.3360047340393066
400,0.466545968178162,0.4444444444444445,models.AEMINE,0,1,1.05891752243042
401,0.424746484421599,0.4444444444444445,models.AEMINE,1,1,1.3222150802612305
402,0.3965430469176696,0.4444444444444445,models.AEInfoNCE,1,0,1.5111775398254395
403,0.5094992209088649,0.4444444444444445,models.AEInfoNCE,0,1,1.1446137428283691
404,0.30477127957427286,0.4444444444444445,models.AEInfoNCE,1,1,1.5069286823272705
405,0.5630471420525812,0.4545454545454546,models.AECross,1,0,1.501291036605835
406,0.46243965346385685,0.4545454545454546,models.AECross,0,1,1.443347692489624
407,0.5655713646674588,0.4545454545454546,models.AECross,1,1,1.529142141342163
408,0.5929215471688666,0.4545454545454546,models.AEMINE,1,0,1.348235845565796
409,0.4335532124815807,0.4545454545454546,models.AEMINE,0,1,0.834885835647583
410,0.4126702348701874,0.4545454545454546,models.AEMINE,1,1,1.3233227729797363
411,0.5470527389728436,0.4545454545454546,models.AEInfoNCE,1,0,1.5030412673950195
412,0.4617278221860164,0.4545454545454546,models.AEInfoNCE,0,1,1.4442365169525146
413,0.5037580317618664,0.4545454545454546,models.AEInfoNCE,1,1,1.4967412948608398
414,0.44431138332756737,0.4646464646464647,models.AECross,1,0,1.5026583671569824
415,0.4676890822038456,0.4646464646464647,models.AECross,0,1,1.447929859161377
416,0.4980265911375295,0.4646464646464647,models.AECross,1,1,1.5034303665161133
417,0.5430590234654771,0.4646464646464647,models.AEMINE,1,0,1.3463399410247803
418,0.40229906408504823,0.4646464646464647,models.AEMINE,0,1,1.4647042751312256
419,0.5058724246369752,0.4646464646464647,models.AEMINE,1,1,1.3248839378356934
420,0.5695890188763508,0.4646464646464647,models.AEInfoNCE,1,0,1.5044827461242676
421,0.4258275000723014,0.4646464646464647,models.AEInfoNCE,0,1,1.5101070404052734
422,0.2813479724352095,0.4646464646464647,models.AEInfoNCE,1,1,1.501711130142212
423,0.4607534356633825,0.4747474747474748,models.AECross,1,0,1.5090134143829346
424,0.40653846130241605,0.4747474747474748,models.AECross,0,1,1.5128581523895264
425,0.4493526493278753,0.4747474747474748,models.AECross,1,1,1.500878095626831
426,0.5548602366981422,0.4747474747474748,models.AEMINE,1,0,1.3493242263793945
427,0.3899961003701749,0.4747474747474748,models.AEMINE,0,1,1.3273072242736816
428,0.41703227035994733,0.4747474747474748,models.AEMINE,1,1,1.3357362747192383
429,0.420276158662006,0.4747474747474748,models.AEInfoNCE,1,0,1.512843370437622
430,0.3978631667924275,0.4747474747474748,models.AEInfoNCE,0,1,1.0689380168914795
431,0.3620116540225463,0.4747474747474748,models.AEInfoNCE,1,1,1.519998550415039
432,0.54586259883874,0.48484848484848486,models.AECross,1,0,1.5057759284973145
433,0.5665970535421372,0.48484848484848486,models.AECross,0,1,1.5006449222564697
434,0.6143817151935315,0.48484848484848486,models.AECross,1,1,1.5028915405273438
435,0.5808245780857144,0.48484848484848486,models.AEMINE,1,0,1.3476688861846924
436,0.5568461342684697,0.48484848484848486,models.AEMINE,0,1,1.046457052230835
437,0.6793821108014858,0.48484848484848486,models.AEMINE,1,1,1.3263075351715088
438,0.5394956221013062,0.48484848484848486,models.AEInfoNCE,1,0,1.5022811889648438
439,0.6221060269340337,0.48484848484848486,models.AEInfoNCE,0,1,1.505927324295044
440,0.6829807854840296,0.48484848484848486,models.AEInfoNCE,1,1,1.4905102252960205
441,0.40005856448031657,0.494949494949495,models.AECross,1,0,1.4990522861480713
442,0.3753925872150467,0.494949494949495,models.AECross,0,1,1.498424768447876
443,0.37659039439071784,0.494949494949495,models.AECross,1,1,1.510915994644165
444,0.36547600005014036,0.494949494949495,models.AEMINE,1,0,1.3410913944244385
445,0.43087448404825146,0.494949494949495,models.AEMINE,0,1,1.211559772491455
446,0.4097404709901649,0.494949494949495,models.AEMINE,1,1,1.3171446323394775
447,0.461873448900462,0.494949494949495,models.AEInfoNCE,1,0,1.5077052116394043
448,0.45705367231866895,0.494949494949495,models.AEInfoNCE,0,1,1.5148670673370361
449,0.3515129115172075,0.494949494949495,models.AEInfoNCE,1,1,1.495774507522583
450,0.5901966511768674,0.5050505050505051,models.AECross,1,0,1.524751901626587
451,0.4752574314366792,0.5050505050505051,models.AECross,0,1,1.4936771392822266
452,0.5136520979481172,0.5050505050505051,models.AECross,1,1,1.5117835998535156
453,0.5536540418915097,0.5050505050505051,models.AEMINE,1,0,1.3556489944458008
454,0.4874203049628724,0.5050505050505051,models.AEMINE,0,1,1.1974799633026123
455,0.5702626275302616,0.5050505050505051,models.AEMINE,1,1,1.3274691104888916
456,0.5050960264929982,0.5050505050505051,models.AEInfoNCE,1,0,1.5084235668182373
457,0.47200835086565057,0.5050505050505051,models.AEInfoNCE,0,1,1.3182413578033447
458,0.47886443290033487,0.5050505050505051,models.AEInfoNCE,1,1,1.506007432937622
459,0.47115547372373234,0.5151515151515152,models.AECross,1,0,1.4903624057769775
460,0.4201287295130334,0.5151515151515152,models.AECross,0,1,1.5109457969665527
461,0.40127488016469787,0.5151515151515152,models.AECross,1,1,1.514899730682373
462,0.4336499499001261,0.5151515151515152,models.AEMINE,1,0,1.37556791305542
463,0.39095426321433724,0.5151515151515152,models.AEMINE,0,1,1.0809667110443115
464,0.43140921297065676,0.5151515151515152,models.AEMINE,1,1,1.335754156112671
465,0.3576109123507137,0.5151515151515152,models.AEInfoNCE,1,0,1.480252742767334
466,0.39459487980599056,0.5151515151515152,models.AEInfoNCE,0,1,1.3203232288360596
467,0.4138095115059731,0.5151515151515152,models.AEInfoNCE,1,1,1.5003941059112549
468,0.4806674404689433,0.5252525252525253,models.AECross,1,0,1.496166467666626
469,0.5857032070682923,0.5252525252525253,models.AECross,0,1,1.5063023567199707
470,0.5323593681867435,0.5252525252525253,models.AECross,1,1,1.5093679428100586
471,0.49406709811320293,0.5252525252525253,models.AEMINE,1,0,1.3402624130249023
472,0.556859471074716,0.5252525252525253,models.AEMINE,0,1,1.068314790725708
473,0.4135772043477908,0.5252525252525253,models.AEMINE,1,1,1.3162224292755127
474,0.5554136781158231,0.5252525252525253,models.AEInfoNCE,1,0,1.5198335647583008
475,0.4578307661335838,0.5252525252525253,models.AEInfoNCE,0,1,1.5153989791870117
476,0.5461761932666479,0.5252525252525253,models.AEInfoNCE,1,1,1.49359130859375
477,0.43230264701841575,0.5353535353535354,models.AECross,1,0,1.5046982765197754
478,0.5507351284715851,0.5353535353535354,models.AECross,0,1,1.5108940601348877
479,0.5753452052961944,0.5353535353535354,models.AECross,1,1,1.5099914073944092
480,0.5585787669039423,0.5353535353535354,models.AEMINE,1,0,1.3621294498443604
481,0.3906306493213891,0.5353535353535354,models.AEMINE,0,1,0.9188194274902344
482,0.6286059948242844,0.5353535353535354,models.AEMINE,1,1,1.3310821056365967
483,0.5306161752233163,0.5353535353535354,models.AEInfoNCE,1,0,1.5030298233032227
484,0.46175899994652536,0.5353535353535354,models.AEInfoNCE,0,1,1.485065221786499
485,0.5098128656783942,0.5353535353535354,models.AEInfoNCE,1,1,1.5094830989837646
486,0.5234563518915791,0.5454545454545455,models.AECross,1,0,1.5315935611724854
487,0.5792986274803317,0.5454545454545455,models.AECross,0,1,1.5234487056732178
488,0.583907250375795,0.5454545454545455,models.AECross,1,1,1.515183925628662
489,0.5759463505843652,0.5454545454545455,models.AEMINE,1,0,1.342583417892456
490,0.5440311772881004,0.5454545454545455,models.AEMINE,0,1,0.8994579315185547
491,0.6035509198641349,0.5454545454545455,models.AEMINE,1,1,1.3279626369476318
492,0.5647105824889295,0.5454545454545455,models.AEInfoNCE,1,0,1.5170085430145264
493,0.5332998289636273,0.5454545454545455,models.AEInfoNCE,0,1,1.502812147140503
494,0.5638339688870706,0.5454545454545455,models.AEInfoNCE,1,1,1.5047404766082764
495,0.5034238535917169,0.5555555555555556,models.AECross,1,0,1.5032320022583008
496,0.5277345168825732,0.5555555555555556,models.AECross,0,1,1.4992294311523438
497,0.45979796988678906,0.5555555555555556,models.AECross,1,1,1.4880518913269043
498,0.5655746387858654,0.5555555555555556,models.AEMINE,1,0,1.3487868309020996
499,0.5106382386204561,0.5555555555555556,models.AEMINE,0,1,0.7890965938568115
500,0.5530596642143014,0.5555555555555556,models.AEMINE,1,1,1.3165051937103271
501,0.5293176169144216,0.5555555555555556,models.AEInfoNCE,1,0,1.4913644790649414
502,0.47504226011954853,0.5555555555555556,models.AEInfoNCE,0,1,1.3208763599395752
503,0.5149928780083635,0.5555555555555556,models.AEInfoNCE,1,1,1.491272211074829
504,0.5247372485408586,0.5656565656565657,models.AECross,1,0,1.5007381439208984
505,0.4586102843324999,0.5656565656565657,models.AECross,0,1,1.5138859748840332
506,0.5241171438243747,0.5656565656565657,models.AECross,1,1,1.511796236038208
507,0.53022732323232,0.5656565656565657,models.AEMINE,1,0,1.355804204940796
508,0.49871090395169837,0.5656565656565657,models.AEMINE,0,1,0.9239914417266846
509,0.6197406291186711,0.5656565656565657,models.AEMINE,1,1,1.3298938274383545
510,0.5799429004952238,0.5656565656565657,models.AEInfoNCE,1,0,1.4934260845184326
511,0.7112041485171513,0.5656565656565657,models.AEInfoNCE,0,1,1.4833011627197266
512,0.6185803478951013,0.5656565656565657,models.AEInfoNCE,1,1,1.6328349113464355
513,0.7362018731520761,0.5757575757575758,models.AECross,1,0,1.511000633239746
514,0.5285703992018712,0.5757575757575758,models.AECross,0,1,1.4833624362945557
515,0.6880554403067946,0.5757575757575758,models.AECross,1,1,1.5048060417175293
516,0.5997893744187164,0.5757575757575758,models.AEMINE,1,0,1.3510375022888184
517,0.5035695966422362,0.5757575757575758,models.AEMINE,0,1,0.954024076461792
518,0.5702880324963095,0.5757575757575758,models.AEMINE,1,1,1.3308651447296143
519,0.5980435947989284,0.5757575757575758,models.AEInfoNCE,1,0,1.4842944145202637
520,0.46243052658464445,0.5757575757575758,models.AEInfoNCE,0,1,1.0824215412139893
521,0.5824252610212515,0.5757575757575758,models.AEInfoNCE,1,1,1.5134413242340088
522,0.5506084141172216,0.5858585858585859,models.AECross,1,0,1.5214555263519287
523,0.4212175194550516,0.5858585858585859,models.AECross,0,1,1.512049674987793
524,0.5969591584739932,0.5858585858585859,models.AECross,1,1,1.5236072540283203
525,0.5122828912612659,0.5858585858585859,models.AEMINE,1,0,1.3673946857452393
526,0.5123307736499843,0.5858585858585859,models.AEMINE,0,1,0.7029125690460205
527,0.47869227607093356,0.5858585858585859,models.AEMINE,1,1,1.3382377624511719
528,0.4464881844023647,0.5858585858585859,models.AEInfoNCE,1,0,1.5091278553009033
529,0.4555350067883596,0.5858585858585859,models.AEInfoNCE,0,1,1.5032916069030762
530,0.5235979123826769,0.5858585858585859,models.AEInfoNCE,1,1,1.5089313983917236
531,0.568402871757844,0.595959595959596,models.AECross,1,0,1.5015933513641357
532,0.5516025416602515,0.595959595959596,models.AECross,0,1,1.4762747287750244
533,0.592758292201295,0.595959595959596,models.AECross,1,1,1.5156574249267578
534,0.6043639434287948,0.595959595959596,models.AEMINE,1,0,1.3355937004089355
535,0.5621604074558916,0.595959595959596,models.AEMINE,0,1,1.2782657146453857
536,0.5664722392956542,0.595959595959596,models.AEMINE,1,1,1.3379859924316406
537,0.6119524154312235,0.595959595959596,models.AEInfoNCE,1,0,1.4954042434692383
538,0.601426679152225,0.595959595959596,models.AEInfoNCE,0,1,1.480696439743042
539,0.6424299479869903,0.595959595959596,models.AEInfoNCE,1,1,1.507866382598877
540,0.6332166135117202,0.6060606060606061,models.AECross,1,0,1.5097103118896484
541,0.5220011970350491,0.6060606060606061,models.AECross,0,1,1.512089490890503
542,0.6473083679441982,0.6060606060606061,models.AECross,1,1,1.5123474597930908
543,0.6431610953445358,0.6060606060606061,models.AEMINE,1,0,1.3628244400024414
544,0.6035015134877901,0.6060606060606061,models.AEMINE,0,1,1.2470805644989014
545,0.5424878025640237,0.6060606060606061,models.AEMINE,1,1,1.2650351524353027
546,0.7055864771646416,0.6060606060606061,models.AEInfoNCE,1,0,1.512235403060913
547,0.616245812862496,0.6060606060606061,models.AEInfoNCE,0,1,1.519826889038086
548,0.4879219089732802,0.6060606060606061,models.AEInfoNCE,1,1,1.5334751605987549
549,0.7073994252456626,0.6161616161616162,models.AECross,1,0,1.5199947357177734
550,0.661502356290868,0.6161616161616162,models.AECross,0,1,1.5050427913665771
551,0.5854489786692015,0.6161616161616162,models.AECross,1,1,1.5083699226379395
552,0.7807631730202874,0.6161616161616162,models.AEMINE,1,0,1.3504221439361572
553,0.7062397878137535,0.6161616161616162,models.AEMINE,0,1,1.3187930583953857
554,0.6120630117049669,0.6161616161616162,models.AEMINE,1,1,1.3003277778625488
555,0.6901740241876427,0.6161616161616162,models.AEInfoNCE,1,0,1.5014011859893799
556,0.7387976698045774,0.6161616161616162,models.AEInfoNCE,0,1,1.2304704189300537
557,0.6805686265783768,0.6161616161616162,models.AEInfoNCE,1,1,1.5022070407867432
558,0.6619800228983763,0.6262626262626263,models.AECross,1,0,1.4779365062713623
559,0.6697202008316285,0.6262626262626263,models.AECross,0,1,1.49757981300354
560,0.5156702792565079,0.6262626262626263,models.AECross,1,1,1.4924216270446777
561,0.6792146029843906,0.6262626262626263,models.AEMINE,1,0,1.3541719913482666
562,0.5511530489096577,0.6262626262626263,models.AEMINE,0,1,1.2234282493591309
563,0.5585869170753703,0.6262626262626263,models.AEMINE,1,1,1.339221477508545
564,0.6201236814493752,0.6262626262626263,models.AEInfoNCE,1,0,1.5135066509246826
565,0.6031152343684512,0.6262626262626263,models.AEInfoNCE,0,1,1.174544095993042
566,0.6937546800656592,0.6262626262626263,models.AEInfoNCE,1,1,1.4775574207305908
567,0.7148867607067614,0.6363636363636365,models.AECross,1,0,1.5063512325286865
568,0.6313075026489734,0.6363636363636365,models.AECross,0,1,1.4885468482971191
569,0.7085218389757941,0.6363636363636365,models.AECross,1,1,1.5070459842681885
570,0.6740054568909545,0.6363636363636365,models.AEMINE,1,0,1.364168405532837
571,0.6750817338749712,0.6363636363636365,models.AEMINE,0,1,1.2019157409667969
572,0.7107052326911294,0.6363636363636365,models.AEMINE,1,1,1.3185598850250244
573,0.6090999900735149,0.6363636363636365,models.AEInfoNCE,1,0,1.506174087524414
574,0.6328014904373442,0.6363636363636365,models.AEInfoNCE,0,1,1.5152711868286133
575,0.5987259333533911,0.6363636363636365,models.AEInfoNCE,1,1,1.5021185874938965
576,0.6634876458124184,0.6464646464646465,models.AECross,1,0,1.5224909782409668
577,0.5792552961604398,0.6464646464646465,models.AECross,0,1,1.5103375911712646
578,0.6110493554006239,0.6464646464646465,models.AECross,1,1,1.507019281387329
579,0.5657424221913345,0.6464646464646465,models.AEMINE,1,0,1.343475580215454
580,0.6388444036595761,0.6464646464646465,models.AEMINE,0,1,1.3196561336517334
581,0.5896783235363272,0.6464646464646465,models.AEMINE,1,1,1.3333511352539062
582,0.625001623522471,0.6464646464646465,models.AEInfoNCE,1,0,1.4981329441070557
583,0.5576704719031692,0.6464646464646465,models.AEInfoNCE,0,1,1.4898130893707275
584,0.5270078034248006,0.6464646464646465,models.AEInfoNCE,1,1,1.4953851699829102
585,0.5838877707356985,0.6565656565656566,models.AECross,1,0,1.5001509189605713
586,0.7110513262578609,0.6565656565656566,models.AECross,0,1,1.514672040939331
587,0.6272283702241824,0.6565656565656566,models.AECross,1,1,1.5194900035858154
588,0.7109873649648246,0.6565656565656566,models.AEMINE,1,0,1.3514771461486816
589,0.4896946004038414,0.6565656565656566,models.AEMINE,0,1,1.314269781112671
590,0.5532598062391689,0.6565656565656566,models.AEMINE,1,1,1.2057850360870361
591,0.7533440670399989,0.6565656565656566,models.AEInfoNCE,1,0,1.502777338027954
592,0.6415201189557037,0.6565656565656566,models.AEInfoNCE,0,1,1.3725275993347168
593,0.6248343180245856,0.6565656565656566,models.AEInfoNCE,1,1,1.505432367324829
594,0.6129865557355118,0.6666666666666667,models.AECross,1,0,1.4920663833618164
595,0.5071395201127372,0.6666666666666667,models.AECross,0,1,1.507122278213501
596,0.6254970312336279,0.6666666666666667,models.AECross,1,1,1.5175511837005615
597,0.585981895661546,0.6666666666666667,models.AEMINE,1,0,1.3685088157653809
598,0.5706701378481904,0.6666666666666667,models.AEMINE,0,1,1.0466516017913818
599,0.568812482203423,0.6666666666666667,models.AEMINE,1,1,1.3217644691467285
600,0.6412903793146538,0.6666666666666667,models.AEInfoNCE,1,0,1.5242762565612793
601,0.4472915116148098,0.6666666666666667,models.AEInfoNCE,0,1,1.5144867897033691
602,0.5024041993091579,0.6666666666666667,models.AEInfoNCE,1,1,1.5250458717346191
603,0.7134891106254806,0.6767676767676768,models.AECross,1,0,1.4881479740142822
604,0.707009886492878,0.6767676767676768,models.AECross,0,1,1.5020997524261475
605,0.6847642758743016,0.6767676767676768,models.AECross,1,1,1.6618661880493164
606,0.6554614594665259,0.6767676767676768,models.AEMINE,1,0,1.3605635166168213
607,0.6144796152065858,0.6767676767676768,models.AEMINE,0,1,0.9291284084320068
608,0.6982829702997578,0.6767676767676768,models.AEMINE,1,1,1.3292899131774902
609,0.6887606752907187,0.6767676767676768,models.AEInfoNCE,1,0,1.5047895908355713
610,0.6680211008902994,0.6767676767676768,models.AEInfoNCE,0,1,1.5070483684539795
611,0.7529866670620374,0.6767676767676768,models.AEInfoNCE,1,1,1.5089664459228516
612,0.7439000518555045,0.686868686868687,models.AECross,1,0,1.497650146484375
613,0.6939520743393643,0.686868686868687,models.AECross,0,1,1.5088932514190674
614,0.7089261612961704,0.686868686868687,models.AECross,1,1,1.5119428634643555
615,0.7119361851968563,0.686868686868687,models.AEMINE,1,0,1.3566558361053467
616,0.5942800929743047,0.686868686868687,models.AEMINE,0,1,1.1188271045684814
617,0.8702828408999951,0.686868686868687,models.AEMINE,1,1,1.3323638439178467
618,0.7467346763416894,0.686868686868687,models.AEInfoNCE,1,0,1.4907381534576416
619,0.7330412628817935,0.686868686868687,models.AEInfoNCE,0,1,1.406564474105835
620,0.6938860042617587,0.686868686868687,models.AEInfoNCE,1,1,1.5400006771087646
621,0.749356750916332,0.696969696969697,models.AECross,1,0,1.509106159210205
622,0.7149246378413262,0.696969696969697,models.AECross,0,1,1.504944086074829
623,0.6288061214622394,0.696969696969697,models.AECross,1,1,1.518005132675171
624,0.6560284236487239,0.696969696969697,models.AEMINE,1,0,1.3407273292541504
625,0.5853625066273629,0.696969696969697,models.AEMINE,0,1,1.3242371082305908
626,0.619820858045809,0.696969696969697,models.AEMINE,1,1,1.3136076927185059
627,0.6531804340432018,0.696969696969697,models.AEInfoNCE,1,0,1.4993622303009033
628,0.6557443010515772,0.696969696969697,models.AEInfoNCE,0,1,1.4911656379699707
629,0.8225594063589597,0.696969696969697,models.AEInfoNCE,1,1,1.502943515777588
630,0.7319904729154458,0.7070707070707072,models.AECross,1,0,1.5059690475463867
631,0.7262587399310118,0.7070707070707072,models.AECross,0,1,1.520259141921997
632,0.6419106580456951,0.7070707070707072,models.AECross,1,1,1.5168914794921875
633,0.7076584671768992,0.7070707070707072,models.AEMINE,1,0,1.3452386856079102
634,0.6729041485774668,0.7070707070707072,models.AEMINE,0,1,1.3242530822753906
635,0.7140672003683102,0.7070707070707072,models.AEMINE,1,1,1.3310606479644775
636,0.7485963317709773,0.7070707070707072,models.AEInfoNCE,1,0,1.499455213546753
637,0.7370934340817686,0.7070707070707072,models.AEInfoNCE,0,1,1.490785837173462
638,0.6190348967075395,0.7070707070707072,models.AEInfoNCE,1,1,1.5100693702697754
639,0.739271560226234,0.7171717171717172,models.AECross,1,0,1.5015497207641602
640,0.7567302056795233,0.7171717171717172,models.AECross,0,1,1.4973406791687012
641,0.6650641417955834,0.7171717171717172,models.AECross,1,1,1.5225889682769775
642,0.6866418772559938,0.7171717171717172,models.AEMINE,1,0,1.3500499725341797
643,0.607811764610579,0.7171717171717172,models.AEMINE,0,1,1.146010398864746
644,0.7614170710014678,0.7171717171717172,models.AEMINE,1,1,1.3203520774841309
645,0.7149389740909237,0.7171717171717172,models.AEInfoNCE,1,0,1.5006420612335205
646,0.7704678874675497,0.7171717171717172,models.AEInfoNCE,0,1,1.4859511852264404
647,0.7923294207938855,0.7171717171717172,models.AEInfoNCE,1,1,1.4926879405975342
648,0.6706650883883648,0.7272727272727273,models.AECross,1,0,1.503931999206543
649,0.6242208049262451,0.7272727272727273,models.AECross,0,1,1.49676513671875
650,0.7545564200025642,0.7272727272727273,models.AECross,1,1,1.5079491138458252
651,0.7447298842186394,0.7272727272727273,models.AEMINE,1,0,1.3502681255340576
652,0.6488316027360306,0.7272727272727273,models.AEMINE,0,1,1.1693689823150635
653,0.7345057379749591,0.7272727272727273,models.AEMINE,1,1,1.311136245727539
654,0.767905757446384,0.7272727272727273,models.AEInfoNCE,1,0,1.5149474143981934
655,0.7740413911812054,0.7272727272727273,models.AEInfoNCE,0,1,1.4861962795257568
656,0.6758729960416326,0.7272727272727273,models.AEInfoNCE,1,1,1.501981258392334
657,0.8573681179056405,0.7373737373737375,models.AECross,1,0,1.5088176727294922
658,0.7692437797277679,0.7373737373737375,models.AECross,0,1,1.4905695915222168
659,0.8459797701214152,0.7373737373737375,models.AECross,1,1,1.5039434432983398
660,0.8282246868380112,0.7373737373737375,models.AEMINE,1,0,1.378666877746582
661,0.7181066926048623,0.7373737373737375,models.AEMINE,0,1,1.308570146560669
662,0.742972912056813,0.7373737373737375,models.AEMINE,1,1,1.317190170288086
663,0.714664100942603,0.7373737373737375,models.AEInfoNCE,1,0,1.4951179027557373
664,0.713040819789438,0.7373737373737375,models.AEInfoNCE,0,1,1.4994409084320068
665,0.7216138411091488,0.7373737373737375,models.AEInfoNCE,1,1,1.5014522075653076
666,0.7130626432526608,0.7474747474747475,models.AECross,1,0,1.5032079219818115
667,0.6601606115727654,0.7474747474747475,models.AECross,0,1,1.509070634841919
668,0.7161158228992844,0.7474747474747475,models.AECross,1,1,1.534562110900879
669,0.6781323724708773,0.7474747474747475,models.AEMINE,1,0,1.3479723930358887
670,0.6676284700232068,0.7474747474747475,models.AEMINE,0,1,1.3159594535827637
671,0.7353581152583725,0.7474747474747475,models.AEMINE,1,1,1.328695297241211
672,0.6307402107659308,0.7474747474747475,models.AEInfoNCE,1,0,1.512068748474121
673,0.5897913475254158,0.7474747474747475,models.AEInfoNCE,0,1,1.5115203857421875
674,0.8171840602099157,0.7474747474747475,models.AEInfoNCE,1,1,1.5135164260864258
675,0.91876050015346,0.7575757575757577,models.AECross,1,0,1.5274817943572998
676,0.6937544655278742,0.7575757575757577,models.AECross,0,1,1.5205373764038086
677,0.7648234535489987,0.7575757575757577,models.AECross,1,1,1.5076444149017334
678,0.8012706269165939,0.7575757575757577,models.AEMINE,1,0,1.3596792221069336
679,0.6759216063403894,0.7575757575757577,models.AEMINE,0,1,0.96555495262146
680,0.7755262148982061,0.7575757575757577,models.AEMINE,1,1,1.3266565799713135
681,0.8955663164374098,0.7575757575757577,models.AEInfoNCE,1,0,1.5116496086120605
682,0.7474618176710679,0.7575757575757577,models.AEInfoNCE,0,1,1.507883071899414
683,0.7965197615471775,0.7575757575757577,models.AEInfoNCE,1,1,1.5105681419372559
684,0.7605747669961974,0.7676767676767677,models.AECross,1,0,1.5179481506347656
685,0.7869427436302545,0.7676767676767677,models.AECross,0,1,1.5010836124420166
686,0.7164559064112457,0.7676767676767677,models.AECross,1,1,1.512864112854004
687,0.791315310155898,0.7676767676767677,models.AEMINE,1,0,1.3442649841308594
688,0.7620353797760641,0.7676767676767677,models.AEMINE,0,1,1.251662254333496
689,0.5441697195614834,0.7676767676767677,models.AEMINE,1,1,1.322526216506958
690,0.8294716773754462,0.7676767676767677,models.AEInfoNCE,1,0,1.5094902515411377
691,0.7326086544932395,0.7676767676767677,models.AEInfoNCE,0,1,1.5176305770874023
692,0.6704511723998839,0.7676767676767677,models.AEInfoNCE,1,1,1.5066752433776855
693,0.7703700192968286,0.7777777777777778,models.AECross,1,0,1.5103070735931396
694,0.7529798815998422,0.7777777777777778,models.AECross,0,1,1.4816040992736816
695,0.8164841269904268,0.7777777777777778,models.AECross,1,1,1.5237197875976562
696,0.8401698501036752,0.7777777777777778,models.AEMINE,1,0,1.3528873920440674
697,0.7981037579406279,0.7777777777777778,models.AEMINE,0,1,1.3197026252746582
698,0.852062474763997,0.7777777777777778,models.AEMINE,1,1,1.196007490158081
699,0.8489473583159525,0.7777777777777778,models.AEInfoNCE,1,0,1.6397678852081299
700,0.6828667215393159,0.7777777777777778,models.AEInfoNCE,0,1,1.486907958984375
701,0.8380617151257791,0.7777777777777778,models.AEInfoNCE,1,1,1.5078961849212646
702,0.7437586854410456,0.787878787878788,models.AECross,1,0,1.5078613758087158
703,0.7184759878873833,0.787878787878788,models.AECross,0,1,1.5233666896820068
704,0.8338426588638379,0.787878787878788,models.AECross,1,1,1.511061429977417
705,0.8900631140181207,0.787878787878788,models.AEMINE,1,0,1.3554184436798096
706,0.7639876020393861,0.787878787878788,models.AEMINE,0,1,1.3218209743499756
707,0.7265882957263697,0.787878787878788,models.AEMINE,1,1,1.3296260833740234
708,0.7132453107590784,0.787878787878788,models.AEInfoNCE,1,0,1.5184252262115479
709,0.7559936238764349,0.787878787878788,models.AEInfoNCE,0,1,1.5139718055725098
710,0.7232551227194935,0.787878787878788,models.AEInfoNCE,1,1,1.5125460624694824
711,1.0096491894569162,0.797979797979798,models.AECross,1,0,1.5165903568267822
712,0.725936368684544,0.797979797979798,models.AECross,0,1,1.5105743408203125
713,0.7859460901782852,0.797979797979798,models.AECross,1,1,1.5090224742889404
714,0.9296635868209033,0.797979797979798,models.AEMINE,1,0,1.3602814674377441
715,0.8585644036245065,0.797979797979798,models.AEMINE,0,1,0.9441943168640137
716,0.9047439036191125,0.797979797979798,models.AEMINE,1,1,1.3078455924987793
717,0.8099406674553264,0.797979797979798,models.AEInfoNCE,1,0,1.500516653060913
718,0.7817717473622737,0.797979797979798,models.AEInfoNCE,0,1,1.5185365676879883
719,0.8172478107654522,0.797979797979798,models.AEInfoNCE,1,1,1.5194427967071533
720,0.6963023755504205,0.8080808080808082,models.AECross,1,0,1.493513822555542
721,0.7132557640818139,0.8080808080808082,models.AECross,0,1,1.4974966049194336
722,0.792107876084425,0.8080808080808082,models.AECross,1,1,1.5033178329467773
723,0.823709128154234,0.8080808080808082,models.AEMINE,1,0,1.3373939990997314
724,0.6948917458895153,0.8080808080808082,models.AEMINE,0,1,1.0915334224700928
725,0.6474721715208593,0.8080808080808082,models.AEMINE,1,1,1.3266828060150146
726,0.7380769549144157,0.8080808080808082,models.AEInfoNCE,1,0,1.4993016719818115
727,0.7816011303892776,0.8080808080808082,models.AEInfoNCE,0,1,1.494969367980957
728,0.6729643288849544,0.8080808080808082,models.AEInfoNCE,1,1,1.5205543041229248
729,0.7775555113204269,0.8181818181818182,models.AECross,1,0,1.505732774734497
730,0.5702797831946933,0.8181818181818182,models.AECross,0,1,1.512174129486084
731,0.6933112276225958,0.8181818181818182,models.AECross,1,1,1.5181400775909424
732,0.7664168800553544,0.8181818181818182,models.AEMINE,1,0,1.3259053230285645
733,0.7203686935820168,0.8181818181818182,models.AEMINE,0,1,1.285857915878296
734,0.707196443661784,0.8181818181818182,models.AEMINE,1,1,1.3254098892211914
735,0.7651191227000765,0.8181818181818182,models.AEInfoNCE,1,0,1.5040740966796875
736,0.8532908351416371,0.8181818181818182,models.AEInfoNCE,0,1,1.4869213104248047
737,0.7564608832729937,0.8181818181818182,models.AEInfoNCE,1,1,1.5168018341064453
738,0.8201539067326796,0.8282828282828284,models.AECross,1,0,1.5167059898376465
739,0.7417776724553069,0.8282828282828284,models.AECross,0,1,1.4885516166687012
740,0.818160789106472,0.8282828282828284,models.AECross,1,1,1.5078821182250977
741,0.8558732494007018,0.8282828282828284,models.AEMINE,1,0,1.3365440368652344
742,0.8287868291283413,0.8282828282828284,models.AEMINE,0,1,1.3334639072418213
743,0.8237630305802888,0.8282828282828284,models.AEMINE,1,1,1.3294343948364258
744,0.8073968211539794,0.8282828282828284,models.AEInfoNCE,1,0,1.5159285068511963
745,0.798486820454901,0.8282828282828284,models.AEInfoNCE,0,1,1.5034174919128418
746,0.6933918585283464,0.8282828282828284,models.AEInfoNCE,1,1,1.5150234699249268
747,0.8323512960806,0.8383838383838385,models.AECross,1,0,1.5021717548370361
748,0.6753373527884157,0.8383838383838385,models.AECross,0,1,1.507296085357666
749,0.8315791312511047,0.8383838383838385,models.AECross,1,1,1.5032076835632324
750,0.723475670366252,0.8383838383838385,models.AEMINE,1,0,1.35197114944458
751,0.795514561828976,0.8383838383838385,models.AEMINE,0,1,0.8854818344116211
752,0.727012350887943,0.8383838383838385,models.AEMINE,1,1,1.1935851573944092
753,0.9091414373615926,0.8383838383838385,models.AEInfoNCE,1,0,1.5169050693511963
754,0.8303990805095582,0.8383838383838385,models.AEInfoNCE,0,1,1.5140910148620605
755,0.8245230700259503,0.8383838383838385,models.AEInfoNCE,1,1,1.4935126304626465
756,0.8524400285246284,0.8484848484848485,models.AECross,1,0,1.5111510753631592
757,0.7781556670690399,0.8484848484848485,models.AECross,0,1,1.5159757137298584
758,0.7921996688980709,0.8484848484848485,models.AECross,1,1,1.521428108215332
759,0.7929225194113376,0.8484848484848485,models.AEMINE,1,0,1.3748149871826172
760,0.8436255350858703,0.8484848484848485,models.AEMINE,0,1,1.3259494304656982
761,0.840885246165868,0.8484848484848485,models.AEMINE,1,1,1.3303613662719727
762,0.74761780092403,0.8484848484848485,models.AEInfoNCE,1,0,1.5126378536224365
763,0.8562989165424081,0.8484848484848485,models.AEInfoNCE,0,1,1.5119030475616455
764,0.8322506433414467,0.8484848484848485,models.AEInfoNCE,1,1,1.5098166465759277
765,0.640338497791603,0.8585858585858587,models.AECross,1,0,1.49739670753479
766,0.6927318702158086,0.8585858585858587,models.AECross,0,1,1.514871597290039
767,0.7046225573872972,0.8585858585858587,models.AECross,1,1,1.4938240051269531
768,0.8183198163387652,0.8585858585858587,models.AEMINE,1,0,1.3557109832763672
769,0.6786689824427543,0.8585858585858587,models.AEMINE,0,1,0.8836584091186523
770,0.8333625677750575,0.8585858585858587,models.AEMINE,1,1,1.324336290359497
771,0.71468841676694,0.8585858585858587,models.AEInfoNCE,1,0,1.5200791358947754
772,0.7039188299787795,0.8585858585858587,models.AEInfoNCE,0,1,1.5042624473571777
773,0.7790492498767375,0.8585858585858587,models.AEInfoNCE,1,1,1.5069379806518555
774,0.7651376649288123,0.8686868686868687,models.AECross,1,0,1.4992766380310059
775,0.8231133594173362,0.8686868686868687,models.AECross,0,1,1.496471643447876
776,0.943794352400138,0.8686868686868687,models.AECross,1,1,1.509577751159668
777,0.8636055146914123,0.8686868686868687,models.AEMINE,1,0,1.3412129878997803
778,0.892503228220081,0.8686868686868687,models.AEMINE,0,1,1.3241136074066162
779,0.7690346580655663,0.8686868686868687,models.AEMINE,1,1,1.3184092044830322
780,0.7988552050253073,0.8686868686868687,models.AEInfoNCE,1,0,1.5105607509613037
781,0.8764959704042732,0.8686868686868687,models.AEInfoNCE,0,1,1.5056543350219727
782,0.8812994211163505,0.8686868686868687,models.AEInfoNCE,1,1,1.5085551738739014
783,0.8459271954961062,0.8787878787878789,models.AECross,1,0,1.5038118362426758
784,0.7751159461443409,0.8787878787878789,models.AECross,0,1,1.5036098957061768
785,0.9169120541591931,0.8787878787878789,models.AECross,1,1,1.5023112297058105
786,0.7796213737583747,0.8787878787878789,models.AEMINE,1,0,1.3483870029449463
787,0.6700451844657743,0.8787878787878789,models.AEMINE,0,1,1.3083443641662598
788,0.8995879263545423,0.8787878787878789,models.AEMINE,1,1,1.320253610610962
789,0.9096982932291523,0.8787878787878789,models.AEInfoNCE,1,0,1.5056843757629395
790,0.74965809679468,0.8787878787878789,models.AEInfoNCE,0,1,1.512134313583374
791,0.8942549464440265,0.8787878787878789,models.AEInfoNCE,1,1,1.5169577598571777
792,1.011340138287981,0.888888888888889,models.AECross,1,0,1.6481878757476807
793,0.910494707605697,0.888888888888889,models.AECross,0,1,1.5173721313476562
794,0.9505497659933748,0.888888888888889,models.AECross,1,1,1.5080792903900146
795,1.011336914599365,0.888888888888889,models.AEMINE,1,0,1.3666760921478271
796,0.9206443314017536,0.888888888888889,models.AEMINE,0,1,1.2448103427886963
797,0.8810313049034084,0.888888888888889,models.AEMINE,1,1,1.3164122104644775
798,0.9830246737327614,0.888888888888889,models.AEInfoNCE,1,0,1.499474287033081
799,0.8702067280657816,0.888888888888889,models.AEInfoNCE,0,1,1.5056016445159912
800,0.9835177960186988,0.888888888888889,models.AEInfoNCE,1,1,1.5205211639404297
801,0.9318491692818636,0.8989898989898991,models.AECross,1,0,1.5192325115203857
802,0.8979603109136135,0.8989898989898991,models.AECross,0,1,1.5098955631256104
803,0.9257249442492032,0.8989898989898991,models.AECross,1,1,1.514801025390625
804,0.9202432610763094,0.8989898989898991,models.AEMINE,1,0,1.3441810607910156
805,0.8821092382566224,0.8989898989898991,models.AEMINE,0,1,1.1676623821258545
806,0.80814744979435,0.8989898989898991,models.AEMINE,1,1,1.3109080791473389
807,0.9376337677418578,0.8989898989898991,models.AEInfoNCE,1,0,1.5041353702545166
808,0.8780164118705038,0.8989898989898991,models.AEInfoNCE,0,1,1.5031728744506836
809,0.947248597457847,0.8989898989898991,models.AEInfoNCE,1,1,1.5023095607757568
810,0.8851600009912618,0.9090909090909092,models.AECross,1,0,1.4983956813812256
811,0.9188183814752645,0.9090909090909092,models.AECross,0,1,1.5057146549224854
812,0.9513504392539813,0.9090909090909092,models.AECross,1,1,1.5215163230895996
813,0.8773905505168368,0.9090909090909092,models.AEMINE,1,0,1.342653512954712
814,0.7735755260856355,0.9090909090909092,models.AEMINE,0,1,1.2138051986694336
815,0.8368349210457856,0.9090909090909092,models.AEMINE,1,1,1.3381962776184082
816,0.8833616473504232,0.9090909090909092,models.AEInfoNCE,1,0,1.4973821640014648
817,0.8769577625958987,0.9090909090909092,models.AEInfoNCE,0,1,1.5083520412445068
818,0.9085202169137514,0.9090909090909092,models.AEInfoNCE,1,1,1.5106468200683594
819,0.8330724715035103,0.9191919191919192,models.AECross,1,0,1.5106592178344727
820,0.8129415233766443,0.9191919191919192,models.AECross,0,1,1.5055935382843018
821,0.944645243007967,0.9191919191919192,models.AECross,1,1,1.5096135139465332
822,1.0278732949142906,0.9191919191919192,models.AEMINE,1,0,1.334660291671753
823,0.8093230282726126,0.9191919191919192,models.AEMINE,0,1,1.24820876121521
824,0.9762488758144814,0.9191919191919192,models.AEMINE,1,1,1.3056268692016602
825,0.9309638272612597,0.9191919191919192,models.AEInfoNCE,1,0,1.5120134353637695
826,0.9729177851081896,0.9191919191919192,models.AEInfoNCE,0,1,1.5227458477020264
827,0.9426046306948637,0.9191919191919192,models.AEInfoNCE,1,1,1.512127161026001
828,0.928616197036067,0.9292929292929294,models.AECross,1,0,1.5206642150878906
829,0.868348182117672,0.9292929292929294,models.AECross,0,1,1.4923250675201416
830,0.9860995274540014,0.9292929292929294,models.AECross,1,1,1.5104796886444092
831,0.9275281725722021,0.9292929292929294,models.AEMINE,1,0,1.354546308517456
832,0.8901536625788641,0.9292929292929294,models.AEMINE,0,1,0.9960966110229492
833,0.9148380807167983,0.9292929292929294,models.AEMINE,1,1,1.3405814170837402
834,0.9976394964958925,0.9292929292929294,models.AEInfoNCE,1,0,1.4973385334014893
835,0.8174784553838802,0.9292929292929294,models.AEInfoNCE,0,1,1.5052952766418457
836,0.9602100070101062,0.9292929292929294,models.AEInfoNCE,1,1,1.499997854232788
837,0.8562810034943499,0.9393939393939394,models.AECross,1,0,1.4965457916259766
838,0.8926005454745074,0.9393939393939394,models.AECross,0,1,1.4970719814300537
839,0.7564318599301857,0.9393939393939394,models.AECross,1,1,1.520735263824463
840,1.0139068062192467,0.9393939393939394,models.AEMINE,1,0,1.3587310314178467
841,0.9875590972639907,0.9393939393939394,models.AEMINE,0,1,1.0408596992492676
842,0.8805930887495665,0.9393939393939394,models.AEMINE,1,1,1.3418235778808594
843,0.8785112107564996,0.9393939393939394,models.AEInfoNCE,1,0,1.49945068359375
844,0.9708524471592223,0.9393939393939394,models.AEInfoNCE,0,1,1.5155367851257324
845,0.8901264616961941,0.9393939393939394,models.AEInfoNCE,1,1,1.5069544315338135
846,1.04423798717333,0.9494949494949496,models.AECross,1,0,1.496971607208252
847,0.8805651960442379,0.9494949494949496,models.AECross,0,1,1.4927740097045898
848,0.906614432882471,0.9494949494949496,models.AECross,1,1,1.5002639293670654
849,1.0479753816818742,0.9494949494949496,models.AEMINE,1,0,1.3405976295471191
850,0.8175725903648938,0.9494949494949496,models.AEMINE,0,1,1.2587122917175293
851,0.9567311977992214,0.9494949494949496,models.AEMINE,1,1,1.322136640548706
852,1.1387148545843,0.9494949494949496,models.AEInfoNCE,1,0,1.4790091514587402
853,0.9434590208586301,0.9494949494949496,models.AEInfoNCE,0,1,1.4969475269317627
854,0.9781501445585045,0.9494949494949496,models.AEInfoNCE,1,1,1.5057616233825684
855,0.9279567328332955,0.9595959595959597,models.AECross,1,0,1.4931316375732422
856,0.9177005038114638,0.9595959595959597,models.AECross,0,1,1.5107743740081787
857,0.9512543007474303,0.9595959595959597,models.AECross,1,1,1.5160176753997803
858,0.9856823493687976,0.9595959595959597,models.AEMINE,1,0,1.3619134426116943
859,0.8953890227754004,0.9595959595959597,models.AEMINE,0,1,1.3272619247436523
860,0.8912078081867404,0.9595959595959597,models.AEMINE,1,1,1.3433599472045898
861,1.017197596598997,0.9595959595959597,models.AEInfoNCE,1,0,1.5133984088897705
862,0.9023945676777443,0.9595959595959597,models.AEInfoNCE,0,1,1.516538381576538
863,0.8382364674316687,0.9595959595959597,models.AEInfoNCE,1,1,1.5088903903961182
864,0.9515629437897558,0.9696969696969697,models.AECross,1,0,1.5069482326507568
865,0.9570367932393611,0.9696969696969697,models.AECross,0,1,1.5169222354888916
866,0.9949729456966638,0.9696969696969697,models.AECross,1,1,1.5326108932495117
867,0.9872034094937151,0.9696969696969697,models.AEMINE,1,0,1.3463289737701416
868,0.8991637402977597,0.9696969696969697,models.AEMINE,0,1,1.2088091373443604
869,0.7834767984807559,0.9696969696969697,models.AEMINE,1,1,1.3417844772338867
870,1.0102252315110725,0.9696969696969697,models.AEInfoNCE,1,0,1.503098964691162
871,0.9059498857266719,0.9696969696969697,models.AEInfoNCE,0,1,1.5143418312072754
872,0.9330370183499744,0.9696969696969697,models.AEInfoNCE,1,1,1.5171797275543213
873,0.8237273114567345,0.9797979797979799,models.AECross,1,0,1.5231225490570068
874,0.8598665181939384,0.9797979797979799,models.AECross,0,1,1.511772632598877
875,0.8506718479759746,0.9797979797979799,models.AECross,1,1,1.5039536952972412
876,0.8892370522735087,0.9797979797979799,models.AEMINE,1,0,1.3583242893218994
877,0.9575507663771641,0.9797979797979799,models.AEMINE,0,1,1.350083351135254
878,0.8341392285365847,0.9797979797979799,models.AEMINE,1,1,1.3435227870941162
879,0.8878752781175357,0.9797979797979799,models.AEInfoNCE,1,0,1.5084168910980225
880,0.9199068631365207,0.9797979797979799,models.AEInfoNCE,0,1,1.5163004398345947
881,0.8143400011994911,0.9797979797979799,models.AEInfoNCE,1,1,1.5126068592071533
882,0.9007511682506731,0.98989898989899,models.AECross,1,0,1.5079760551452637
883,0.9115337504871115,0.98989898989899,models.AECross,0,1,1.5277490615844727
884,0.8987427052441487,0.98989898989899,models.AECross,1,1,1.518707275390625
885,1.0054806485708192,0.98989898989899,models.AEMINE,1,0,1.3622229099273682
886,0.8261498301891596,0.98989898989899,models.AEMINE,0,1,1.4745519161224365
887,0.9097339998698554,0.98989898989899,models.AEMINE,1,1,1.3261497020721436
888,1.0782913337346667,0.98989898989899,models.AEInfoNCE,1,0,1.5097606182098389
889,0.8916665433652988,0.98989898989899,models.AEInfoNCE,0,1,1.5086960792541504
890,0.842095801342386,0.98989898989899,models.AEInfoNCE,1,1,1.5188627243041992
891,1.042196566433864,1.0,models.AECross,1,0,1.5201809406280518
892,0.9515024346524974,1.0,models.AECross,0,1,1.5283012390136719
893,1.092129665044382,1.0,models.AECross,1,1,1.5164170265197754
894,1.0176379491278535,1.0,models.AEMINE,1,0,1.361292839050293
895,0.7761053182395052,1.0,models.AEMINE,0,1,1.1230764389038086
896,0.9004745327741789,1.0,models.AEMINE,1,1,1.3223206996917725
897,1.1172006864395667,1.0,models.AEInfoNCE,1,0,1.5144824981689453
898,0.90746381263634,1.0,models.AEInfoNCE,0,1,1.5040078163146973
899,0.9829899524094313,1.0,models.AEInfoNCE,1,1,1.5048081874847412
