,Estimate,Label MI,Dimension,Measure,Time
0,0.15653723295412153,1.0,1024,MINE,12.33162522315979
1,0.0,1.0,1024,InfoNCE,9.00989317893982
2,0.4802484845484467,1.0,1024,KSG,39.231064558029175
3,0.8345827015995985,1.0,1024,LMI,6.321167707443237
4,0.8696104096707606,1.0,1024,LMI-InfoNCE,1.5450589656829834
5,0.8586328917092001,1.0,1024,LMI-MINE,2.1970419883728027
6,0.20622929815514343,1.0,1024,MINE,7.8011603355407715
7,0.0,1.0,1024,InfoNCE,11.604390859603882
8,0.4801966216512382,1.0,1024,KSG,40.48867082595825
9,0.8552316499469976,1.0,1024,LMI,4.859394550323486
10,0.8660294499358393,1.0,1024,LMI-InfoNCE,1.6639041900634766
11,0.8892898960504341,1.0,1024,LMI-MINE,3.682575225830078
12,0.037872643511800815,1.0,1024,MINE,7.343812942504883
13,0.0,1.0,1024,InfoNCE,9.324147701263428
14,0.480156133418868,1.0,1024,KSG,41.32363939285278
15,0.8539350705356011,1.0,1024,LMI,6.853121757507324
16,0.8600436536607269,1.0,1024,LMI-InfoNCE,1.8693187236785889
17,0.8367362198472391,1.0,1024,LMI-MINE,2.807898998260498
18,0.04574996486927004,1.0,1024,MINE,13.197306871414185
19,0.044533187614415666,1.0,1024,InfoNCE,12.629281759262085
20,0.48041296625611724,1.0,1024,KSG,40.9873902797699
21,0.8074354889752077,1.0,1024,LMI,7.60973858833313
22,0.884508519207504,1.0,1024,LMI-InfoNCE,1.47273588180542
23,0.9172898628328832,1.0,1024,LMI-MINE,2.9061269760131836
24,0.12838986438331082,1.0,1024,MINE,12.298455715179443
25,0.0,1.0,1024,InfoNCE,12.870909452438354
26,0.48008747452764705,1.0,1024,KSG,40.49446511268616
27,0.8139775635161939,1.0,1024,LMI,8.83338475227356
28,0.8641094085283991,1.0,1024,LMI-InfoNCE,1.5531604290008545
29,0.828200036432772,1.0,1024,LMI-MINE,1.595677375793457
30,0.0,1.0,1024,MINE,7.169051885604858
31,0.0,1.0,1024,InfoNCE,12.158642053604126
32,0.48005065774458455,1.0,1024,KSG,43.34094572067261
33,0.8283768288888693,1.0,1024,LMI,6.955228328704834
34,0.9063798068241297,1.0,1024,LMI-InfoNCE,1.7042696475982666
35,0.8834741132656806,1.0,1024,LMI-MINE,3.0852179527282715
36,0.007643596934946667,0.9895084208999352,1024,MINE,9.901832818984985
37,0.0008303322383656401,0.9895084208999352,1024,InfoNCE,12.496169090270996
38,0.4781621746439765,0.9895084208999352,1024,KSG,39.17566704750061
39,0.8534591250529077,0.9895084208999352,1024,LMI,4.663018465042114
40,0.8427900226104511,0.9895084208999352,1024,LMI-InfoNCE,1.365443229675293
41,0.8441493835608234,0.9895084208999352,1024,LMI-MINE,3.128967523574829
42,0.08115517328914214,1.0,1024,MINE,23.853240966796875
43,0.3405607331691371,1.0,1024,InfoNCE,21.235236644744873
44,0.4799974048533057,1.0,1024,KSG,37.75853991508484
45,0.8258908962228781,1.0,1024,LMI,5.39933967590332
46,0.8199490595414003,1.0,1024,LMI-InfoNCE,1.7780158519744873
47,0.910159372175714,1.0,1024,LMI-MINE,2.1020779609680176
48,0.356094808134344,0.9942997225420855,1024,MINE,6.044009208679199
49,0.0,0.9942997225420855,1024,InfoNCE,9.090121746063232
50,0.47819192618466894,0.9942997225420855,1024,KSG,40.49706029891968
51,0.8670865319756886,0.9942997225420855,1024,LMI,4.022589683532715
52,0.9080737802352696,0.9942997225420855,1024,LMI-InfoNCE,1.365403652191162
53,0.8262382575004343,0.9942997225420855,1024,LMI-MINE,3.8610246181488037
54,0.28043656582991033,0.9942997225420855,1024,MINE,9.293758153915405
55,0.006476866631493374,0.9942997225420855,1024,InfoNCE,18.042056798934937
56,0.4805025368144987,0.9942997225420855,1024,KSG,37.875784397125244
57,0.8412848508616381,0.9942997225420855,1024,LMI,5.057682752609253
58,0.8469600451966309,0.9942997225420855,1024,LMI-InfoNCE,1.4352500438690186
59,0.8863129654687337,0.9942997225420855,1024,LMI-MINE,2.233560562133789
60,0.0,0.9808353898576196,1024,MINE,8.075440406799316
61,0.0712978156722894,0.9808353898576196,1024,InfoNCE,15.744036436080933
62,0.47909615394855637,0.9808353898576196,1024,KSG,41.508437156677246
63,0.8225534347739282,0.9808353898576196,1024,LMI,5.666651248931885
64,0.8292043152993174,0.9808353898576196,1024,LMI-InfoNCE,1.5223016738891602
65,0.8455839485426773,0.9808353898576196,1024,LMI-MINE,2.6055691242218018
66,0.1445668964887683,0.9808353898576196,1024,MINE,12.838730573654175
67,0.05871006149033871,0.9808353898576196,1024,InfoNCE,9.928417444229126
68,0.47795831081443746,0.9808353898576196,1024,KSG,40.60809898376465
69,0.86392771393626,0.9808353898576196,1024,LMI,6.028107404708862
70,0.8433190889014722,0.9808353898576196,1024,LMI-InfoNCE,1.3600060939788818
71,0.8376921248803787,0.9808353898576196,1024,LMI-MINE,1.8246777057647705
72,6.879306034512345e-07,0.9808353898576196,1024,MINE,8.749433994293213
73,0.0,0.9808353898576196,1024,InfoNCE,10.228687524795532
74,0.47694282700033425,0.9808353898576196,1024,KSG,41.1129367351532
75,0.803462269731413,0.9808353898576196,1024,LMI,7.675305604934692
76,0.8722294580377192,0.9808353898576196,1024,LMI-InfoNCE,1.4909579753875732
77,0.8222269575081078,0.9808353898576196,1024,LMI-MINE,2.731969118118286
78,0.0,0.9850603921205161,1024,MINE,7.262967586517334
79,0.0,0.9850603921205161,1024,InfoNCE,12.195288896560669
80,0.4774898330650631,0.9850603921205161,1024,KSG,39.18189549446106
81,0.804481256028079,0.9850603921205161,1024,LMI,7.983340740203857
82,0.8530598462785602,0.9850603921205161,1024,LMI-InfoNCE,1.6941370964050293
83,0.8701588228905509,0.9850603921205161,1024,LMI-MINE,2.8313238620758057
84,0.3184412705197424,0.9808353898576196,1024,MINE,6.713613748550415
85,0.0,0.9808353898576196,1024,InfoNCE,10.626285552978516
86,0.48026076975267656,0.9808353898576196,1024,KSG,40.50422978401184
87,0.8119445952952694,0.9808353898576196,1024,LMI,7.700402498245239
88,0.7951177767660215,0.9808353898576196,1024,LMI-InfoNCE,1.6688687801361084
89,0.8675129201618881,0.9808353898576196,1024,LMI-MINE,2.4592366218566895
90,0.13253258247729413,0.9850603921205161,1024,MINE,14.599002122879028
91,0.0,0.9850603921205161,1024,InfoNCE,11.531851053237915
92,0.47375626062192994,0.9850603921205161,1024,KSG,38.13732123374939
93,0.8463667451600384,0.9850603921205161,1024,LMI,5.913870334625244
94,0.8399307974117979,0.9850603921205161,1024,LMI-InfoNCE,1.6767957210540771
95,0.8530101010924027,0.9850603921205161,1024,LMI-MINE,2.461956262588501
96,0.07782902882145543,0.9653102647950353,1024,MINE,11.686909675598145
97,0.008572303249605834,0.9653102647950353,1024,InfoNCE,19.179892778396606
98,0.4776062161592685,0.9653102647950353,1024,KSG,39.55649662017822
99,0.8298444331688443,0.9653102647950353,1024,LMI,5.922494411468506
100,0.8242344673340766,0.9653102647950353,1024,LMI-InfoNCE,1.7661528587341309
101,0.849862274485077,0.9653102647950353,1024,LMI-MINE,3.0216691493988037
102,0.18897969624758001,0.9653102647950353,1024,MINE,10.915349006652832
103,0.0,0.9653102647950353,1024,InfoNCE,13.619804620742798
104,0.4676568096904596,0.9653102647950353,1024,KSG,38.221248388290405
105,0.8047267941886096,0.9653102647950353,1024,LMI,9.049743175506592
106,0.8458281230341399,0.9653102647950353,1024,LMI-InfoNCE,1.5660429000854492
107,0.8617810375006129,0.9653102647950353,1024,LMI-MINE,2.74898099899292
108,0.13103426962297735,0.961670223385342,1024,MINE,8.84101414680481
109,0.0,0.961670223385342,1024,InfoNCE,9.213813304901123
110,0.4707707766169236,0.961670223385342,1024,KSG,40.23694038391113
111,0.8122566303890874,0.961670223385342,1024,LMI,5.446011543273926
112,0.8442223387144397,0.961670223385342,1024,LMI-InfoNCE,1.9841303825378418
113,0.8264394657516929,0.961670223385342,1024,LMI-MINE,2.3342652320861816
114,0.0,0.9511618211651192,1024,MINE,9.015755891799927
115,0.00020981883405262654,0.9511618211651192,1024,InfoNCE,43.901209115982056
116,0.46606418355860546,0.9511618211651192,1024,KSG,40.00384020805359
117,0.7746849205894576,0.9511618211651192,1024,LMI,5.9823126792907715
118,0.8210498491999176,0.9511618211651192,1024,LMI-InfoNCE,1.4322574138641357
119,0.8484580812247805,0.9511618211651192,1024,LMI-MINE,1.8323845863342285
120,0.016987758321624784,0.9546026564941328,1024,MINE,9.047279834747314
121,1.1694820258670987e-05,0.9546026564941328,1024,InfoNCE,24.531401872634888
122,0.46735257198333713,0.9546026564941328,1024,KSG,41.580158710479736
123,0.8100484307861476,0.9546026564941328,1024,LMI,8.09751582145691
124,0.850485022988361,0.9546026564941328,1024,LMI-InfoNCE,1.7146356105804443
125,0.8020484634930433,0.9546026564941328,1024,LMI-MINE,2.4179675579071045
126,0.054551520992475996,0.9511618211651192,1024,MINE,6.1154303550720215
127,0.20374715854656594,0.9511618211651192,1024,InfoNCE,24.22921109199524
128,0.4660644378172995,0.9511618211651192,1024,KSG,40.884068727493286
129,0.8166948952991178,0.9511618211651192,1024,LMI,6.635095119476318
130,0.8075846887345526,0.9511618211651192,1024,LMI-InfoNCE,1.440786361694336
131,0.8360736970149518,0.9511618211651192,1024,LMI-MINE,2.419456720352173
132,0.10421718685659047,0.9379090817793623,1024,MINE,10.59365200996399
133,0.0,0.9379090817793623,1024,InfoNCE,9.36979055404663
134,0.4634575121506312,0.9379090817793623,1024,KSG,38.41539907455444
135,0.7752965602121252,0.9379090817793623,1024,LMI,5.364772796630859
136,0.8485908198046104,0.9379090817793623,1024,LMI-InfoNCE,1.340066909790039
137,0.7885916138942571,0.9379090817793623,1024,LMI-MINE,1.993232011795044
138,0.01061236145414047,0.9477759713832941,1024,MINE,7.728372573852539
139,0.0,0.9477759713832941,1024,InfoNCE,13.663979530334473
140,0.4711581808942292,0.9477759713832941,1024,KSG,39.136786460876465
141,0.7993703211317741,0.9477759713832941,1024,LMI,5.175918340682983
142,0.8145113192820875,0.9477759713832941,1024,LMI-InfoNCE,1.2203102111816406
143,0.8260008903632431,0.9477759713832941,1024,LMI-MINE,2.516721487045288
144,0.3240556441571588,0.9477759713832941,1024,MINE,5.1492531299591064
145,0.0,0.9477759713832941,1024,InfoNCE,9.872599840164185
146,0.4663135627502374,0.9477759713832941,1024,KSG,37.438825845718384
147,0.79000070458937,0.9477759713832941,1024,LMI,6.186792612075806
148,0.8427016805077345,0.9477759713832941,1024,LMI-InfoNCE,1.4470582008361816
149,0.8277806196598922,0.9477759713832941,1024,LMI-MINE,1.9540693759918213
150,0.009896827635225754,0.9444408919844023,1024,MINE,13.965031385421753
151,0.3927512763305685,0.9444408919844023,1024,InfoNCE,9.798140525817871
152,0.4704325993347092,0.9444408919844023,1024,KSG,38.50814867019653
153,0.7715699893449002,0.9444408919844023,1024,LMI,5.156525611877441
154,0.8523305930504843,0.9444408919844023,1024,LMI-InfoNCE,1.1318228244781494
155,0.7549168077275088,0.9444408919844023,1024,LMI-MINE,1.3669044971466064
156,0.0955631918478248,0.925323619208499,1024,MINE,4.575570583343506
157,0.0,0.925323619208499,1024,InfoNCE,18.006384134292603
158,0.46025363002208525,0.925323619208499,1024,KSG,41.50058841705322
159,0.7404419996389869,0.925323619208499,1024,LMI,4.16740083694458
160,0.7909859167019646,0.925323619208499,1024,LMI-InfoNCE,1.486694097518921
161,0.8201389317276032,0.925323619208499,1024,LMI-MINE,2.0816030502319336
162,0.6505390384095597,0.9347064856333014,1024,MINE,7.713640928268433
163,0.4183519258074027,0.9347064856333014,1024,InfoNCE,10.62979531288147
164,0.4638757215285846,0.9347064856333014,1024,KSG,38.574533224105835
165,0.8306391492406907,0.9347064856333014,1024,LMI,7.800443887710571
166,0.81386737671426,0.9347064856333014,1024,LMI-InfoNCE,1.7064604759216309
167,0.8307628882855272,0.9347064856333014,1024,LMI-MINE,2.2258706092834473
168,0.09555889228155323,0.9074153837852619,1024,MINE,5.623773574829102
169,0.0,0.9074153837852619,1024,InfoNCE,14.317394018173218
170,0.4552966208522879,0.9074153837852619,1024,KSG,42.85427284240723
171,0.7929921882304297,0.9074153837852619,1024,LMI,6.754596471786499
172,0.8355232175620892,0.9074153837852619,1024,LMI-InfoNCE,1.6950080394744873
173,0.7725458729769417,0.9074153837852619,1024,LMI-MINE,1.9705355167388916
174,0.07625332377425037,0.9045264091669543,1024,MINE,24.99477529525757
175,1.4446542672475926e-05,0.9045264091669543,1024,InfoNCE,16.725114107131958
176,0.45178364909014673,0.9045264091669543,1024,KSG,43.25783705711365
177,0.7869546066458495,0.9045264091669543,1024,LMI,7.029597282409668
178,0.7492398403558078,0.9045264091669543,1024,LMI-InfoNCE,1.960096836090088
179,0.802231906374986,0.9045264091669543,1024,LMI-MINE,2.717456340789795
180,0.0,0.9045264091669543,1024,MINE,11.432565927505493
181,0.0,0.9045264091669543,1024,InfoNCE,22.975791454315186
182,0.45459107311815156,0.9045264091669543,1024,KSG,42.326218128204346
183,0.7626076843400919,0.9045264091669543,1024,LMI,6.0840675830841064
184,0.7766103510972303,0.9045264091669543,1024,LMI-InfoNCE,1.7037758827209473
185,0.7715421101180612,0.9045264091669543,1024,LMI-MINE,2.432119607925415
186,0.0006606713532894794,0.910329876471508,1024,MINE,16.473744869232178
187,0.0,0.910329876471508,1024,InfoNCE,9.545573949813843
188,0.4544249087094909,0.910329876471508,1024,KSG,41.8375780582428
189,0.7669859302125923,0.910329876471508,1024,LMI,5.485816240310669
190,0.7808657445339406,0.910329876471508,1024,LMI-InfoNCE,1.6611146926879883
191,0.8053542768019768,0.910329876471508,1024,LMI-MINE,3.698209285736084
192,0.0,0.9016620183676614,1024,MINE,16.773894548416138
193,0.0,0.9016620183676614,1024,InfoNCE,15.828771829605103
194,0.45469567406181105,0.9016620183676614,1024,KSG,38.265753984451294
195,0.7641390607884053,0.9016620183676614,1024,LMI,4.418492317199707
196,0.7897831678160953,0.9016620183676614,1024,LMI-InfoNCE,1.4681968688964844
197,0.7531724076018258,0.9016620183676614,1024,LMI-MINE,3.5357441902160645
198,0.6454878219623936,0.9016620183676614,1024,MINE,22.05625557899475
199,0.0,0.9016620183676614,1024,InfoNCE,28.8707332611084
200,0.4646805515222507,0.9016620183676614,1024,KSG,38.29885005950928
201,0.7697825099668635,0.9016620183676614,1024,LMI,8.251688718795776
202,0.7638198572798235,0.9016620183676614,1024,LMI-InfoNCE,1.2837986946105957
203,0.7333330896989914,0.9016620183676614,1024,LMI-MINE,2.3272156715393066
204,0.08880427366891641,0.8988213439247865,1024,MINE,13.19542932510376
205,0.0,0.8988213439247865,1024,InfoNCE,23.28343391418457
206,0.4524843521666037,0.8988213439247865,1024,KSG,41.29740238189697
207,0.7740945282578419,0.8988213439247865,1024,LMI,10.044300079345703
208,0.8289235531701149,0.8988213439247865,1024,LMI-InfoNCE,1.6089460849761963
209,0.7797207172182353,0.8988213439247865,1024,LMI-MINE,2.6276326179504395
210,0.12847929536175948,0.8904338070058357,1024,MINE,11.617352485656738
211,0.0,0.8904338070058357,1024,InfoNCE,17.377474784851074
212,0.44570869914732203,0.8904338070058357,1024,KSG,41.10178303718567
213,0.7535058274293109,0.8904338070058357,1024,LMI,5.304731130599976
214,0.7569563159562849,0.8904338070058357,1024,LMI-InfoNCE,1.67238187789917
215,0.8128197565593474,0.8904338070058357,1024,LMI-MINE,2.5783920288085938
216,0.0,0.8822336125403876,1024,MINE,11.133024215698242
217,6.94809909485747e-05,0.8822336125403876,1024,InfoNCE,23.4766628742218
218,0.4502847886795292,0.8822336125403876,1024,KSG,39.349366188049316
219,0.7303174967492445,0.8822336125403876,1024,LMI,4.734786033630371
220,0.762238274157361,0.8822336125403876,1024,LMI-InfoNCE,1.494459629058838
221,0.7238778002517187,0.8822336125403876,1024,LMI-MINE,1.785792589187622
222,0.0,0.8768629520845899,1024,MINE,8.66069746017456
223,0.0023651054146653443,0.8768629520845899,1024,InfoNCE,25.22314476966858
224,0.4497789024718387,0.8768629520845899,1024,KSG,39.8380401134491
225,0.7016184959587155,0.8768629520845899,1024,LMI,7.18773889541626
226,0.788565046295177,0.8768629520845899,1024,LMI-InfoNCE,1.4855453968048096
227,0.7347886060069267,0.8768629520845899,1024,LMI-MINE,1.9717357158660889
228,0.0032817729437641142,0.8611694229241316,1024,MINE,15.67136287689209
229,0.0006363358081923919,0.8611694229241316,1024,InfoNCE,47.62870478630066
230,0.4259367531576212,0.8611694229241316,1024,KSG,40.981093883514404
231,0.7486621472272145,0.8611694229241316,1024,LMI,6.4738991260528564
232,0.7346677783995198,0.8611694229241316,1024,LMI-InfoNCE,1.4784703254699707
233,0.740614241062307,0.8611694229241316,1024,LMI-MINE,2.1008107662200928
234,0.0,0.8715643996667986,1024,MINE,5.624177694320679
235,1.0318959051768518e-05,0.8715643996667986,1024,InfoNCE,23.806865692138672
236,0.4547124645788056,0.8715643996667986,1024,KSG,41.58446931838989
237,0.7849138018589076,0.8715643996667986,1024,LMI,6.7718095779418945
238,0.7401439274089698,0.8715643996667986,1024,LMI-InfoNCE,1.8900141716003418
239,0.7325782703581977,0.8715643996667986,1024,LMI-MINE,1.696134328842163
240,0.0,0.8663343174138203,1024,MINE,5.665883779525757
241,0.003870985505620097,0.8663343174138203,1024,InfoNCE,23.653128385543823
242,0.4413338745906095,0.8663343174138203,1024,KSG,38.70542311668396
243,0.7273627681954836,0.8663343174138203,1024,LMI,6.138577938079834
244,0.7855548379345928,0.8663343174138203,1024,LMI-InfoNCE,1.2149291038513184
245,0.7031375242608621,0.8663343174138203,1024,LMI-MINE,1.8658089637756348
246,0.020431538922501668,0.8510235557681756,1024,MINE,4.7683281898498535
247,0.0,0.8510235557681756,1024,InfoNCE,8.248326301574707
248,0.44253344720222015,0.8510235557681756,1024,KSG,39.80668640136719
249,0.7223338839671615,0.8510235557681756,1024,LMI,6.343441009521484
250,0.7620060617392864,0.8510235557681756,1024,LMI-InfoNCE,1.7033145427703857
251,0.7585716917181814,0.8510235557681756,1024,LMI-MINE,1.7965288162231445
252,0.1142757641749527,0.8510235557681756,1024,MINE,4.9835755825042725
253,0.0,0.8510235557681756,1024,InfoNCE,16.130311012268066
254,0.43188070916776067,0.8510235557681756,1024,KSG,39.34278440475464
255,0.7435820553116471,0.8510235557681756,1024,LMI,6.744205713272095
256,0.7759180451493197,0.8510235557681756,1024,LMI-InfoNCE,1.3520500659942627
257,0.7265998028939863,0.8510235557681756,1024,LMI-MINE,2.3700406551361084
258,0.22006074487680852,0.8362271858306218,1024,MINE,5.0300469398498535
259,0.06173420442311034,0.8362271858306218,1024,InfoNCE,8.62384557723999
260,0.43036305550068454,0.8362271858306218,1024,KSG,39.53706359863281
261,0.700080142070231,0.8362271858306218,1024,LMI,7.670132637023926
262,0.7471722183648409,0.8362271858306218,1024,LMI-InfoNCE,1.5423588752746582
263,0.7101096862560078,0.8362271858306218,1024,LMI-MINE,2.185898542404175
264,0.0,0.8338069239410701,1024,MINE,8.241121292114258
265,0.0,0.8338069239410701,1024,InfoNCE,8.706380844116211
266,0.42389735609868495,0.8338069239410701,1024,KSG,38.75654935836792
267,0.7262645801547641,0.8338069239410701,1024,LMI,5.521687269210815
268,0.7474405376171815,0.8338069239410701,1024,LMI-InfoNCE,1.8486237525939941
269,0.7779097657309538,0.8338069239410701,1024,LMI-MINE,3.296382427215576
270,0.0,0.8290035126823379,1024,MINE,9.939558029174805
271,0.0,0.8290035126823379,1024,InfoNCE,15.173264265060425
272,0.4334372587757909,0.8290035126823379,1024,KSG,39.50014281272888
273,0.7353231713874433,0.8290035126823379,1024,LMI,7.439624547958374
274,0.7649990815503722,0.8290035126823379,1024,LMI-InfoNCE,1.811460256576538
275,0.7253474439521541,0.8290035126823379,1024,LMI-MINE,3.658933401107788
276,0.0,0.8195392310997587,1024,MINE,14.002249240875244
277,0.00032539117543243395,0.8195392310997587,1024,InfoNCE,46.09624743461609
278,0.42282228182516146,0.8195392310997587,1024,KSG,42.71885895729065
279,0.7197710784686793,0.8195392310997587,1024,LMI,7.358591794967651
280,0.7095149897832592,0.8195392310997587,1024,LMI-InfoNCE,1.5376336574554443
281,0.7574012796117061,0.8195392310997587,1024,LMI-MINE,2.754218578338623
282,0.07020434997810367,0.8242481531748853,1024,MINE,20.156517267227173
283,0.0,0.8242481531748853,1024,InfoNCE,18.744349718093872
284,0.4247711742451438,0.8242481531748853,1024,KSG,38.85783100128174
285,0.6660178920600031,0.8242481531748853,1024,LMI,8.596599817276001
286,0.6898424132900836,0.8242481531748853,1024,LMI-InfoNCE,1.6655998229980469
287,0.7695738469761425,0.8242481531748853,1024,LMI-MINE,2.3184335231781006
288,0.03946563281541758,0.817201709385474,1024,MINE,13.156558275222778
289,1.99499875000858e-05,0.817201709385474,1024,InfoNCE,20.14108395576477
290,0.4293272551184051,0.817201709385474,1024,KSG,38.63453006744385
291,0.7557467311680675,0.817201709385474,1024,LMI,4.642019748687744
292,0.6831454620979109,0.817201709385474,1024,LMI-InfoNCE,1.4094882011413574
293,0.6837196316363079,0.817201709385474,1024,LMI-MINE,1.8060429096221924
294,0.09447540158111753,0.798885529872303,1024,MINE,17.538650035858154
295,0.0,0.798885529872303,1024,InfoNCE,25.83542799949646
296,0.41969104717681904,0.798885529872303,1024,KSG,41.56267213821411
297,0.6840913824148271,0.798885529872303,1024,LMI,7.186730146408081
298,0.6544928556728337,0.798885529872303,1024,LMI-InfoNCE,1.8013699054718018
299,0.6544850371494688,0.798885529872303,1024,LMI-MINE,2.935840606689453
300,0.0,0.8011391921808926,1024,MINE,23.253362894058228
301,0.12732150815615104,0.8011391921808926,1024,InfoNCE,28.75606942176819
302,0.4085375843251965,0.8011391921808926,1024,KSG,42.972100496292114
303,0.7004598736848533,0.8011391921808926,1024,LMI,7.832967042922974
304,0.6729153821534931,0.8011391921808926,1024,LMI-InfoNCE,1.8272521495819092
305,0.6864417019607039,0.8011391921808926,1024,LMI-MINE,2.431640148162842
306,0.0,0.7790283963503202,1024,MINE,17.180483102798462
307,0.0,0.7790283963503202,1024,InfoNCE,25.332650661468506
308,0.4337456583909738,0.7790283963503202,1024,KSG,38.18861484527588
309,0.6734621887272254,0.7790283963503202,1024,LMI,5.547463893890381
310,0.6243069321949755,0.7790283963503202,1024,LMI-InfoNCE,1.385493516921997
311,0.7130782930562557,0.7790283963503202,1024,LMI-MINE,2.049294948577881
312,0.0,0.7877616738607791,1024,MINE,5.709718942642212
313,0.0,0.7877616738607791,1024,InfoNCE,21.552999019622803
314,0.4168808552828578,0.7877616738607791,1024,KSG,39.062419414520264
315,0.643550209917412,0.7877616738607791,1024,LMI,6.40854024887085
316,0.6444072642584939,0.7877616738607791,1024,LMI-InfoNCE,1.4260985851287842
317,0.6808696958418358,0.7877616738607791,1024,LMI-MINE,1.8704380989074707
318,0.006235746954983716,0.7683071252731695,1024,MINE,5.746297836303711
319,0.0,0.7683071252731695,1024,InfoNCE,8.734197854995728
320,0.4122757937400106,0.7683071252731695,1024,KSG,39.77929139137268
321,0.6741176842604142,0.7683071252731695,1024,LMI,5.581461191177368
322,0.6177896224882985,0.7683071252731695,1024,LMI-InfoNCE,1.6414494514465332
323,0.6484909073513141,0.7683071252731695,1024,LMI-MINE,2.054114818572998
324,0.13822340240301906,0.7768671342734232,1024,MINE,18.588579416275024
325,0.0,0.7768671342734232,1024,InfoNCE,8.9932541847229
326,0.4171766862263414,0.7768671342734232,1024,KSG,42.46347522735596
327,0.6575615077670456,0.7768671342734232,1024,LMI,4.818266868591309
328,0.684401512437767,0.7768671342734232,1024,LMI-InfoNCE,1.4268221855163574
329,0.6693326379751809,0.7768671342734232,1024,LMI-MINE,1.8049383163452148
330,0.10422836572889654,0.7747144784325208,1024,MINE,25.427786827087402
331,0.0,0.7747144784325208,1024,InfoNCE,18.122088193893433
332,0.4208345905976948,0.7747144784325208,1024,KSG,38.87951922416687
333,0.6569779779995144,0.7747144784325208,1024,LMI,5.906688928604126
334,0.6678543727335775,0.7747144784325208,1024,LMI-InfoNCE,1.5771260261535645
335,0.7113167616699,0.7747144784325208,1024,LMI-MINE,4.2136712074279785
336,0.014766000446453592,0.7598784730170438,1024,MINE,16.46695876121521
337,0.0,0.7598784730170438,1024,InfoNCE,28.89659881591797
338,0.40825022988514303,0.7598784730170438,1024,KSG,43.61635065078735
339,0.6903816240558072,0.7598784730170438,1024,LMI,5.326270818710327
340,0.668515192334845,0.7598784730170438,1024,LMI-InfoNCE,2.523242235183716
341,0.6866720122340114,0.7598784730170438,1024,LMI-MINE,4.612950325012207
342,0.0,0.7454272342455448,1024,MINE,29.73159170150757
343,0.0037265200788953374,0.7454272342455448,1024,InfoNCE,22.098792791366577
344,0.41616579727412145,0.7454272342455448,1024,KSG,42.26422309875488
345,0.6255267486221622,0.7454272342455448,1024,LMI,8.520228147506714
346,0.5955585612158445,0.7454272342455448,1024,LMI-InfoNCE,2.203068494796753
347,0.6323156019996962,0.7454272342455448,1024,LMI-MINE,3.0075535774230957
348,0.0,0.7474692284838609,1024,MINE,24.35450267791748
349,0.0,0.7474692284838609,1024,InfoNCE,36.074341773986816
350,0.39868494090099,0.7474692284838609,1024,KSG,39.420870304107666
351,0.6522338261611398,0.7474692284838609,1024,LMI,5.000304460525513
352,0.6459113189201343,0.7474692284838609,1024,LMI-InfoNCE,1.6528904438018799
353,0.6295136350793213,0.7474692284838609,1024,LMI-MINE,3.2953083515167236
354,0.0,0.7373313756805564,1024,MINE,17.84263014793396
355,0.0,0.7373313756805564,1024,InfoNCE,23.813428163528442
356,0.39033231369653015,0.7373313756805564,1024,KSG,39.80428218841553
357,0.6323299325138947,0.7373313756805564,1024,LMI,7.522037029266357
358,0.610171916050079,0.7373313756805564,1024,LMI-InfoNCE,1.4977457523345947
359,0.6485699659891497,0.7373313756805564,1024,LMI-MINE,4.41197943687439
360,5.159479525884259e-07,0.7353250856088427,1024,MINE,36.535680055618286
361,0.0,0.7353250856088427,1024,InfoNCE,9.539276838302612
362,0.398870836782899,0.7353250856088427,1024,KSG,41.61181426048279
363,0.5800282910231235,0.7353250856088427,1024,LMI,9.466169118881226
364,0.6581884813363627,0.7353250856088427,1024,LMI-InfoNCE,2.4049270153045654
365,0.6226531785533151,0.7353250856088427,1024,LMI-MINE,5.36342453956604
366,0.003908993671460778,0.7234306685080061,1024,MINE,8.554413318634033
367,2.751722413804938e-06,0.7234306685080061,1024,InfoNCE,18.470306634902954
368,0.39983649097668644,0.7234306685080061,1024,KSG,38.953951358795166
369,0.6007038152114066,0.7234306685080061,1024,LMI,6.5946619510650635
370,0.6064116998866355,0.7234306685080061,1024,LMI-InfoNCE,1.7258949279785156
371,0.6373135685681617,0.7234306685080061,1024,LMI-MINE,2.263221502304077
372,0.0,0.7234306685080061,1024,MINE,7.0849220752716064
373,0.0,0.7234306685080061,1024,InfoNCE,12.74082899093628
374,0.3609250902432091,0.7234306685080061,1024,KSG,40.37603735923767
375,0.6042481995198394,0.7234306685080061,1024,LMI,8.617897033691406
376,0.6355620214121133,0.7234306685080061,1024,LMI-InfoNCE,1.6693875789642334
377,0.6244229423627525,0.7234306685080061,1024,LMI-MINE,3.1169867515563965
378,0.0,0.7293475497283084,1024,MINE,12.818785667419434
379,0.0,0.7293475497283084,1024,InfoNCE,10.402450799942017
380,0.37940255457652844,0.7293475497283084,1024,KSG,38.44159531593323
381,0.6688592138245694,0.7293475497283084,1024,LMI,5.022940397262573
382,0.6434335793232285,0.7293475497283084,1024,LMI-InfoNCE,1.5871555805206299
383,0.6490375909413563,0.7293475497283084,1024,LMI-MINE,2.2656331062316895
384,0.09245305758962176,0.7079365990002351,1024,MINE,7.664889097213745
385,0.0,0.7079365990002351,1024,InfoNCE,12.071971654891968
386,0.38084952451029164,0.7079365990002351,1024,KSG,38.35576272010803
387,0.574445877835681,0.7079365990002351,1024,LMI,3.6865181922912598
388,0.5659185758244564,0.7079365990002351,1024,LMI-InfoNCE,1.5104174613952637
389,0.6398247660202332,0.7079365990002351,1024,LMI-MINE,6.472515821456909
390,0.28051806410858793,0.7041252920324927,1024,MINE,8.464563369750977
391,0.0,0.7041252920324927,1024,InfoNCE,10.042598247528076
392,0.362892149081516,0.7041252920324927,1024,KSG,40.466424226760864
393,0.6080330014205462,0.7041252920324927,1024,LMI,5.344766616821289
394,0.5873718705822992,0.7041252920324927,1024,LMI-InfoNCE,1.4245285987854004
395,0.6524116814295506,0.7041252920324927,1024,LMI-MINE,2.237403631210327
396,0.0,0.6872666236033567,1024,MINE,9.177653074264526
397,0.0,0.6872666236033567,1024,InfoNCE,25.019399881362915
398,0.3554882223884318,0.6872666236033567,1024,KSG,39.04536724090576
399,0.5872924397380144,0.6872666236033567,1024,LMI,4.936500072479248
400,0.5605161760422153,0.6872666236033567,1024,LMI-InfoNCE,2.3956031799316406
401,0.6709028475123022,0.6872666236033567,1024,LMI-MINE,3.0910449028015137
402,6.475146804984746e-05,0.6909726492930057,1024,MINE,9.218097686767578
403,0.0,0.6909726492930057,1024,InfoNCE,9.77079439163208
404,0.3759743502787458,0.6909726492930057,1024,KSG,38.503554344177246
405,0.6054683750367801,0.6909726492930057,1024,LMI,4.753906488418579
406,0.5863605619232667,0.6909726492930057,1024,LMI-InfoNCE,1.351804494857788
407,0.6075140800300738,0.6909726492930057,1024,LMI-MINE,2.846078395843506
408,0.0,0.6762816644511864,1024,MINE,11.559746026992798
409,0.0,0.6762816644511864,1024,InfoNCE,9.350664615631104
410,0.3620178365228414,0.6762816644511864,1024,KSG,40.45202112197876
411,0.5674872912538739,0.6762816644511864,1024,LMI,6.003877401351929
412,0.5540885983461029,0.6762816644511864,1024,LMI-InfoNCE,1.4924452304840088
413,0.6148798506265618,0.6762816644511864,1024,LMI-MINE,2.1891441345214844
414,0.001965761699361903,0.6708620660343594,1024,MINE,14.231555223464966
415,7.085685215547716e-05,0.6708620660343594,1024,InfoNCE,21.983186960220337
416,0.34552963850588664,0.6708620660343594,1024,KSG,41.27556085586548
417,0.5531563374717876,0.6708620660343594,1024,LMI,7.204549789428711
418,0.5823265817043386,0.6708620660343594,1024,LMI-InfoNCE,1.449486255645752
419,0.5570060198531449,0.6708620660343594,1024,LMI-MINE,2.849350690841675
420,0.0,0.6601635297275281,1024,MINE,8.212302446365356
421,0.0,0.6601635297275281,1024,InfoNCE,10.800053596496582
422,0.33263493295892543,0.6601635297275281,1024,KSG,38.04068470001221
423,0.527268974932531,0.6601635297275281,1024,LMI,6.473855972290039
424,0.5315132673482057,0.6601635297275281,1024,LMI-InfoNCE,1.6645147800445557
425,0.5433370875001376,0.6601635297275281,1024,LMI-MINE,4.050381898880005
426,0.0,0.6583982591646453,1024,MINE,7.83345365524292
427,0.0,0.6583982591646453,1024,InfoNCE,12.903212547302246
428,0.35371211734348584,0.6583982591646453,1024,KSG,40.311030864715576
429,0.5587485406360141,0.6583982591646453,1024,LMI,7.233299732208252
430,0.6324526081706753,0.6583982591646453,1024,LMI-InfoNCE,1.5091767311096191
431,0.5394017916096114,0.6583982591646453,1024,LMI-MINE,2.2856903076171875
432,0.028267928409065543,0.6548826850550469,1024,MINE,7.61578893661499
433,0.16516319479079655,0.6548826850550469,1024,InfoNCE,30.21638250350952
434,0.37133718591467274,0.6548826850550469,1024,KSG,38.22409009933472
435,0.5352804992134826,0.6548826850550469,1024,LMI,5.202467918395996
436,0.5382017650114902,0.6548826850550469,1024,LMI-InfoNCE,1.490126132965088
437,0.5725221810327029,0.6548826850550469,1024,LMI-MINE,1.7964487075805664
438,0.0,0.6496462526140214,1024,MINE,8.999122619628906
439,0.0,0.6496462526140214,1024,InfoNCE,15.093184232711792
440,0.3495492346922798,0.6496462526140214,1024,KSG,40.12552213668823
441,0.5459818677405541,0.6496462526140214,1024,LMI,4.486631155014038
442,0.5953359503186826,0.6496462526140214,1024,LMI-InfoNCE,1.3452489376068115
443,0.574942385959597,0.6496462526140214,1024,LMI-MINE,2.3125829696655273
444,0.0,0.6654896793013569,1024,MINE,7.056584596633911
445,4.815514224158642e-06,0.6654896793013569,1024,InfoNCE,34.63285279273987
446,0.33791327659314,0.6654896793013569,1024,KSG,41.155489921569824
447,0.5320449360725822,0.6654896793013569,1024,LMI,4.4475061893463135
448,0.5899130771689578,0.6654896793013569,1024,LMI-InfoNCE,1.4231116771697998
449,0.564000828732383,0.6654896793013569,1024,LMI-MINE,1.9273755550384521
450,0.0012093820008672704,0.6358931625355104,1024,MINE,11.844155550003052
451,0.0,0.6358931625355104,1024,InfoNCE,10.164149045944214
452,0.33438815398298916,0.6358931625355104,1024,KSG,37.87548494338989
453,0.5118677787058149,0.6358931625355104,1024,LMI,6.150796413421631
454,0.5493608050279963,0.6358931625355104,1024,LMI-InfoNCE,1.279921531677246
455,0.5236625044319463,0.6358931625355104,1024,LMI-MINE,2.2580955028533936
456,0.0,0.6325015051727085,1024,MINE,6.814193487167358
457,0.0,0.6325015051727085,1024,InfoNCE,9.07397747039795
458,0.30531302619805184,0.6325015051727085,1024,KSG,38.060508489608765
459,0.5152595525856221,0.6325015051727085,1024,LMI,4.739644765853882
460,0.5515396290532376,0.6325015051727085,1024,LMI-InfoNCE,1.2584764957427979
461,0.5128161359018679,0.6325015051727085,1024,LMI-MINE,2.0204458236694336
462,0.0024420676509264512,0.6291280451709069,1024,MINE,6.1976540088653564
463,0.0,0.6291280451709069,1024,InfoNCE,9.397467374801636
464,0.3491272860015936,0.6291280451709069,1024,KSG,37.44652438163757
465,0.5362476243090425,0.6291280451709069,1024,LMI,4.332546234130859
466,0.5512160770296937,0.6291280451709069,1024,LMI-InfoNCE,1.364069938659668
467,0.537369214689268,0.6291280451709069,1024,LMI-MINE,2.1324644088745117
468,0.0,0.6027708507190417,1024,MINE,7.386164903640747
469,0.0,0.6027708507190417,1024,InfoNCE,11.636497974395752
470,0.3319405242640434,0.6027708507190417,1024,KSG,38.32071137428284
471,0.5034820161456898,0.6027708507190417,1024,LMI,5.067438840866089
472,0.5392512288047404,0.6027708507190417,1024,LMI-InfoNCE,4.301062822341919
473,0.5481101208311221,0.6027708507190417,1024,LMI-MINE,1.6151063442230225
474,0.05549966134668266,0.6125263926115421,1024,MINE,5.8536152839660645
475,0.07746304974041937,0.6125263926115421,1024,InfoNCE,24.029337167739868
476,0.3499035155720251,0.6125263926115421,1024,KSG,38.630404472351074
477,0.5295089511084128,0.6125263926115421,1024,LMI,3.666050434112549
478,0.5398242550598634,0.6125263926115421,1024,LMI-InfoNCE,1.3673920631408691
479,0.5138773121046424,0.6125263926115421,1024,LMI-MINE,1.458355188369751
480,0.002482827539180937,0.5899929864615356,1024,MINE,10.647618055343628
481,0.0020782383530261795,0.5899929864615356,1024,InfoNCE,16.80247712135315
482,0.3377328277625152,0.5899929864615356,1024,KSG,38.59204316139221
483,0.4941497169538229,0.5899929864615356,1024,LMI,4.3078107833862305
484,0.4842682159572924,0.5899929864615356,1024,LMI-InfoNCE,1.2721233367919922
485,0.4740903820732849,0.5899929864615356,1024,LMI-MINE,2.0410454273223877
486,0.0,0.5759193457662992,1024,MINE,5.989367246627808
487,0.0035717356931188097,0.5759193457662992,1024,InfoNCE,23.38263249397278
488,0.31858978481399897,0.5759193457662992,1024,KSG,39.02473449707031
489,0.4216016768126903,0.5759193457662992,1024,LMI,4.053979873657227
490,0.5187772411620041,0.5759193457662992,1024,LMI-InfoNCE,1.2448108196258545
491,0.4991347092008856,0.5759193457662992,1024,LMI-MINE,2.0711750984191895
492,0.0,0.5759193457662992,1024,MINE,12.209053754806519
493,0.0,0.5759193457662992,1024,InfoNCE,16.266284704208374
494,0.32269114635281654,0.5759193457662992,1024,KSG,39.266942739486694
495,0.5076570471740649,0.5759193457662992,1024,LMI,4.192902088165283
496,0.4872003053369357,0.5759193457662992,1024,LMI-InfoNCE,1.1993250846862793
497,0.5081969245667612,0.5759193457662992,1024,LMI-MINE,1.9759156703948975
498,0.05060142346745901,0.5606402353598432,1024,MINE,16.969829082489014
499,0.0,0.5606402353598432,1024,InfoNCE,11.877684593200684
500,0.2860852828261531,0.5606402353598432,1024,KSG,39.302435874938965
501,0.4631875512838221,0.5606402353598432,1024,LMI,4.80536675453186
502,0.499052041904857,0.5606402353598432,1024,LMI-InfoNCE,1.6485817432403564
503,0.4502632860020706,0.5606402353598432,1024,LMI-MINE,3.394932985305786
504,0.0,0.5651853579303889,1024,MINE,8.512408018112183
505,0.0,0.5651853579303889,1024,InfoNCE,10.652725458145142
506,0.29442866821735664,0.5651853579303889,1024,KSG,40.357664346694946
507,0.48033985511258603,0.5651853579303889,1024,LMI,7.242620944976807
508,0.4305021364984558,0.5651853579303889,1024,LMI-InfoNCE,1.6908140182495117
509,0.5001081515760899,0.5651853579303889,1024,LMI-MINE,3.305684804916382
510,0.001361414664229993,0.557628205841461,1024,MINE,9.589666843414307
511,0.0,0.557628205841461,1024,InfoNCE,14.711559534072876
512,0.3307807124748495,0.557628205841461,1024,KSG,40.373384952545166
513,0.47245880499036397,0.557628205841461,1024,LMI,5.021465063095093
514,0.4924238293663744,0.557628205841461,1024,LMI-InfoNCE,1.6736130714416504
515,0.5202439160488179,0.557628205841461,1024,LMI-MINE,2.5063071250915527
516,0.0,0.5369372766725022,1024,MINE,7.214651584625244
517,2.9581015948403087e-05,0.5369372766725022,1024,InfoNCE,15.630760669708252
518,0.3102617998962124,0.5369372766725022,1024,KSG,40.93673777580261
519,0.42954429490218177,0.5369372766725022,1024,LMI,6.406333684921265
520,0.4629381995998569,0.5369372766725022,1024,LMI-InfoNCE,1.5134966373443604
521,0.47265281710137325,0.5369372766725022,1024,LMI-MINE,1.7268126010894775
522,0.0,0.54719782739355,1024,MINE,16.235922813415527
523,0.0,0.54719782739355,1024,InfoNCE,13.432629346847534
524,0.32359935759190056,0.54719782739355,1024,KSG,40.19118595123291
525,0.48786407762391976,0.54719782739355,1024,LMI,4.939242839813232
526,0.43692201136394465,0.54719782739355,1024,LMI-InfoNCE,1.4663233757019043
527,0.483790418067262,0.54719782739355,1024,LMI-MINE,2.138258934020996
528,0.0,0.5383928622543239,1024,MINE,9.927140474319458
529,0.0,0.5383928622543239,1024,InfoNCE,10.40073537826538
530,0.2620889410254884,0.5383928622543239,1024,KSG,38.65435338020325
531,0.4054344497166475,0.5383928622543239,1024,LMI,7.291635513305664
532,0.4702977279797884,0.5383928622543239,1024,LMI-InfoNCE,2.7063119411468506
533,0.4588952428944493,0.5383928622543239,1024,LMI-MINE,2.6671764850616455
534,0.0,0.5413141837994597,1024,MINE,11.850363492965698
535,0.0,0.5413141837994597,1024,InfoNCE,15.8301420211792
536,0.303400262946978,0.5413141837994597,1024,KSG,39.59735465049744
537,0.43336059731452947,0.5413141837994597,1024,LMI,5.846850633621216
538,0.48568497823695467,0.5413141837994597,1024,LMI-InfoNCE,1.4462494850158691
539,0.47862112343303276,0.5413141837994597,1024,LMI-MINE,2.2407212257385254
540,0.005902444577611593,0.5398518266031902,1024,MINE,8.191054582595825
541,0.0,0.5398518266031902,1024,InfoNCE,12.648234605789185
542,0.33001071375828417,0.5398518266031902,1024,KSG,40.82600975036621
543,0.48623903068227503,0.5398518266031902,1024,LMI,3.8984768390655518
544,0.49866467696517336,0.5398518266031902,1024,LMI-InfoNCE,2.076997995376587
545,0.5171883343117318,0.5398518266031902,1024,LMI-MINE,3.709099292755127
546,0.0,0.5297095466009962,1024,MINE,10.90517807006836
547,0.0,0.5297095466009962,1024,InfoNCE,15.198052406311035
548,0.3097759007958787,0.5297095466009962,1024,KSG,39.44564414024353
549,0.41567505623974577,0.5297095466009962,1024,LMI,6.304126739501953
550,0.3958661247966857,0.5297095466009962,1024,LMI-InfoNCE,1.6189725399017334
551,0.45331339169715135,0.5297095466009962,1024,LMI-MINE,3.460772752761841
552,2.5797397629421297e-07,0.5140964217212352,1024,MINE,10.2182776927948
553,0.0,0.5140964217212352,1024,InfoNCE,12.914679050445557
554,0.27375078423742427,0.5140964217212352,1024,KSG,39.112030029296875
555,0.4699495589334139,0.5140964217212352,1024,LMI,5.151742458343506
556,0.4268789408640368,0.5140964217212352,1024,LMI-InfoNCE,1.7023506164550781
557,0.4913094904224861,0.5140964217212352,1024,LMI-MINE,2.922281503677368
558,0.0,0.500234806811148,1024,MINE,8.176910400390625
559,2.9581015948403087e-05,0.500234806811148,1024,InfoNCE,21.143778085708618
560,0.26679156133103976,0.500234806811148,1024,KSG,41.28524303436279
561,0.38101093046489687,0.500234806811148,1024,LMI,6.329805850982666
562,0.3989631859542018,0.500234806811148,1024,LMI-InfoNCE,1.515500545501709
563,0.504661603198254,0.500234806811148,1024,LMI-MINE,2.0093255043029785
564,0.0,0.4934188288761119,1024,MINE,11.756483793258667
565,0.0,0.4934188288761119,1024,InfoNCE,16.585665464401245
566,0.27779170106332085,0.4934188288761119,1024,KSG,42.1171932220459
567,0.37695591862056543,0.4934188288761119,1024,LMI,4.882078409194946
568,0.4268584601686492,0.4934188288761119,1024,LMI-InfoNCE,1.3647873401641846
569,0.3815354500530401,0.4934188288761119,1024,LMI-MINE,1.7782890796661377
570,0.0,0.4893651986026415,1024,MINE,11.412133932113647
571,0.0007340219538824672,0.4893651986026415,1024,InfoNCE,24.93934941291809
572,0.2839850456230805,0.4893651986026415,1024,KSG,40.24215030670166
573,0.4456874866764792,0.4893651986026415,1024,LMI,5.227688789367676
574,0.42341076880833683,0.4893651986026415,1024,LMI-InfoNCE,1.3075990676879883
575,0.411267131033088,0.4893651986026415,1024,LMI-MINE,1.9340159893035889
576,0.0005537841357782438,0.4907134369906352,1024,MINE,10.505934715270996
577,0.0,0.4907134369906352,1024,InfoNCE,15.007513999938965
578,0.2588704534659303,0.4907134369906352,1024,KSG,41.63176965713501
579,0.3504196032763058,0.4907134369906352,1024,LMI,7.527632236480713
580,0.4065511898167205,0.4907134369906352,1024,LMI-InfoNCE,1.503767967224121
581,0.39351031263629993,0.4907134369906352,1024,LMI-MINE,2.2097225189208984
582,0.0,0.4880199180792475,1024,MINE,5.702427864074707
583,0.0,0.4880199180792475,1024,InfoNCE,16.441707134246826
584,0.2397607458716634,0.4880199180792475,1024,KSG,41.39000868797302
585,0.3810015115109401,0.4880199180792475,1024,LMI,4.937465667724609
586,0.40243375324366343,0.4880199180792475,1024,LMI-InfoNCE,1.324028491973877
587,0.42392710344419965,0.4880199180792475,1024,LMI-MINE,1.5474085807800293
588,0.0,0.4707958730094577,1024,MINE,8.082458019256592
589,0.0,0.4707958730094577,1024,InfoNCE,19.25124764442444
590,0.24917521086974115,0.4707958730094577,1024,KSG,39.69892764091492
591,0.37924976725630927,0.4707958730094577,1024,LMI,4.584254741668701
592,0.3854785741080226,0.4707958730094577,1024,LMI-InfoNCE,1.3009178638458252
593,0.42036563871717825,0.4707958730094577,1024,LMI-MINE,1.6671826839447021
594,0.0,0.4427238206373889,1024,MINE,8.743687868118286
595,7.36085745692821e-05,0.4427238206373889,1024,InfoNCE,15.726338863372803
596,0.22752211636837935,0.4427238206373889,1024,KSG,39.52011275291443
597,0.28936286481102413,0.4427238206373889,1024,LMI,6.395238399505615
598,0.372797530837794,0.4427238206373889,1024,LMI-InfoNCE,1.6978447437286377
599,0.4369308764920769,0.4427238206373889,1024,LMI-MINE,5.018439531326294
600,0.0,0.44898875527447446,1024,MINE,17.122267484664917
601,0.0,0.44898875527447446,1024,InfoNCE,11.597074270248413
602,0.2523341213410646,0.44898875527447446,1024,KSG,38.68232727050781
603,0.35166125180911517,0.44898875527447446,1024,LMI,5.6572489738464355
604,0.323604541864968,0.44898875527447446,1024,LMI-InfoNCE,1.712768793106079
605,0.38476443047627323,0.44898875527447446,1024,LMI-MINE,2.8534960746765137
606,6.053789310370864e-05,0.4452218366587264,1024,MINE,8.54037857055664
607,0.0,0.4452218366587264,1024,InfoNCE,10.783945798873901
608,0.24002191383495475,0.4452218366587264,1024,KSG,42.994672775268555
609,0.33971662579713996,0.4452218366587264,1024,LMI,6.68826699256897
610,0.3780020656586683,0.4452218366587264,1024,LMI-InfoNCE,1.4983439445495605
611,0.3872270387391505,0.4452218366587264,1024,LMI-MINE,2.4660964012145996
612,0.0018696448953609505,0.43283650517174,1024,MINE,9.540364980697632
613,0.0,0.43283650517174,1024,InfoNCE,9.660151243209839
614,0.21415165438455402,0.43283650517174,1024,KSG,42.876413106918335
615,0.3240010479730629,0.43283650517174,1024,LMI,5.719733476638794
616,0.3528376090403457,0.43283650517174,1024,LMI-InfoNCE,1.5411810874938965
617,0.3644720333164353,0.43283650517174,1024,LMI-MINE,2.504035472869873
618,0.0,0.43283650517174,1024,MINE,7.343185901641846
619,0.0,0.43283650517174,1024,InfoNCE,11.705439329147339
620,0.24306728872879632,0.43283650517174,1024,KSG,41.591503858566284
621,0.3725555541567443,0.43283650517174,1024,LMI,4.601215839385986
622,0.34883184533643874,0.43283650517174,1024,LMI-InfoNCE,1.5232048034667969
623,0.35037648993001463,0.43283650517174,1024,LMI-MINE,1.9973626136779785
624,0.0,0.42190996164791117,1024,MINE,13.298030614852905
625,0.0,0.42190996164791117,1024,InfoNCE,18.08595085144043
626,0.2334343926315619,0.42190996164791117,1024,KSG,42.80121922492981
627,0.33371143743796255,0.42190996164791117,1024,LMI,5.594344139099121
628,0.3079208007863067,0.42190996164791117,1024,LMI-InfoNCE,1.5354509353637695
629,0.3285532840053108,0.42190996164791117,1024,LMI-MINE,2.226402759552002
630,0.0,0.42190996164791117,1024,MINE,12.860416412353516
631,0.0,0.42190996164791117,1024,InfoNCE,9.100028991699219
632,0.27046540292569493,0.42190996164791117,1024,KSG,42.22112846374512
633,0.3068574733597362,0.42190996164791117,1024,LMI,7.055174827575684
634,0.3379661337264249,0.42190996164791117,1024,LMI-InfoNCE,1.8445045948028564
635,0.39230171197331076,0.42190996164791117,1024,LMI-MINE,2.8335413932800293
636,0.0,0.4076565045133609,1024,MINE,15.895360946655273
637,0.0,0.4076565045133609,1024,InfoNCE,24.848892211914062
638,0.22441107397773935,0.4076565045133609,1024,KSG,41.40453290939331
639,0.3173296598493473,0.4076565045133609,1024,LMI,5.663861274719238
640,0.3721208914816204,0.4076565045133609,1024,LMI-InfoNCE,1.6072378158569336
641,0.4033310583850189,0.4076565045133609,1024,LMI-MINE,2.4757134914398193
642,0.0006552538997873009,0.41473881180793715,1024,MINE,10.536639213562012
643,0.0,0.41473881180793715,1024,InfoNCE,12.041399240493774
644,0.23083907374688428,0.41473881180793715,1024,KSG,41.94913625717163
645,0.3166722464994406,0.41473881180793715,1024,LMI,7.688587665557861
646,0.34243441587211965,0.41473881180793715,1024,LMI-InfoNCE,1.8753917217254639
647,0.3139872863821933,0.41473881180793715,1024,LMI-MINE,2.2651219367980957
648,0.0,0.3914687721161789,1024,MINE,10.562731981277466
649,0.0,0.3914687721161789,1024,InfoNCE,15.709832429885864
650,0.224364559349583,0.3914687721161789,1024,KSG,39.32915639877319
651,0.25097981953843873,0.3914687721161789,1024,LMI,8.578160047531128
652,0.33265307573535663,0.3914687721161789,1024,LMI-InfoNCE,1.620680809020996
653,0.35012015145720055,0.3914687721161789,1024,LMI-MINE,2.215163469314575
654,5.159479525884259e-07,0.3914687721161789,1024,MINE,18.44639825820923
655,0.0,0.3914687721161789,1024,InfoNCE,15.266134023666382
656,0.21283564829954144,0.3914687721161789,1024,KSG,43.447542905807495
657,0.2812581317125248,0.3914687721161789,1024,LMI,5.968743085861206
658,0.30394281859165934,0.3914687721161789,1024,LMI-InfoNCE,1.7351739406585693
659,0.30946042650664096,0.3914687721161789,1024,LMI-MINE,2.702390670776367
660,0.0027558499974256454,0.36695276812011834,1024,MINE,15.065681457519531
661,0.0,0.36695276812011834,1024,InfoNCE,24.599411249160767
662,0.2127150703458087,0.36695276812011834,1024,KSG,39.58235263824463
663,0.3175370241192764,0.36695276812011834,1024,LMI,7.033547639846802
664,0.30336051584429635,0.36695276812011834,1024,LMI-InfoNCE,1.9524731636047363
665,0.33903830273621266,0.36695276812011834,1024,LMI-MINE,3.3610410690307617
666,0.0,0.37795969093928106,1024,MINE,14.103607416152954
667,0.0,0.37795969093928106,1024,InfoNCE,14.75390338897705
668,0.2102806396368214,0.37795969093928106,1024,KSG,39.42094373703003
669,0.28576256506671616,0.37795969093928106,1024,LMI,6.505343675613403
670,0.3127516013732196,0.37795969093928106,1024,LMI-InfoNCE,1.6703999042510986
671,0.30747218553492445,0.37795969093928106,1024,LMI-MINE,3.294213056564331
672,3.4396530172561726e-07,0.360455596192081,1024,MINE,14.532532453536987
673,0.0,0.360455596192081,1024,InfoNCE,22.716357707977295
674,0.19719809990822718,0.360455596192081,1024,KSG,38.96765661239624
675,0.27842544027287425,0.360455596192081,1024,LMI,7.924357652664185
676,0.34933853863729514,0.360455596192081,1024,LMI-InfoNCE,1.7218351364135742
677,0.3601745110650776,0.360455596192081,1024,LMI-MINE,2.7383930683135986
678,0.0,0.3724281314032878,1024,MINE,14.72808051109314
679,0.0,0.3724281314032878,1024,InfoNCE,24.723756790161133
680,0.17684407079007955,0.3724281314032878,1024,KSG,38.8617422580719
681,0.3234231026438762,0.3724281314032878,1024,LMI,5.3165013790130615
682,0.30438777998849736,0.3724281314032878,1024,LMI-InfoNCE,1.1831865310668945
683,0.29641452647716543,0.3724281314032878,1024,LMI-MINE,1.4276294708251953
684,8.599132543140432e-08,0.3735299264380123,1024,MINE,20.8663067817688
685,0.09772398187326513,0.3735299264380123,1024,InfoNCE,44.99149227142334
686,0.19802794847898017,0.3735299264380123,1024,KSG,41.50234866142273
687,0.3028836915810174,0.3735299264380123,1024,LMI,6.064336776733398
688,0.2917023751049083,0.3735299264380123,1024,LMI-InfoNCE,1.4785540103912354
689,0.31211669217271915,0.3735299264380123,1024,LMI-MINE,2.736647129058838
690,0.0,0.34769689497436174,1024,MINE,17.629308938980103
691,3.439653017256173e-06,0.34769689497436174,1024,InfoNCE,21.069352388381958
692,0.2094606713527942,0.34769689497436174,1024,KSG,42.73983335494995
693,0.29575034001685924,0.34769689497436174,1024,LMI,6.934270620346069
694,0.265435246045909,0.34769689497436174,1024,LMI-InfoNCE,1.551774024963379
695,0.21894718920273318,0.34769689497436174,1024,LMI-MINE,2.431647539138794
696,8.599132543140432e-08,0.35616804600299945,1024,MINE,16.188308477401733
697,0.0,0.35616804600299945,1024,InfoNCE,24.124609231948853
698,0.21858468402142095,0.35616804600299945,1024,KSG,38.90922784805298
699,0.2512379379638505,0.35616804600299945,1024,LMI,5.351701021194458
700,0.32045123737864056,0.35616804600299945,1024,LMI-InfoNCE,1.650834321975708
701,0.267716126541126,0.35616804600299945,1024,LMI-MINE,2.005852460861206
702,0.0,0.33217982947705327,1024,MINE,13.41911768913269
703,0.0,0.33217982947705327,1024,InfoNCE,26.029361963272095
704,0.21355994207409354,0.33217982947705327,1024,KSG,41.07066631317139
705,0.27858280512067657,0.33217982947705327,1024,LMI,6.8161702156066895
706,0.25662209088816407,0.33217982947705327,1024,LMI-InfoNCE,1.7114393711090088
707,0.25307589119864016,0.33217982947705327,1024,LMI-MINE,2.4278206825256348
708,0.0021358525410652206,0.32209451011668633,1024,MINE,49.20657777786255
709,0.0,0.32209451011668633,1024,InfoNCE,8.664337396621704
710,0.2043897532161328,0.32209451011668633,1024,KSG,41.76245617866516
711,0.2605232873049241,0.32209451011668633,1024,LMI,6.267566680908203
712,0.24277131246742262,0.32209451011668633,1024,LMI-InfoNCE,1.581239938735962
713,0.24889835152363787,0.32209451011668633,1024,LMI-MINE,2.0478641986846924
714,0.0,0.33524555524773514,1024,MINE,16.336673974990845
715,0.0,0.33524555524773514,1024,InfoNCE,11.205744504928589
716,0.20169630740130814,0.33524555524773514,1024,KSG,42.696675300598145
717,0.3435413703967329,0.33524555524773514,1024,LMI,3.724062204360962
718,0.2881429763820144,0.33524555524773514,1024,LMI-InfoNCE,1.5869543552398682
719,0.26797378712514075,0.33524555524773514,1024,LMI-MINE,2.162621259689331
720,0.0,0.31221184646877465,1024,MINE,18.82600450515747
721,0.0,0.31221184646877465,1024,InfoNCE,23.873002767562866
722,0.19060295402549557,0.31221184646877465,1024,KSG,38.00208783149719
723,0.2278426703547962,0.31221184646877465,1024,LMI,7.085350751876831
724,0.25059023873562863,0.31221184646877465,1024,LMI-InfoNCE,1.4122076034545898
725,0.2823294578861511,0.31221184646877465,1024,LMI-MINE,3.432265520095825
726,0.0,0.31811735002615493,1024,MINE,13.296125411987305
727,0.00032607910603588516,0.31811735002615493,1024,InfoNCE,20.160256147384644
728,0.1879089515012207,0.31811735002615493,1024,KSG,39.851298093795776
729,0.226082000345245,0.31811735002615493,1024,LMI,4.292550086975098
730,0.2501901535146576,0.31811735002615493,1024,LMI-InfoNCE,1.9016165733337402
731,0.20511096968038042,0.31811735002615493,1024,LMI-MINE,2.4838061332702637
732,0.0,0.30252792119061644,1024,MINE,16.46707320213318
733,0.0,0.30252792119061644,1024,InfoNCE,24.049431562423706
734,0.18574479430724558,0.30252792119061644,1024,KSG,42.77846574783325
735,0.23885316685386002,0.30252792119061644,1024,LMI,6.672929286956787
736,0.21786587346874306,0.30252792119061644,1024,LMI-InfoNCE,1.924795389175415
737,0.17674028831876967,0.30252792119061644,1024,LMI-MINE,3.130237340927124
738,0.0,0.29022984450555156,1024,MINE,19.009806156158447
739,0.0002029395280181142,0.29022984450555156,1024,InfoNCE,39.68905973434448
740,0.1581864643557312,0.29022984450555156,1024,KSG,40.52129578590393
741,0.2751222975914202,0.29022984450555156,1024,LMI,6.996645927429199
742,0.22075726759215022,0.29022984450555156,1024,LMI-InfoNCE,1.4070138931274414
743,0.18476123564032146,0.29022984450555156,1024,LMI-MINE,2.1617112159729004
744,0.0,0.29870915899766337,1024,MINE,17.12700605392456
745,0.0,0.29870915899766337,1024,InfoNCE,25.597296476364136
746,0.13878836797312158,0.29870915899766337,1024,KSG,41.90517497062683
747,0.2519467019009363,0.29870915899766337,1024,LMI,8.423624753952026
748,0.21539035469747267,0.29870915899766337,1024,LMI-InfoNCE,1.8047325611114502
749,0.2527312707749098,0.29870915899766337,1024,LMI-MINE,3.653130292892456
750,0.0,0.29397923451965124,1024,MINE,17.636041164398193
751,0.0,0.29397923451965124,1024,InfoNCE,29.72418522834778
752,0.1878876031804236,0.29397923451965124,1024,KSG,43.888803243637085
753,0.233545201772257,0.29397923451965124,1024,LMI,9.134536027908325
754,0.2300687578152103,0.29397923451965124,1024,LMI-InfoNCE,1.500396490097046
755,0.20292449282199398,0.29397923451965124,1024,LMI-MINE,1.8865270614624023
756,8.599132543140432e-08,0.28929726689765944,1024,MINE,17.287456035614014
757,3.302066896565926e-05,0.28929726689765944,1024,InfoNCE,44.41052269935608
758,0.13029779523166202,0.28929726689765944,1024,KSG,42.18051791191101
759,0.24734950827620233,0.28929726689765944,1024,LMI,8.01716947555542
760,0.2574761965812958,0.28929726689765944,1024,LMI-InfoNCE,1.588310956954956
761,0.18394191573511245,0.28929726689765944,1024,LMI-MINE,2.1458656787872314
762,1.7198265086280863e-07,0.26925574965175336,1024,MINE,18.112540006637573
763,0.0,0.26925574965175336,1024,InfoNCE,15.339136838912964
764,0.13730312005911563,0.26925574965175336,1024,KSG,42.37049150466919
765,0.16232153049185033,0.26925574965175336,1024,LMI,7.3416218757629395
766,0.23807378665147141,0.26925574965175336,1024,LMI-InfoNCE,1.6605896949768066
767,0.20416029349135828,0.26925574965175336,1024,LMI-MINE,1.7964131832122803
768,1.7198265086280863e-07,0.2578317427449337,1024,MINE,17.3085036277771
769,0.0,0.2578317427449337,1024,InfoNCE,25.33169460296631
770,0.1110512033838268,0.2578317427449337,1024,KSG,41.462159633636475
771,0.20499664990156008,0.2578317427449337,1024,LMI,4.991307258605957
772,0.14253364611386654,0.2578317427449337,1024,LMI-InfoNCE,2.109835386276245
773,0.19003474263650658,0.2578317427449337,1024,LMI-MINE,3.058640241622925
774,0.0,0.2657080167943373,1024,MINE,8.331720113754272
775,2.0637918103537038e-06,0.2657080167943373,1024,InfoNCE,20.733288764953613
776,0.13213226378085294,0.2657080167943373,1024,KSG,38.36691236495972
777,0.23747336294302038,0.2657080167943373,1024,LMI,4.785613059997559
778,0.23056062120375276,0.2657080167943373,1024,LMI-InfoNCE,1.256469964981079
779,0.19659704064203118,0.2657080167943373,1024,LMI-MINE,1.453150749206543
780,0.0012909017773762416,0.255238692898879,1024,MINE,9.894519090652466
781,0.0,0.255238692898879,1024,InfoNCE,15.815331935882568
782,0.18003354261623775,0.255238692898879,1024,KSG,39.48372220993042
783,0.23836432441919886,0.255238692898879,1024,LMI,5.083689451217651
784,0.23073839261766743,0.255238692898879,1024,LMI-InfoNCE,1.5640006065368652
785,0.2201140219345341,0.255238692898879,1024,LMI-MINE,2.09824275970459
786,0.00019829599644481837,0.24840220332072205,1024,MINE,12.994336366653442
787,0.0,0.24840220332072205,1024,InfoNCE,9.13857889175415
788,0.14944572201218717,0.24840220332072205,1024,KSG,40.015960931777954
789,0.1826778553246382,0.24840220332072205,1024,LMI,4.051571369171143
790,0.24730734655393175,0.24840220332072205,1024,LMI-InfoNCE,1.3103725910186768
791,0.25038139452985353,0.24840220332072205,1024,LMI-MINE,2.1343348026275635
792,0.0,0.260440928325153,1024,MINE,8.42198133468628
793,0.00010800510474184383,0.260440928325153,1024,InfoNCE,9.143786668777466
794,0.1516395947626597,0.260440928325153,1024,KSG,38.98564147949219
795,0.21642591703697228,0.260440928325153,1024,LMI,5.622156381607056
796,0.21746228480121196,0.260440928325153,1024,LMI-InfoNCE,1.3657896518707275
797,0.23989853459428317,0.260440928325153,1024,LMI-MINE,1.4225351810455322
798,1.375861206902469e-06,0.2205894622018465,1024,MINE,8.57960295677185
799,0.0,0.2205894622018465,1024,InfoNCE,15.984570026397705
800,0.11245351614021856,0.2205894622018465,1024,KSG,41.222450971603394
801,0.1807108083867012,0.2205894622018465,1024,LMI,5.663279056549072
802,0.18643921942188577,0.2205894622018465,1024,LMI-InfoNCE,1.1857097148895264
803,0.16859981437118063,0.2205894622018465,1024,LMI-MINE,1.2522263526916504
804,0.0,0.22455568924757907,1024,MINE,10.24167275428772
805,0.0,0.22455568924757907,1024,InfoNCE,8.86726689338684
806,0.1618183412606861,0.22455568924757907,1024,KSG,41.074864864349365
807,0.18315155460274785,0.22455568924757907,1024,LMI,5.250945806503296
808,0.17807966108762796,0.22455568924757907,1024,LMI-InfoNCE,1.1693530082702637
809,0.16305193388190276,0.22455568924757907,1024,LMI-MINE,1.350780963897705
810,0.0,0.2367089484558207,1024,MINE,9.199846506118774
811,0.0,0.2367089484558207,1024,InfoNCE,10.57841968536377
812,0.13916903552701163,0.2367089484558207,1024,KSG,39.81665110588074
813,0.20182759839841347,0.2367089484558207,1024,LMI,4.172891616821289
814,0.20443963026029985,0.2367089484558207,1024,LMI-InfoNCE,1.4450178146362305
815,0.20550626805690195,0.2367089484558207,1024,LMI-MINE,1.7547907829284668
816,0.0008127040166522022,0.22615398770653838,1024,MINE,15.646844387054443
817,0.0,0.22615398770653838,1024,InfoNCE,11.391134023666382
818,0.10243774569220251,0.22615398770653838,1024,KSG,37.59092617034912
819,0.20280306870569206,0.22615398770653838,1024,LMI,5.57771110534668
820,0.2533901385792744,0.22615398770653838,1024,LMI-InfoNCE,1.525883674621582
821,0.1877635414395723,0.22615398770653838,1024,LMI-MINE,1.8143022060394287
822,0.00041688594569144814,0.2013817626283605,1024,MINE,9.061685562133789
823,0.0,0.2013817626283605,1024,InfoNCE,8.696200370788574
824,0.12753283659335554,0.2013817626283605,1024,KSG,39.64859056472778
825,0.11446579698646384,0.2013817626283605,1024,LMI,5.362267971038818
826,0.13825963115875395,0.2013817626283605,1024,LMI-InfoNCE,1.3402299880981445
827,0.1443843960453321,0.2013817626283605,1024,LMI-MINE,1.866042137145996
828,0.0,0.21355574302831193,1024,MINE,10.322582244873047
829,0.0,0.21355574302831193,1024,InfoNCE,9.04695463180542
830,0.11174349568941885,0.21355574302831193,1024,KSG,39.952558517456055
831,0.13325445460164453,0.21355574302831193,1024,LMI,3.667623281478882
832,0.1484693670036076,0.21355574302831193,1024,LMI-InfoNCE,1.2779107093811035
833,0.15101557719859082,0.21355574302831193,1024,LMI-MINE,1.7325646877288818
834,5.159479525884259e-07,0.19988940168879465,1024,MINE,14.222084522247314
835,1.513447327592716e-05,0.19988940168879465,1024,InfoNCE,21.704411506652832
836,0.11608973084282578,0.19988940168879465,1024,KSG,39.40659213066101
837,0.21136109707504927,0.19988940168879465,1024,LMI,4.954896450042725
838,0.14787614581478514,0.19988940168879465,1024,LMI-InfoNCE,1.2996881008148193
839,0.15153624870368732,0.19988940168879465,1024,LMI-MINE,2.147714138031006
840,0.0,0.18818223948256874,1024,MINE,7.5815417766571045
841,0.0,0.18818223948256874,1024,InfoNCE,9.474162817001343
842,0.12012902117909265,0.18818223948256874,1024,KSG,42.59261393547058
843,0.16052670272002229,0.18818223948256874,1024,LMI,4.912970542907715
844,0.1368503540073943,0.18818223948256874,1024,LMI-InfoNCE,1.3963775634765625
845,0.13855625989925868,0.18818223948256874,1024,LMI-MINE,1.7452235221862793
846,0.0006555978650890265,0.19766299485728078,1024,MINE,9.324564695358276
847,0.0,0.19766299485728078,1024,InfoNCE,8.703361511230469
848,0.12588432128160687,0.19766299485728078,1024,KSG,39.25114583969116
849,0.19234669835060453,0.19766299485728078,1024,LMI,5.507137775421143
850,0.13722208052216583,0.19766299485728078,1024,LMI-InfoNCE,1.4740819931030273
851,0.16719133165014038,0.19766299485728078,1024,LMI-MINE,1.5969815254211426
852,1.7198265086280863e-07,0.17896968303488925,1024,MINE,19.276520013809204
853,0.0,0.17896968303488925,1024,InfoNCE,9.202937602996826
854,0.11414037292509473,0.17896968303488925,1024,KSG,37.87359690666199
855,0.13087086827355407,0.17896968303488925,1024,LMI,4.3829429149627686
856,0.10839997528003173,0.17896968303488925,1024,LMI-InfoNCE,1.6492009162902832
857,0.11052732135613086,0.17896968303488925,1024,LMI-MINE,2.1690328121185303
858,0.0,0.17896968303488925,1024,MINE,6.327804803848267
859,0.0,0.17896968303488925,1024,InfoNCE,22.920533895492554
860,0.08561449020755245,0.17896968303488925,1024,KSG,38.234421491622925
861,0.1392781660767808,0.17896968303488925,1024,LMI,5.826453447341919
862,0.14036218875805398,0.17896968303488925,1024,LMI-InfoNCE,1.3529932498931885
863,0.12229891025571983,0.17896968303488925,1024,LMI-MINE,2.3725407123565674
864,0.0,0.1673203764322273,1024,MINE,7.644985198974609
865,0.0,0.1673203764322273,1024,InfoNCE,9.084391832351685
866,0.13106930938140635,0.1673203764322273,1024,KSG,39.316232204437256
867,0.1382747522467729,0.1673203764322273,1024,LMI,5.2615721225738525
868,0.09760369330829106,0.1673203764322273,1024,LMI-InfoNCE,1.6804091930389404
869,0.15305399346784052,0.1673203764322273,1024,LMI-MINE,1.75911283493042
870,0.0013228045591112925,0.17757590689765101,1024,MINE,6.622911691665649
871,0.0,0.17757590689765101,1024,InfoNCE,9.498638153076172
872,0.10446816923505685,0.17757590689765101,1024,KSG,40.54034376144409
873,0.1891826641213029,0.17757590689765101,1024,LMI,4.5702221393585205
874,0.15360195169978924,0.17757590689765101,1024,LMI-InfoNCE,1.2817883491516113
875,0.1616331935950513,0.17757590689765101,1024,LMI-MINE,2.1761598587036133
876,0.0,0.149725855321309,1024,MINE,6.9034788608551025
877,7.223271336237963e-05,0.149725855321309,1024,InfoNCE,16.691473245620728
878,0.07933877114622885,0.149725855321309,1024,KSG,39.29468750953674
879,0.11159148521896221,0.149725855321309,1024,LMI,5.898230791091919
880,0.07168997739656827,0.149725855321309,1024,LMI-InfoNCE,1.4133474826812744
881,0.10359612013784368,0.149725855321309,1024,LMI-MINE,1.8085246086120605
882,0.0,0.15482445739424722,1024,MINE,6.312068939208984
883,8.323960301759938e-05,0.15482445739424722,1024,InfoNCE,19.118377447128296
884,0.12363012599000957,0.15482445739424722,1024,KSG,38.88474082946777
885,0.11373306786045098,0.15482445739424722,1024,LMI,5.933561563491821
886,0.107982513567242,0.15482445739424722,1024,LMI-InfoNCE,1.5048484802246094
887,0.10797255141346503,0.15482445739424722,1024,LMI-MINE,2.2565765380859375
888,0.0003440512930510487,0.15871144477065546,1024,MINE,6.517849445343018
889,0.0,0.15871144477065546,1024,InfoNCE,9.991668224334717
890,0.09071829657954025,0.15871144477065546,1024,KSG,38.14352035522461
891,0.12324435962847931,0.15871144477065546,1024,LMI,5.221182346343994
892,0.10567186564683312,0.15871144477065546,1024,LMI-InfoNCE,1.1422550678253174
893,0.12590407937179635,0.15871144477065546,1024,LMI-MINE,1.8038151264190674
894,0.0,0.13739477055043126,1024,MINE,7.144894123077393
895,0.0,0.13739477055043126,1024,InfoNCE,13.177307367324829
896,0.104286567981782,0.13739477055043126,1024,KSG,37.80608868598938
897,0.1089155528147122,0.13739477055043126,1024,LMI,3.7341513633728027
898,0.10688042825470867,0.13739477055043126,1024,LMI-InfoNCE,1.3197543621063232
899,0.08669925753475209,0.13739477055043126,1024,LMI-MINE,1.4939448833465576
900,0.0,0.13981388792065452,1024,MINE,5.901086091995239
901,0.0,0.13981388792065452,1024,InfoNCE,10.414872407913208
902,0.08900348765489093,0.13981388792065452,1024,KSG,37.91381216049194
903,0.10747936838422249,0.13981388792065452,1024,LMI,7.399098634719849
904,0.09608713708993036,0.13981388792065452,1024,LMI-InfoNCE,1.2576067447662354
905,0.06620709624156094,0.13981388792065452,1024,LMI-MINE,1.9194259643554688
906,0.0,0.14596450842135678,1024,MINE,6.965062856674194
907,6.879306034512345e-07,0.14596450842135678,1024,InfoNCE,28.63838481903076
908,0.0730524107401257,0.14596450842135678,1024,KSG,40.97163414955139
909,0.12674089860939464,0.14596450842135678,1024,LMI,5.960185766220093
910,0.10724029288497859,0.14596450842135678,1024,LMI-InfoNCE,1.3799738883972168
911,0.08111870404969138,0.14596450842135678,1024,LMI-MINE,1.6027357578277588
912,0.001042558829530346,0.12795109404386906,1024,MINE,9.190169334411621
913,0.0,0.12795109404386906,1024,InfoNCE,8.636078596115112
914,0.08311695851450403,0.12795109404386906,1024,KSG,40.27737522125244
915,0.11771248228990182,0.12795109404386906,1024,LMI,5.516213417053223
916,0.12669344841870353,0.12795109404386906,1024,LMI-InfoNCE,1.5629796981811523
917,0.13397390949004603,0.12795109404386906,1024,LMI-MINE,2.0098469257354736
918,0.0,0.13262654898582538,1024,MINE,9.194410562515259
919,0.0,0.13262654898582538,1024,InfoNCE,10.130058288574219
920,0.061731266866011485,0.13262654898582538,1024,KSG,39.91465759277344
921,0.11218122826441318,0.13262654898582538,1024,LMI,5.743555545806885
922,0.09862853081994671,0.13262654898582538,1024,LMI-InfoNCE,1.2188832759857178
923,0.11941231059361107,0.13262654898582538,1024,LMI-MINE,1.6345374584197998
924,0.0,0.12223619195187907,1024,MINE,7.552289247512817
925,0.0,0.12223619195187907,1024,InfoNCE,8.452015399932861
926,0.05168132851653338,0.12223619195187907,1024,KSG,38.95213961601257
927,0.09522272199309297,0.12223619195187907,1024,LMI,5.753482103347778
928,0.08874512951801125,0.12223619195187907,1024,LMI-InfoNCE,1.4144835472106934
929,0.03845658124824043,0.12223619195187907,1024,LMI-MINE,2.0679402351379395
930,0.0006123012327343145,0.10963106065823625,1024,MINE,9.179211854934692
931,0.0,0.10963106065823625,1024,InfoNCE,8.396485567092896
932,0.09087037445688971,0.10963106065823625,1024,KSG,38.03085517883301
933,0.06376852344973495,0.10963106065823625,1024,LMI,5.24010968208313
934,0.07020879348700211,0.10963106065823625,1024,LMI-InfoNCE,1.228050947189331
935,0.08750415243984085,0.10963106065823625,1024,LMI-MINE,1.809375524520874
936,0.0,0.11284746247906785,1024,MINE,8.811379432678223
937,0.0,0.11284746247906785,1024,InfoNCE,8.266282796859741
938,0.08141072420330298,0.11284746247906785,1024,KSG,38.41161513328552
939,0.10531600261548348,0.11284746247906785,1024,LMI,4.313280344009399
940,0.05675967009855158,0.11284746247906785,1024,LMI-InfoNCE,1.1999735832214355
941,0.09895163092254251,0.11284746247906785,1024,LMI-MINE,1.7618176937103271
942,0.000606152852965969,0.10180975644618862,1024,MINE,8.011946678161621
943,0.0,0.10180975644618862,1024,InfoNCE,11.089071273803711
944,0.08193877165233122,0.10180975644618862,1024,KSG,38.72216868400574
945,0.09638931687988465,0.10180975644618862,1024,LMI,6.388857364654541
946,0.019948133361908368,0.10180975644618862,1024,LMI-InfoNCE,1.3716835975646973
947,0.05253695133254069,0.10180975644618862,1024,LMI-MINE,1.7151598930358887
948,4.299566271570216e-07,0.09826642362223903,1024,MINE,19.112828254699707
949,0.0,0.09826642362223903,1024,InfoNCE,8.55825400352478
950,0.07947493755694868,0.09826642362223903,1024,KSG,38.78896951675415
951,0.10105108152387857,0.09826642362223903,1024,LMI,6.25224757194519
952,0.0682290703115801,0.09826642362223903,1024,LMI-InfoNCE,1.2877557277679443
953,0.043699358491427545,0.09826642362223903,1024,LMI-MINE,1.7167587280273438
954,0.0,0.10334903008823293,1024,MINE,8.554558277130127
955,2.0637918103537038e-06,0.10334903008823293,1024,InfoNCE,9.094825506210327
956,0.07054471860636287,0.10334903008823293,1024,KSG,39.26528573036194
957,0.07991372748621323,0.10334903008823293,1024,LMI,4.8910768032073975
958,0.08487996977670736,0.10334903008823293,1024,LMI-InfoNCE,1.3652002811431885
959,0.0845418542241701,0.10334903008823293,1024,LMI-MINE,1.4250624179840088
960,0.0,0.0904196490913447,1024,MINE,11.923676490783691
961,0.0,0.0904196490913447,1024,InfoNCE,10.948085308074951
962,0.047310316516820695,0.0904196490913447,1024,KSG,41.33615446090698
963,0.07647094492619028,0.0904196490913447,1024,LMI,4.566613674163818
964,0.04839234757252823,0.0904196490913447,1024,LMI-InfoNCE,1.3858990669250488
965,0.027324374694782112,0.0904196490913447,1024,LMI-MINE,2.3140816688537598
966,0.0,0.0894633276025536,1024,MINE,11.090482234954834
967,0.0,0.0894633276025536,1024,InfoNCE,11.656733274459839
968,0.04808761380033471,0.0894633276025536,1024,KSG,40.837838888168335
969,0.06962497454160062,0.0894633276025536,1024,LMI,4.8212878704071045
970,0.060628763255038805,0.0894633276025536,1024,LMI-InfoNCE,1.3281300067901611
971,0.06499668361831702,0.0894633276025536,1024,LMI-MINE,1.667619228363037
972,1.7198265086280863e-07,0.09726642586324141,1024,MINE,10.567121982574463
973,0.0,0.09726642586324141,1024,InfoNCE,10.765018224716187
974,0.05095572665408105,0.09726642586324141,1024,KSG,39.404385805130005
975,0.03867815739017376,0.09726642586324141,1024,LMI,5.2136921882629395
976,0.050667925697599966,0.09726642586324141,1024,LMI-InfoNCE,1.3460421562194824
977,0.07618732154299027,0.09726642586324141,1024,LMI-MINE,1.6849231719970703
978,0.0,0.07359891446990297,1024,MINE,11.293359756469727
979,0.0,0.07359891446990297,1024,InfoNCE,14.288355112075806
980,0.02932109315328473,0.07359891446990297,1024,KSG,40.382951974868774
981,0.051326122457210195,0.07359891446990297,1024,LMI,5.016292333602905
982,0.04953022199579535,0.07359891446990297,1024,LMI-InfoNCE,1.3635742664337158
983,0.05598723744042669,0.07359891446990297,1024,LMI-MINE,1.5599842071533203
984,4.5682891635433544e-08,0.0784083221025349,1024,MINE,8.781675100326538
985,4.815514224158642e-06,0.0784083221025349,1024,InfoNCE,15.276870012283325
986,0.07493368811190582,0.0784083221025349,1024,KSG,40.41011047363281
987,0.04234188266226437,0.0784083221025349,1024,LMI,8.581448078155518
988,0.08081497455867305,0.0784083221025349,1024,LMI-InfoNCE,1.636850118637085
989,0.08476608805140161,0.0784083221025349,1024,LMI-MINE,2.0854501724243164
990,0.0006525935431567669,0.07752191672763908,1024,MINE,10.089346170425415
991,0.0,0.07752191672763908,1024,InfoNCE,10.216317176818848
992,0.0488587595846071,0.07752191672763908,1024,KSG,40.83511233329773
993,0.1167310903710508,0.07752191672763908,1024,LMI,3.6338579654693604
994,0.04520822414460601,0.07752191672763908,1024,LMI-InfoNCE,1.3580760955810547
995,0.024092015037506284,0.07752191672763908,1024,LMI-MINE,2.0340003967285156
996,1.7198265086280863e-07,0.06445962246995474,1024,MINE,11.272589206695557
997,0.0,0.06445962246995474,1024,InfoNCE,27.41707992553711
998,0.04721948413644426,0.06445962246995474,1024,KSG,40.8194420337677
999,0.004707235298174938,0.06445962246995474,1024,LMI,8.653006792068481
1000,0.049990162120836165,0.06445962246995474,1024,LMI-InfoNCE,1.4196953773498535
1001,0.019425255921789605,0.06445962246995474,1024,LMI-MINE,2.177755832672119
1002,0.0,0.0757650801914278,1024,MINE,12.031112909317017
1003,0.0,0.0757650801914278,1024,InfoNCE,23.49484419822693
1004,0.04672733068309566,0.0757650801914278,1024,KSG,39.77922797203064
1005,0.03813493016351698,0.0757650801914278,1024,LMI,5.640087604522705
1006,0.0683442061027059,0.0757650801914278,1024,LMI-InfoNCE,1.609269380569458
1007,0.024740453994721755,0.0757650801914278,1024,LMI-MINE,1.9491016864776611
1008,0.0007512202189687481,0.06445962246995474,1024,MINE,17.544525384902954
1009,0.0,0.06445962246995474,1024,InfoNCE,13.637537240982056
1010,0.02184792625867583,0.06445962246995474,1024,KSG,40.153605222702026
1011,0.02454744456858944,0.06445962246995474,1024,LMI,5.603306293487549
1012,0.03453046856761568,0.06445962246995474,1024,LMI-InfoNCE,2.1338582038879395
1013,0.024697328986789217,0.06445962246995474,1024,LMI-MINE,2.2683253288269043
1014,0.0,0.04704305687264565,1024,MINE,8.208820581436157
1015,2.0637918103537038e-06,0.04704305687264565,1024,InfoNCE,18.46611213684082
1016,0.0012053393226377134,0.04704305687264565,1024,KSG,38.77994751930237
1017,0.006906573646519049,0.04704305687264565,1024,LMI,5.9870898723602295
1018,0.06092442388587536,0.04704305687264565,1024,LMI-InfoNCE,1.4480347633361816
1019,0.027375589910660594,0.04704305687264565,1024,LMI-MINE,1.8214008808135986
1020,0.0,0.044360574124379104,1024,MINE,6.4425904750823975
1021,0.0,0.044360574124379104,1024,InfoNCE,11.731446981430054
1022,0.021671775046558473,0.044360574124379104,1024,KSG,40.04126834869385
1023,-0.0033562173727302263,0.044360574124379104,1024,LMI,5.6829514503479
1024,0.0073641269623260334,0.044360574124379104,1024,LMI-InfoNCE,1.2482326030731201
1025,0.03945631993415794,0.044360574124379104,1024,LMI-MINE,1.8420612812042236
1026,2.751722413804938e-06,0.04636480845170077,1024,MINE,6.895696401596069
1027,0.0,0.04636480845170077,1024,InfoNCE,120.86317253112793
1028,0.056311968001293566,0.04636480845170077,1024,KSG,41.30726671218872
1029,0.0702292176382617,0.04636480845170077,1024,LMI,5.043561935424805
1030,0.0160687892454027,0.04636480845170077,1024,LMI-InfoNCE,1.6240119934082031
1031,0.03706547352807331,0.04636480845170077,1024,LMI-MINE,1.5144305229187012
1032,0.0,0.0501582796061788,1024,MINE,8.503082036972046
1033,1.1694820258670987e-05,0.0501582796061788,1024,InfoNCE,56.78251934051514
1034,0.07419166962336328,0.0501582796061788,1024,KSG,41.32217884063721
1035,0.05371815665425,0.0501582796061788,1024,LMI,7.200597286224365
1036,0.05750999443538518,0.0501582796061788,1024,LMI-InfoNCE,1.5829384326934814
1037,0.007789087910567315,0.0501582796061788,1024,LMI-MINE,2.3343420028686523
1038,0.0,0.04175927174115923,1024,MINE,15.001365184783936
1039,1.513447327592716e-05,0.04175927174115923,1024,InfoNCE,20.387022018432617
1040,-0.005532648161542345,0.04175927174115923,1024,KSG,42.70616793632507
1041,0.03531373708649796,0.04175927174115923,1024,LMI,7.925745725631714
1042,0.01587030000706112,0.04175927174115923,1024,LMI-InfoNCE,1.3489325046539307
1043,0.05673090583035502,0.04175927174115923,1024,LMI-MINE,2.0161421298980713
1044,0.0014608206364286967,0.04304979467609815,1024,MINE,10.226378202438354
1045,2.751722413804938e-06,0.04304979467609815,1024,InfoNCE,17.382925033569336
1046,0.051148591095046186,0.04304979467609815,1024,KSG,42.02463340759277
1047,0.02020428561183033,0.04304979467609815,1024,LMI,6.192973852157593
1048,0.09453206675994148,0.04304979467609815,1024,LMI-InfoNCE,1.662599802017212
1049,0.03796177673152697,0.04304979467609815,1024,LMI-MINE,1.6584720611572266
1050,0.0,0.036799001933816244,1024,MINE,16.517613410949707
1051,3.439653017256173e-06,0.036799001933816244,1024,InfoNCE,12.723296165466309
1052,0.01425212002978468,0.036799001933816244,1024,KSG,40.97001576423645
1053,0.045370564165303794,0.036799001933816244,1024,LMI,7.269013166427612
1054,0.024591363911003316,0.036799001933816244,1024,LMI-InfoNCE,1.3980743885040283
1055,-0.021378168888988313,0.036799001933816244,1024,LMI-MINE,1.8783881664276123
1056,0.0,0.031880621521039876,1024,MINE,15.1531662940979
1057,0.0,0.031880621521039876,1024,InfoNCE,12.065685033798218
1058,0.019138797990427073,0.031880621521039876,1024,KSG,41.71970868110657
1059,0.034982285484634584,0.031880621521039876,1024,LMI,5.320976495742798
1060,0.015311789720086566,0.031880621521039876,1024,LMI-InfoNCE,1.4058964252471924
1061,0.02975575483728545,0.031880621521039876,1024,LMI-MINE,2.367523670196533
1062,0.0,0.03649967332680748,1024,MINE,15.416988611221313
1063,6.191375431061111e-06,0.03649967332680748,1024,InfoNCE,39.79527282714844
1064,0.030517109234339514,0.03649967332680748,1024,KSG,40.24399399757385
1065,0.028696873817984674,0.03649967332680748,1024,LMI,6.1319262981414795
1066,0.05629127006266906,0.03649967332680748,1024,LMI-InfoNCE,1.3739039897918701
1067,0.013795006034133616,0.03649967332680748,1024,LMI-MINE,3.256042003631592
1068,4.299566271570216e-07,0.03709958522867307,1024,MINE,20.802910327911377
1069,0.0,0.03709958522867307,1024,InfoNCE,20.105775356292725
1070,0.0348148911324542,0.03709958522867307,1024,KSG,41.74722194671631
1071,0.03428452341702401,0.03709958522867307,1024,LMI,8.948060512542725
1072,-0.00370403202952791,0.03709958522867307,1024,LMI-InfoNCE,1.6043353080749512
1073,0.04395155700681543,0.03709958522867307,1024,LMI-MINE,2.230447769165039
1074,0.0,0.026301850023270568,1024,MINE,16.930095195770264
1075,0.0,0.026301850023270568,1024,InfoNCE,15.335849523544312
1076,-0.013585312728177572,0.026301850023270568,1024,KSG,42.93956160545349
1077,0.04244200459275399,0.026301850023270568,1024,LMI,7.511608839035034
1078,-0.012604660639673821,0.026301850023270568,1024,LMI-InfoNCE,1.400005578994751
1079,0.03357061565452974,0.026301850023270568,1024,LMI-MINE,3.0236706733703613
1080,0.0,0.021268202891910448,1024,MINE,15.868039846420288
1081,0.0005654789560369148,0.021268202891910448,1024,InfoNCE,20.803298711776733
1082,-0.006091232230427926,0.021268202891910448,1024,KSG,38.62738871574402
1083,-0.0007842869861929763,0.021268202891910448,1024,LMI,8.088652849197388
1084,-0.021032292035018534,0.021268202891910448,1024,LMI-InfoNCE,1.6151771545410156
1085,-0.005191726218152385,0.021268202891910448,1024,LMI-MINE,1.778902292251587
1086,0.0,0.02241746008466916,1024,MINE,15.123229503631592
1087,0.000601251347416379,0.02241746008466916,1024,InfoNCE,28.542133808135986
1088,0.010731966488708737,0.02241746008466916,1024,KSG,39.35682511329651
1089,0.01353828340057516,0.02241746008466916,1024,LMI,9.014475345611572
1090,0.020650009448403384,0.02241746008466916,1024,LMI-InfoNCE,1.6568496227264404
1091,-0.0024268614296767818,0.02241746008466916,1024,LMI-MINE,3.3708956241607666
1092,0.0,0.014450391628367143,1024,MINE,14.465967655181885
1093,0.0,0.014450391628367143,1024,InfoNCE,48.09040546417236
1094,0.027782764539547682,0.014450391628367143,1024,KSG,39.586026191711426
1095,0.003435555502152135,0.014450391628367143,1024,LMI,7.510218620300293
1096,-0.008982904000339612,0.014450391628367143,1024,LMI-InfoNCE,1.4936888217926025
1097,0.0005897821257927533,0.014450391628367143,1024,LMI-MINE,2.1303329467773438
1098,0.0,0.017796519015673917,1024,MINE,16.678675651550293
1099,0.0002951222288805796,0.017796519015673917,1024,InfoNCE,15.48205280303955
1100,0.0384769177603541,0.017796519015673917,1024,KSG,41.85811114311218
1101,0.07859605878006416,0.017796519015673917,1024,LMI,6.3560967445373535
1102,0.0263552248011153,0.017796519015673917,1024,LMI-InfoNCE,1.52475905418396
1103,-0.0013423230292132285,0.017796519015673917,1024,LMI-MINE,2.9810431003570557
1104,5.159479525884259e-07,0.013714178128738208,1024,MINE,19.230351209640503
1105,0.0,0.013714178128738208,1024,InfoNCE,13.936434984207153
1106,0.0025063025379982906,0.013714178128738208,1024,KSG,42.78727626800537
1107,-0.008288212348249887,0.013714178128738208,1024,LMI,8.828930616378784
1108,0.04244464405247197,0.013714178128738208,1024,LMI-InfoNCE,1.6629362106323242
1109,0.03346692980726891,0.013714178128738208,1024,LMI-MINE,2.1082613468170166
1110,0.0,0.01559118324559483,1024,MINE,18.939733505249023
1111,2.0637918103537038e-06,0.01559118324559483,1024,InfoNCE,37.94830346107483
1112,0.02162413904995527,0.01559118324559483,1024,KSG,40.954527378082275
1113,0.03632311312852782,0.01559118324559483,1024,LMI,7.14277195930481
1114,-0.0031420579554027675,0.01559118324559483,1024,LMI-InfoNCE,1.777099370956421
1115,0.07184917018778436,0.01559118324559483,1024,LMI-MINE,1.8215982913970947
1116,0.0,0.011455557645464909,1024,MINE,17.229434490203857
1117,0.0,0.011455557645464909,1024,InfoNCE,25.675455570220947
1118,0.029394022161931682,0.011455557645464909,1024,KSG,42.775108337402344
1119,0.021782890188111113,0.011455557645464909,1024,LMI,10.348854780197144
1120,0.059924971466696064,0.011455557645464909,1024,LMI-InfoNCE,1.6283996105194092
1121,-0.013968655753712067,0.011455557645464909,1024,LMI-MINE,1.8717522621154785
1122,0.0,0.009251950833815137,1024,MINE,19.69870948791504
1123,0.0001891809159490895,0.009251950833815137,1024,InfoNCE,21.00702214241028
1124,-0.006851231367974466,0.009251950833815137,1024,KSG,42.57767295837402
1125,0.009590774367667696,0.009251950833815137,1024,LMI,6.1212146282196045
1126,0.009881973866615509,0.009251950833815137,1024,LMI-InfoNCE,1.090834379196167
1127,-0.02399275055739853,0.009251950833815137,1024,LMI-MINE,1.7975659370422363
1128,5.159479525884259e-07,0.009251950833815137,1024,MINE,17.45025062561035
1129,0.0,0.009251950833815137,1024,InfoNCE,39.768046855926514
1130,0.003205266457818989,0.009251950833815137,1024,KSG,38.520641565322876
1131,-0.0006925211475722316,0.009251950833815137,1024,LMI,7.006894826889038
1132,-0.0286770220969739,0.009251950833815137,1024,LMI-InfoNCE,1.284562110900879
1133,0.015785029751375565,0.009251950833815137,1024,LMI-MINE,1.9556162357330322
1134,0.0,0.005553630620913186,1024,MINE,4.832769155502319
1135,0.0,0.005553630620913186,1024,InfoNCE,8.365760564804077
1136,0.021885510176492002,0.005553630620913186,1024,KSG,37.59259629249573
1137,-0.004423641111387204,0.005553630620913186,1024,LMI,6.7205986976623535
1138,-0.016949413747222013,0.005553630620913186,1024,LMI-InfoNCE,1.4054105281829834
1139,0.013383562146399592,0.005553630620913186,1024,LMI-MINE,1.598923683166504
1140,5.159479525884259e-07,0.008522302325787656,1024,MINE,10.10279107093811
1141,0.0002469670866389932,0.008522302325787656,1024,InfoNCE,8.605693578720093
1142,-0.00842546596446538,0.008522302325787656,1024,KSG,42.160099506378174
1143,0.009398332546289568,0.008522302325787656,1024,LMI,5.661275148391724
1144,0.010501243697221121,0.008522302325787656,1024,LMI-InfoNCE,1.4190258979797363
1145,-0.00436260112939345,0.008522302325787656,1024,LMI-MINE,1.7301874160766602
1146,0.0,0.004670034119449662,1024,MINE,19.11771821975708
1147,0.0,0.004670034119449662,1024,InfoNCE,30.058943271636963
1148,0.012829075106802158,0.004670034119449662,1024,KSG,42.744704246520996
1149,-0.009139847596307519,0.004670034119449662,1024,LMI,8.065490007400513
1150,-0.009487773928130097,0.004670034119449662,1024,LMI-InfoNCE,1.3291761875152588
1151,-0.023068183582639453,0.004670034119449662,1024,LMI-MINE,1.7758140563964844
1152,0.0,0.0030470703432305957,1024,MINE,17.07363486289978
1153,0.0,0.0030470703432305957,1024,InfoNCE,28.02625846862793
1154,0.06286086618758936,0.0030470703432305957,1024,KSG,38.39262557029724
1155,0.008559277097904735,0.0030470703432305957,1024,LMI,6.224757194519043
1156,-0.007044246697508285,0.0030470703432305957,1024,LMI-InfoNCE,1.1388707160949707
1157,-0.022497592126532902,0.0030470703432305957,1024,LMI-MINE,1.6439766883850098
1158,0.0,0.0019701437293657698,1024,MINE,16.66256356239319
1159,0.00014377749612130803,0.0019701437293657698,1024,InfoNCE,23.792354106903076
1160,-0.019499910997379775,0.0019701437293657698,1024,KSG,37.54600524902344
1161,0.011502696734522914,0.0019701437293657698,1024,LMI,5.347125768661499
1162,-0.027424374348438415,0.0019701437293657698,1024,LMI-InfoNCE,1.318739652633667
1163,0.025825323077976328,0.0019701437293657698,1024,LMI-MINE,2.2604851722717285
1164,0.0,0.0014598941978323232,1024,MINE,4.711085796356201
1165,0.0,0.0014598941978323232,1024,InfoNCE,8.249934673309326
1166,-0.022729251983457172,0.0014598941978323232,1024,KSG,38.46210074424744
1167,0.003617387266561491,0.0014598941978323232,1024,LMI,8.919884204864502
1168,0.03549907042643765,0.0014598941978323232,1024,LMI-InfoNCE,1.4538829326629639
1169,0.004053291832586095,0.0014598941978323232,1024,LMI-MINE,2.027529239654541
1170,1.375861206902469e-06,0.0023278671047324284,1024,MINE,22.001056432724
1171,0.0,0.0023278671047324284,1024,InfoNCE,23.731977224349976
1172,-0.02573184968749652,0.0023278671047324284,1024,KSG,37.952038288116455
1173,-0.023120301921674725,0.0023278671047324284,1024,LMI,4.136859893798828
1174,0.019462001775179497,0.0023278671047324284,1024,LMI-InfoNCE,1.222090482711792
1175,0.022557138500157798,0.0023278671047324284,1024,LMI-MINE,3.1056466102600098
1176,0.0,0.0010760942546435004,1024,MINE,6.843656063079834
1177,0.0,0.0010760942546435004,1024,InfoNCE,8.912973880767822
1178,-0.01088101019861809,0.0010760942546435004,1024,KSG,37.14749717712402
1179,-0.009788243034874793,0.0010760942546435004,1024,LMI,5.739809513092041
1180,0.03220571189732192,0.0010760942546435004,1024,LMI-InfoNCE,1.2262907028198242
1181,0.02780164264063886,0.0010760942546435004,1024,LMI-MINE,1.7257180213928223
1182,0.0,0.0004183099314438721,1024,MINE,6.113312244415283
1183,3.439653017256173e-06,0.0004183099314438721,1024,InfoNCE,8.979280233383179
1184,0.012667904253646585,0.0004183099314438721,1024,KSG,38.296496868133545
1185,-0.04488190871859757,0.0004183099314438721,1024,LMI,5.924980163574219
1186,0.008391727984596548,0.0004183099314438721,1024,LMI-InfoNCE,1.213892936706543
1187,0.0065505232555914455,0.0004183099314438721,1024,LMI-MINE,1.345381498336792
1188,0.0,0.0010760942546435004,1024,MINE,6.632835388183594
1189,0.0,0.0010760942546435004,1024,InfoNCE,9.03428030014038
1190,0.002867717419033595,0.0010760942546435004,1024,KSG,37.453959465026855
1191,0.011261404263059547,0.0010760942546435004,1024,LMI,8.277746438980103
1192,-0.013355035022307763,0.0010760942546435004,1024,LMI-InfoNCE,1.2191190719604492
1193,0.005347853832028664,0.0010760942546435004,1024,LMI-MINE,1.4471349716186523
1194,0.0,1.2061204673896597e-05,1024,MINE,6.754264831542969
1195,1.1694820258670987e-05,1.2061204673896597e-05,1024,InfoNCE,8.672863483428955
1196,0.005900681129932097,1.2061204673896597e-05,1024,KSG,37.94921660423279
1197,-0.002135373684228745,1.2061204673896597e-05,1024,LMI,7.08210015296936
1198,0.012171068339093996,1.2061204673896597e-05,1024,LMI-InfoNCE,1.2110190391540527
1199,-0.011504266794147629,1.2061204673896597e-05,1024,LMI-MINE,1.83748459815979
