,SPRING1,SPRING2,Neutrophil PT,pMI,smooth pMI
102518,-1.636,725.697,10003.0,0.5026137451113964,
91567,-38.448,563.541,10010.0,0.45759178670516365,
100143,-17.163,498.706,10022.0,0.531859323026495,
89612,-18.451,610.699,10023.0,1.2698111633098477,
90156,-4.785,581.895,10035.0,0.7899889938479895,
87560,-40.962,610.482,10037.0,0.3878609279450932,
59431,70.239,645.037,10086.0,0.5621290307082469,
105388,-61.385,639.708,10100.0,0.6869177462597995,
92386,7.374,596.728,10103.0,1.3579580110830252,
91372,36.046,624.45,10162.0,0.589432471867548,
28318,-54.588,641.315,10171.0,0.5392922105373346,
109928,180.973,541.084,10177.0,0.2617479073179608,
100853,-56.351,502.286,10187.0,0.5209798591449336,
84566,-120.291,671.302,10216.0,0.3936072033404981,
82685,-52.883,647.69,10264.0,0.6542416553003128,
99351,-155.279,904.9,10296.0,0.9336348199187906,
99156,66.677,456.129,10333.0,0.6917063622622385,
60120,259.905,577.027,10335.0,-0.23666895368164664,
96541,155.034,597.483,10363.0,0.29472452729710297,
59767,-147.113,534.546,10374.0,0.04395583593248316,
87961,37.555,585.953,10378.0,0.34209491304485606,
89182,-123.397,471.708,10385.0,0.5786296927810959,
43390,346.786,625.482,10401.0,0.25188630673545853,
104594,85.863,419.952,10418.0,0.06118474495702055,
16676,-20.155,646.69,10466.0,0.061817615283973046,
98862,-27.133,501.132,10471.0,0.34737740587905563,
101740,125.874,475.47,10508.0,0.519303342764178,
51939,128.615,665.157,10527.0,0.3662375963403389,
86392,-125.465,674.423,10556.0,0.7191853613912422,
48355,69.561,567.627,10557.0,0.32683048631009326,
89185,47.256,508.96,10565.0,0.173090990032367,
97657,-136.156,661.271,10569.0,0.8004842000669041,
54537,151.125,600.88,10635.0,-0.29916601394607945,
104971,364.048,432.088,10659.0,0.6318732119684958,
59936,178.403,600.39,10688.0,0.23416220803155613,
15678,66.075,535.491,10692.0,0.2367131251323243,
54917,94.571,625.174,10693.0,0.06919780696966332,
49167,71.51,647.647,10697.0,0.23191277120527598,
91463,275.013,482.141,10713.0,0.4238172179258437,
102405,143.342,518.838,10727.0,0.6240084735209162,
109301,18.531,570.125,10749.0,0.7783886717867478,
14310,-27.747,653.133,10786.0,0.5566543195469265,
52045,64.334,789.376,10806.0,0.36959049309134573,
42123,183.194,550.726,10841.0,0.4511651948323709,
106200,148.949,558.36,10847.0,0.6916791786937372,
84575,-118.533,690.724,10877.0,0.9006098205988662,
110337,216.846,266.92,10899.0,0.8102489257373552,
85235,113.0,383.465,10905.0,0.13870391249664143,
52357,98.238,550.48,10921.0,-0.2669333929943657,
105354,339.974,326.066,10923.0,0.3488304743240802,
49764,190.858,687.571,10966.0,0.1839183100348725,
44963,230.729,656.238,10976.0,0.4573499441423795,
50006,210.323,579.06,11023.0,0.522225428870593,
94869,113.599,505.593,11032.0,0.41189524534494365,
42005,375.483,431.627,11087.0,0.19812293632225952,
85568,41.658,565.543,11126.0,0.7240776667164213,
54058,113.001,390.516,11153.0,0.4704265723984108,
99676,68.942,449.313,11176.0,0.33250280930329806,
87185,-11.002,583.896,11202.0,1.0304265448607273,
46553,67.051,446.685,11213.0,0.5293878953121077,
47484,-1.116,555.738,11226.0,0.17379733176100953,
90522,-110.966,873.594,11271.0,0.708886662472669,
84246,-19.546,571.066,11274.0,0.30767296254743587,
102673,242.554,546.629,11288.0,0.23201610133195172,
90236,264.236,504.012,11339.0,0.3844092244147422,
93733,48.18,557.921,11344.0,0.5944318940275807,
105615,268.8,405.663,11434.0,0.44148836997411933,
107073,-0.632,495.308,11454.0,0.5408814756860014,
12347,-66.22,654.251,11516.0,0.2706577010859775,
83130,11.542,468.458,11517.0,0.5607298749182089,
90097,58.151,533.289,11532.0,0.789482821779761,
83407,-68.72,747.297,11541.0,-0.09902413030536092,
55086,35.332,613.357,11560.0,0.5290032889284866,
85138,-203.75,899.709,11566.0,0.9331721142176734,
23243,-25.895,571.932,11585.0,0.6836309232152444,
45857,177.967,685.502,11672.0,-0.020365560420731288,
11676,361.6,464.428,11681.0,0.06107282806894661,
90761,392.008,444.577,11692.0,0.26829434472935637,
106553,403.681,310.115,11707.0,0.30987919337810277,
48528,316.347,474.025,11731.0,0.16292092703480993,
88190,127.869,674.044,11744.0,1.0638055970215115,
90378,-74.996,710.662,11773.0,0.7153651569843501,
18636,347.906,508.431,11801.0,0.15220908011912573,
109569,303.623,400.674,11857.0,0.11681029488167342,
107311,-67.841,667.286,11880.0,0.381997102280807,
96320,-65.346,652.426,11885.0,0.5165751562569085,
107975,182.696,438.904,11913.0,0.6204222519302208,
46273,146.547,421.456,11941.0,0.3121624523963836,
44479,243.591,510.192,11969.0,0.10069849340816943,
83453,-115.069,656.518,12032.0,0.7238926928067699,
42510,196.643,590.497,12054.0,1.2114168563409469,
102814,59.533,534.801,12108.0,0.6116487053196791,
92402,-108.218,609.916,12129.0,0.4927941667500589,
43072,21.495,492.553,12147.0,0.00797936638618088,
46996,197.924,347.52,12149.0,0.46256055217854,
96950,-104.516,607.06,12154.0,0.26192986124714357,
60645,325.914,417.962,12187.0,1.0452874023641858,
23314,155.116,340.023,12202.0,0.24149534647940646,
104728,341.965,437.928,12280.0,0.19915128598395984,
52056,-52.144,546.222,12290.0,0.2788540774577036,0.44923391282488623
86038,-46.265,672.376,12302.0,0.627449527070082,0.45048227064447305
100468,131.532,489.526,12330.0,0.4178315381829633,0.450084668159251
47400,131.207,493.465,12343.0,-0.06814300890602416,0.4440846448399258
106512,143.027,487.993,12351.0,0.5131186947332897,0.4365177201541603
11781,-29.825,600.802,12379.0,0.21305045600899644,0.4307483347757703
87826,-41.739,516.478,12413.0,0.8547095333281739,0.43541682082960115
89601,18.278,529.973,12417.0,0.5535358730568556,0.4353308892530873
94507,24.092,404.451,12483.0,0.9352507658226639,0.4378142194487159
15855,-114.56,702.665,12504.0,0.39801482266345617,0.42821478756452014
82646,31.02,485.198,12556.0,0.2087907254117769,0.4244083700999625
26634,20.679,663.719,12564.0,0.9528453650114048,0.42854390164470324
52594,37.457,511.104,12574.0,-0.263462485324203,0.42329179771828157
82969,-130.459,506.539,12585.0,1.0532530247720973,0.4286145293745532
49434,18.209,590.026,12680.0,-0.16995164128326068,0.4229789409283156
83132,158.823,438.215,12708.0,0.6680898592655314,0.4231174229679678
107415,-48.094,610.043,12719.0,0.4413811993654858,0.4181948867624347
86644,57.668,620.438,12722.0,0.2696377244646898,0.4139742003844593
100798,123.963,549.651,12747.0,0.6097299845919376,0.4224381897671951
102497,64.653,594.01,12772.0,0.5294030002423401,0.4247849744966475
97415,-7.564,611.028,12781.0,0.9200574068673847,0.4335459902059965
105326,-145.274,470.998,12838.0,1.0433228167752218,0.4405582692433002
82569,-31.664,404.426,12849.0,0.8018972635288227,0.4427909449507774
103246,32.859,605.192,12875.0,0.2422627861660615,0.44269470974508346
109198,142.854,508.501,12929.0,0.7240827291551752,0.44932368958706503
84384,387.592,373.122,12931.0,0.9879904370231752,0.458585417804457
94046,-72.277,626.301,12940.0,0.0435360710528747,0.4555470044561952
102254,37.289,499.508,12964.0,0.8888566995293466,0.4592425380238469
89349,28.517,569.114,13017.0,0.8835425018655574,0.4644155870790991
50294,-88.263,435.027,13022.0,0.45655192644404075,0.46178925272962706
94026,-10.26,372.217,13024.0,0.6470109662475696,0.46499105752900177
84771,-88.609,760.497,13042.0,0.09748011463739534,0.4642349487750521
102356,18.185,673.285,13085.0,0.3068015348259317,0.45929812212264237
83495,41.694,521.759,13121.0,0.6031071253011886,0.4683208535151151
60707,87.238,511.541,13123.0,-0.2731044465310407,0.4592710769301197
103143,-41.562,516.798,13130.0,0.49120463478129156,0.461841501197617
93172,53.531,400.489,13178.0,0.8495394274806211,0.4679697642211
89957,215.248,344.474,13190.0,0.647212098825509,0.4737499071396584
19063,-55.875,549.863,13197.0,0.08816097458486186,0.47231238917345436
85639,-75.631,633.321,13239.0,0.26679785037857184,0.47074219549798163
90772,170.195,500.494,13300.0,0.3153039331159676,0.4676551500939321
100446,-195.926,707.021,13319.0,0.506534276875142,0.4649366061448161
93823,-38.052,470.64,13392.0,0.4490062276819903,0.46386012522616676
41635,205.67,383.328,13421.0,0.6201439484217276,0.46636565977947053
59841,380.706,354.968,13430.0,0.5730219931517637,0.46758422776266445
98451,225.636,382.191,13457.0,0.42513434001438855,0.464918779375871
41938,285.045,404.37,13464.0,0.19261004030318307,0.4578387815729142
44201,315.934,455.844,13492.0,0.36595838191756763,0.45339587613471627
93193,-21.973,494.346,13500.0,0.3209296520351884,0.45521813353010177
103822,368.174,363.523,13507.0,0.17432902028447325,0.4596307576628902
105404,169.028,457.997,13524.0,0.6459378297994942,0.46260183121764425
92259,-22.507,566.01,13535.0,0.7475976091465198,0.4682386242087608
94021,-116.977,417.238,13585.0,0.07803240036123187,0.4644454487709493
91618,176.132,224.596,13586.0,0.4924913417482296,0.4641481078997256
105146,377.857,287.71,13594.0,0.4686242200098805,0.464715397646375
20276,14.811,583.606,13595.0,-0.10752430625461988,0.46165892522060625
45414,403.23,409.711,13615.0,0.24151046595804723,0.4568332532130225
87533,203.056,291.688,13626.0,0.8287969945597033,0.46041695743463534
101999,75.124,425.451,13632.0,0.9554484494393394,0.4666464138359958
87621,148.021,419.27,13675.0,0.6713286380728619,0.4630554347681171
96371,10.042,439.369,13684.0,0.6050199663068518,0.46381175547806464
100106,257.54,414.414,13696.0,0.5514604019892597,0.4675883861803471
86596,24.049,407.555,13743.0,0.5871413202228493,0.4663709327578489
95838,-27.606,549.397,13756.0,0.5931338029782791,0.46922554116215737
68529,282.746,358.578,13768.0,0.48534324517585736,0.4717588126005964
15741,98.419,377.903,13813.0,0.8411740974117101,0.47632646133056605
10650,-17.245,452.255,13834.0,-0.3432250805882715,0.46694989158440753
103712,95.18,654.833,13841.0,0.3248529375249337,0.46578353725991567
46726,333.747,346.309,13872.0,0.05733750854984494,0.4609480975885541
29180,49.613,417.067,13884.0,0.6944728146803754,0.46518624872449815
60925,-164.606,504.147,13899.0,-0.8585203108647507,0.4509937468666685
60624,7.879,558.984,13945.0,0.6656612727250364,0.44975553137612123
96051,230.361,407.218,13965.0,0.691464293343241,0.4576604156126073
92487,201.653,374.646,13987.0,0.5134909711811358,0.45750529243513377
21055,134.995,447.912,14057.0,0.4509335718970653,0.4526829070119277
94132,24.706,363.551,14104.0,0.5312616020379243,0.45115921380015445
42099,329.793,356.876,14115.0,-0.22411688850681566,0.4491217005192937
87988,213.997,314.738,14117.0,0.4038708563531359,0.45254968080213553
96768,52.866,406.428,14242.0,1.014795795228264,0.46001469530712463
96286,441.577,297.905,14254.0,0.3393994413740405,0.460309897787084
106813,75.082,443.547,14283.0,0.3601371876451574,0.4622820603931874
82343,214.544,387.734,14292.0,0.44575950757383886,0.45610159949871076
48933,151.085,486.876,14315.0,-0.11203024808856013,0.44782764544798165
107440,400.217,375.671,14333.0,0.33107708049586104,0.449616325451749
59009,390.01,307.736,14351.0,0.00887031839193255,0.4485369256868516
47977,58.782,244.482,14358.0,-0.10432289097800314,0.4436737257542635
43839,184.16,236.462,14443.0,0.5264963566818194,0.44377293775851256
96650,51.877,517.524,14494.0,0.45580076810482284,0.44212672292025856
107796,235.8,410.887,14523.0,0.4377433723865737,0.44338253212016054
98073,108.726,239.011,14525.0,0.7357518598041427,0.4497330657841202
19146,63.259,427.614,14529.0,-0.16098972557525573,0.44088424160029993
84411,-149.453,611.704,14586.0,0.37390312612077875,0.4325091042980983
50011,291.376,405.07,14589.0,0.6024062925334557,0.43241668017023605
85429,-9.942,403.286,14593.0,0.39276230649698773,0.43141636156770535
59003,305.814,213.641,14601.0,0.5408509968653668,0.4367450778724972
110798,-26.082,648.469,14614.0,0.7040185017356594,0.4391596573680684
57470,5.41,515.714,14666.0,1.1899389336318031,0.448439748091915
109678,137.533,396.486,14674.0,0.56532856242577,0.4436401596925308
93502,35.604,575.373,14735.0,0.6212874147217607,0.4474380803749544
92276,336.83,238.223,14752.0,0.5795672709690953,0.45124224022480575
42626,-137.489,639.846,14790.0,1.0293087883940426,0.4587467873341691
96429,262.233,306.683,14806.0,0.22705963162683468,0.45474288837973664
51007,297.348,441.811,14819.0,0.5055581440625814,0.4556201544385328
41971,32.666,411.673,14834.0,0.9217955533602755,0.4655195400611959
29296,72.953,379.478,14841.0,0.0033115460353973724,0.4604214685742169
105693,142.714,474.283,14867.0,0.17447311031365859,0.46003569511726355
97396,151.971,381.245,14894.0,0.4314671771074902,0.45580327155505673
49427,12.665,502.999,14899.0,0.16852863016283284,0.4519531991261164
99502,-35.455,441.061,14909.0,0.5285649737049887,0.44788634120493975
108774,108.449,235.488,14919.0,0.7746468831362977,0.4516526618096682
98620,2.272,465.68,14927.0,0.5683438092810429,0.45524819264836075
84863,126.44,-52.055,14945.0,0.515565145982784,0.4508753904580746
28747,293.131,329.662,15013.0,0.3039056709351298,0.45654907202066786
86084,-182.174,813.003,15018.0,0.47157720985277,0.45073231387147467
46155,86.52,408.094,15028.0,-0.7762886220953461,0.4446689440633538
100655,206.203,513.289,15050.0,0.534849921706483,0.4433365446877633
13614,295.167,374.561,15083.0,0.6885487236313323,0.4458082199304218
90415,-47.204,701.532,15085.0,0.6616273666856121,0.449728116352631
93903,7.693,318.128,15153.0,0.6770868638093839,0.4504016851448055
15461,153.509,305.597,15163.0,0.20109817818854592,0.4471186369242675
15852,212.037,294.975,15188.0,0.21432561209653983,0.44006131897655903
44428,169.612,430.986,15207.0,0.3941234532068227,0.43356932534087506
82852,167.55,437.714,15230.0,0.5339584663742556,0.4308899373693294
109275,151.012,292.033,15242.0,0.684722120312482,0.4353145307107936
95713,-79.034,648.602,15261.0,0.34190201208105925,0.4314927235400524
102128,-116.489,747.557,15267.0,0.6086323496602736,0.42769914266642345
97348,369.442,421.917,15274.0,0.1525544446068404,0.4287893264019631
17524,193.439,441.7,15292.0,0.4440115353886426,0.42434087476055604
84505,115.686,425.686,15331.0,0.4191751206762647,0.4196972009486631
89458,-19.724,573.721,15336.0,0.5930321208284324,0.421062002892507
42161,163.765,188.828,15340.0,-0.09622210763886963,0.4136296721536427
88768,-70.735,264.688,15372.0,-0.32027142645051876,0.4094521567427635
43070,189.001,521.401,15466.0,0.17613559727633704,0.40814549736726763
99291,145.4,515.932,15498.0,0.4846953695222892,0.40696137980947855
24829,100.73,313.361,15612.0,0.04014623637865768,0.41009388663857554
82247,201.689,285.371,15632.0,0.5444526512067493,0.41062636680283016
45944,-51.408,415.141,15645.0,0.7401909899712149,0.4095328824277361
23317,285.784,217.105,15662.0,0.3721473264675068,0.4067822347041561
19000,2.742,402.758,15719.0,0.39257234193801704,0.40982634837768755
94020,180.05,436.164,15725.0,0.5871484512584737,0.4130298543864866
103531,-128.864,459.226,15735.0,0.01724186607055319,0.41004923371603247
27137,-28.829,563.17,15740.0,0.4860415714865135,0.4098443066621462
12221,58.97,270.694,15744.0,0.003622767527064942,0.4053904720605969
106382,-24.524,241.511,15753.0,-0.1784704620412822,0.3974043279559668
84643,-72.844,583.67,15761.0,0.6765490827699694,0.3984395988521489
90948,243.775,409.824,15768.0,0.518375289682053,0.3993720083488255
57647,170.131,466.846,15787.0,0.37084731252183023,0.401154381071012
101186,4.329,448.993,15794.0,0.5749728868592024,0.4032445261204283
25468,301.701,201.242,15807.0,0.42220914904045853,0.40425732109048107
45599,339.303,366.892,15812.0,0.10940441580357252,0.40360807504567203
109376,72.116,542.946,15822.0,0.46891806262480573,0.4018378773739251
92466,-35.295,345.541,15837.0,-0.016666369525724083,0.39419523758720276
88107,26.744,515.934,15847.0,1.0409060108042492,0.4038239736916329
24386,274.946,236.193,15852.0,0.19606971608872206,0.4008597574350378
14589,-52.661,479.93,15878.0,0.001020261940793943,0.396183717854347
106287,238.378,377.842,15883.0,0.44307354046683683,0.4016896963215615
83107,77.974,460.629,15897.0,0.5982280818997789,0.40525687248097886
107843,69.56,317.213,15914.0,0.3049343923791127,0.40001824645917294
100491,46.077,101.329,15919.0,0.5693233477515874,0.39615699544229543
91978,8.5,328.505,15988.0,0.745041174547754,0.39689412080704434
88713,60.903,331.543,16015.0,0.2025831795958323,0.39286975293993415
84523,20.994,165.025,16023.0,0.0906399806105581,0.38826154872614715
52758,198.951,442.961,16059.0,-0.16648082256330352,0.38072532729828557
91650,350.703,219.166,16103.0,0.402982570728757,0.3788238149757903
89323,109.774,302.148,16170.0,0.4890770453086817,0.3788611529771186
95308,137.213,280.785,16201.0,-0.018296461867182166,0.37026644738432973
93785,335.313,352.216,16217.0,0.02828997738731126,0.3739815979640855
85061,-1.848,385.83,16253.0,0.6003578268101248,0.3767366468569374
19533,246.353,293.083,16263.0,0.19153945989204318,0.3780786663703594
82319,9.538,332.968,16304.0,0.6195099024437934,0.37732903724799355
51066,219.227,360.035,16336.0,0.35707401555202056,0.38948498051216135
103478,109.654,438.522,16345.0,0.3914798269056029,0.38674316605396697
19856,366.343,129.377,16351.0,0.21310331774371766,0.38195955629797174
110827,165.27,663.757,16420.0,0.3622688557623718,0.38044733514378415
91428,282.62,277.118,16455.0,0.9042328450033026,0.3849803278748465
84849,431.405,291.166,16477.0,0.24510361043166623,0.3821187479587839
27923,166.881,375.141,16479.0,0.2055778413088205,0.38641569525694025
96375,-15.875,474.629,16483.0,0.5429138501725037,0.3878061251951339
14040,327.389,197.075,16510.0,0.3496579074283102,0.3811547463171344
103877,104.774,571.254,16529.0,0.6323039644372761,0.38408379154776673
110859,428.046,127.753,16532.0,0.6777262263116108,0.3872596819344313
107154,265.128,445.465,16550.0,0.2273383027672411,0.3850754698863653
100297,213.377,318.929,16575.0,0.8205016365664081,0.39440078873291495
91546,185.187,443.889,16609.0,0.8667436482410805,0.3997574544103672
94908,165.405,641.101,16611.0,0.3095007718470929,0.4027637589449188
105722,320.757,303.407,16635.0,0.8438000419966654,0.4122449882746655
92512,22.703,256.71,16669.0,0.7834914347901201,0.4148149390557485
109223,179.794,206.48,16736.0,0.033945081283954494,0.4105963821875398
91397,57.263,469.601,16743.0,0.08760140983648275,0.40709496256203886
87888,26.607,179.145,16755.0,0.07994605426858131,0.4005369045066833
50102,180.703,70.587,16796.0,-0.09420640277663976,0.4012047377346694
68705,227.132,170.895,16830.0,-0.24595796692736638,0.39500612680418795
85560,148.401,237.31,16837.0,0.43227692676384183,0.39330483314649184
28753,125.315,422.929,16862.0,0.2523442560155055,0.391900652641677
47941,76.876,331.953,16932.0,0.7418070895820954,0.3939102135688443
91314,105.471,179.145,16941.0,0.3218526977037174,0.3900885555285249
91481,34.021,258.194,16972.0,0.9657316199428394,0.3878464823916353
105879,80.381,55.957,16980.0,0.17386224208456985,0.3839318191882233
26746,141.376,329.332,16990.0,-0.3598726385832819,0.3741202186551728
42741,266.383,352.675,17005.0,0.6214365914637024,0.37453891186011895
95657,140.278,363.95,17012.0,0.4346905077254761,0.36859272905343315
103793,360.939,261.189,17029.0,0.6036453874510861,0.37235858661167576
109756,26.095,332.697,17030.0,0.43486648286504154,0.37165166999970034
105588,121.318,317.446,17091.0,0.3549085578099545,0.36598280004419714
105967,275.042,237.717,17123.0,0.48036959172442184,0.3707533805010874
82779,147.172,387.974,17193.0,0.18855384208848586,0.37089418781883565
108683,258.411,118.828,17231.0,0.6399051014478826,0.3729785670622396
108311,309.112,220.393,17239.0,0.26439556933846853,0.37393723645399596
95046,-117.01,372.829,17249.0,0.25806721314171316,0.37123225884836314
88324,-96.201,717.762,17278.0,0.21101785436099946,0.3655959685606102
88294,215.031,379.294,17298.0,0.7381995460669108,0.3672945259284689
105406,68.082,102.464,17323.0,0.7811036368016888,0.36994991083665796
104593,240.413,211.324,17395.0,0.3575573504507762,0.3704864276318144
50419,59.176,534.727,17441.0,0.20572905173699896,0.36782794605065666
89041,283.428,383.274,17463.0,-0.01335436109808381,0.37545728866062933
95048,55.956,208.989,17480.0,0.663860852267894,0.37674739796624335
93564,203.67,571.942,17507.0,0.7096790464506553,0.3769587011944367
24165,377.075,168.73,17543.0,0.22726544000205648,0.3726150819276011
41821,-270.929,822.893,17573.0,0.18281326536262707,0.3676723459431335
82944,10.867,314.757,17588.0,-0.09977892453629156,0.3646635749158851
44775,36.128,391.32,17592.0,0.3786108587224446,0.3663064273821442
102252,404.599,10.964,17602.0,0.3917710058470903,0.36628290290854687
15790,268.702,216.147,17624.0,0.2173066330392462,0.3631163845751967
93501,209.085,177.771,17636.0,0.336854303260465,0.35963770640467657
27943,291.892,288.631,17658.0,0.2770892639406804,0.3589895789232728
110572,45.684,323.24,17660.0,0.3841002204894737,0.35674425763156475
87423,205.466,138.75,17662.0,0.031562167525819126,0.35553433486075453
91927,-63.514,497.636,17664.0,0.25586646570059235,0.3536528841638741
83824,374.605,344.895,17705.0,0.49327993058160546,0.3543939322629275
21719,264.198,278.047,17712.0,-0.1319907508201445,0.34714370354644175
21414,289.44,256.986,17751.0,0.6378856638089531,0.3544847812609199
111482,57.62,392.159,17779.0,0.7617244324519479,0.36530473984994466
104354,97.012,213.784,17803.0,0.4163307857126083,0.3677066917343073
93126,28.731,295.204,17812.0,0.806434054567369,0.3709240785847582
51157,16.188,577.995,17828.0,0.10383566830041242,0.37156097290397566
104247,83.136,665.628,17830.0,0.811615002174529,0.3742325964136535
108906,-43.166,629.764,17877.0,0.7772809631432516,0.37460349614537386
49861,383.717,283.446,17905.0,0.46614031101543024,0.3755434259908531
94334,-44.327,260.588,17954.0,0.3885123113643254,0.37550282568511617
101141,98.655,340.649,17972.0,0.525533756713919,0.3748866787396706
106972,-26.181,483.195,17985.0,1.1434672947607158,0.38614893302657227
106992,336.111,186.954,17999.0,0.4639623411748285,0.3859281407234554
27774,180.232,283.021,18000.0,0.4315455012200496,0.39020736806038525
49892,424.008,10.41,18014.0,0.030987726926755898,0.3923019499500656
28615,66.167,423.003,18041.0,0.17188694592910286,0.3872553285816569
27540,303.383,232.035,18050.0,0.3740837762694052,0.38581241344753053
56867,127.518,170.001,18053.0,0.10706055640274922,0.38317454588633965
82733,275.823,180.92,18085.0,0.37930439292392126,0.3812178609469869
94928,430.474,312.796,18094.0,-0.10400475628517422,0.3759557218937305
19028,248.056,260.402,18131.0,0.43076339197543145,0.3791693116554491
91710,124.324,82.836,18151.0,0.5218518088487867,0.37969864911768897
26971,357.125,287.01,18156.0,0.3003157361705545,0.3828684701746517
110836,406.154,183.376,18187.0,0.6584844621913031,0.37904425468852226
68906,298.775,304.234,18211.0,0.719906473270472,0.3842826222603397
100612,-187.858,662.181,18231.0,0.6662751096368106,0.3909351707372999
85803,225.831,273.323,18251.0,0.502822859311128,0.3915326639257429
52740,-89.583,393.347,18254.0,0.18584781908482828,0.38740886129759333
88815,261.929,116.126,18310.0,0.6201550928960435,0.39056106830276266
83016,132.525,256.737,18369.0,0.5652916931141106,0.3905207517563879
101346,213.621,424.009,18374.0,0.509447700662532,0.3881648170175356
58935,77.246,408.961,18399.0,1.1134661754938107,0.3972736469765154
82749,93.91,90.67,18514.0,0.02531049265325954,0.39662035209694246
56326,370.609,255.853,18549.0,0.40195799532758725,0.40230474027585134
15704,364.435,206.007,18557.0,0.49165255398877605,0.4031914401084516
94743,100.921,89.838,18595.0,0.05283145141488667,0.3988289841695136
68676,224.365,250.183,18625.0,1.1497872750586977,0.41050982153877236
107425,228.356,192.498,18661.0,0.4269836748417867,0.41449675851331713
103401,393.87,252.141,18663.0,0.2893573234363921,0.41138675347957987
105245,229.634,72.886,18733.0,0.5164343077376238,0.4146357019580356
87291,37.47,163.584,18742.0,0.27664897469118016,0.41120709268050953
82447,394.902,126.028,18776.0,0.7673844203465602,0.4153101967284549
51649,149.042,279.156,18823.0,-0.17821715184702916,0.40961322694092855
105609,54.376,190.973,18836.0,0.26555149630317393,0.41013770872652316
86048,132.329,215.085,18850.0,0.5110115010892878,0.41162513517979227
91204,396.218,20.686,18856.0,0.6550725555125607,0.4091335322848849
87910,176.489,204.399,18868.0,0.9166216591643932,0.41584871277221214
83519,65.604,286.552,18874.0,0.7585228130272749,0.4213781624893967
43665,-0.047,615.007,18882.0,0.3036381548202839,0.41898540553587454
92227,107.401,163.646,18923.0,0.5909191218518489,0.4213980176801098
86789,160.423,330.549,18926.0,0.45272361725949317,0.41960221420833205
109467,171.311,359.532,18942.0,0.34552285815453015,0.41628018052676125
103166,-147.56,490.965,19008.0,0.42007756440830624,0.41820757314317186
13117,260.918,170.763,19029.0,0.4069542493169708,0.41407209927067756
85750,375.813,197.207,19031.0,0.3973128251187648,0.4093777910394544
85794,404.794,87.205,19055.0,0.7404590732219525,0.41368737405320294
93266,166.173,316.826,19064.0,0.7611836772157294,0.4128612104053936
83122,137.472,320.521,19075.0,0.38113322913058745,0.4088376283487982
84894,289.746,120.194,19076.0,0.8709129916440299,0.41720730745239903
82456,322.059,305.388,19165.0,0.42774698408340867,0.4206087631948683
10820,43.068,136.246,19201.0,-0.4182544671482084,0.41562675798070037
84993,164.942,379.468,19218.0,0.0699164262497175,0.417267986270964
48383,374.189,216.099,19234.0,0.3026342266244222,0.42275390820648184
108681,168.837,333.511,19249.0,0.6238793714965961,0.4246699326538094
107357,522.322,-52.108,19283.0,0.30360127925123315,0.4251825028861667
107183,215.324,459.244,19326.0,0.20967106388927476,0.41986114262923846
83957,103.968,91.14,19350.0,0.4052832720737821,0.4206954483729391
23997,241.333,175.318,19388.0,0.504743778963413,0.41608556996314483
18345,431.577,16.673,19404.0,-0.570013266540664,0.4086468148768925
97765,-15.323,93.351,19406.0,0.8449791916118434,0.4206953331788438
94085,55.503,362.406,19408.0,0.3211372274763871,0.41769233953897056
17666,289.828,96.615,19415.0,-0.12909416616558259,0.41205449280006007
82949,-196.982,658.096,19419.0,0.22502177613306137,0.4082682566868798
104323,159.528,424.011,19450.0,0.21186463157225136,0.4060382381739519
97354,332.105,135.702,19472.0,0.7353568443942122,0.4098427210397944
22614,228.316,159.759,19490.0,0.6380994837431262,0.41142001995998145
94111,303.919,-23.929,19538.0,0.49700774381389506,0.4145045589772356
90410,20.113,267.794,19581.0,0.5469067213762143,0.41357457517651885
104679,144.382,209.694,19598.0,0.48464439216019467,0.41577706340473614
101371,353.079,415.608,19612.0,0.544505902124153,0.4186414502945606
107872,76.454,603.274,19622.0,0.7080034312101817,0.42361130606305236
92125,451.615,59.264,19630.0,0.8113888443560697,0.424343199045944
93250,379.657,24.34,19659.0,0.5193089644378297,0.4217252523223054
94573,194.154,194.085,19662.0,0.06840064772721655,0.4188336852950698
96324,34.671,229.32,19679.0,0.5344735629786833,0.4221211304074866
97132,8.51,283.907,19684.0,0.6964549541383382,0.42921922355985087
88877,102.055,341.442,19693.0,0.25593491146663133,0.42513996415183825
108391,-144.762,482.032,19728.0,0.11162768706820589,0.4191594505580137
60527,422.83,-15.554,19755.0,-0.3018452776870709,0.41386834338112244
110470,522.322,-45.976,19756.0,0.3164938882506187,0.4152051496100024
85037,25.593,347.805,19857.0,0.6296503580050716,0.422499442435416
61743,403.247,379.621,19886.0,1.2364707000082453,0.431078040848274
86497,407.734,-70.867,19943.0,0.2787874373440932,0.429948205163244
92842,248.17,223.966,19976.0,0.6624883965449009,0.4344000227983006
103662,334.755,307.657,19988.0,0.2346901497264564,0.43337838126296047
94807,327.075,172.235,20011.0,0.3094788238076654,0.4337022768616303
99153,389.764,120.641,20037.0,0.23110611471047857,0.4321723358038404
13115,265.633,-100.807,20071.0,0.4146025335604784,0.43600273946418705
94755,5.563,334.211,20086.0,-0.4091420651520726,0.4293526541556604
46815,246.268,255.361,20112.0,0.09670024701286592,0.425386857319973
98159,126.183,104.811,20118.0,0.6152023471980499,0.4328587883001549
107666,198.693,63.969,20124.0,1.0308051550765156,0.4367879832128305
89909,22.049,99.272,20136.0,0.5085710633538941,0.43425644952184994
13106,292.284,-14.549,20164.0,0.2313541015945348,0.4324066826806692
51132,346.175,311.838,20192.0,0.33295267423459507,0.4276718688773415
92717,103.117,189.709,20220.0,0.4869608406335087,0.4315031206006724
99288,18.067,156.282,20245.0,0.5256975977391118,0.42864394655631827
15655,184.538,256.228,20276.0,-0.06967031502528784,0.42017443377463287
12805,236.451,157.733,20288.0,-0.04289961205149194,0.41508403454396364
105558,287.789,164.94,20294.0,0.5945852895112077,0.4171447643254325
87932,379.119,197.038,20316.0,0.03401086183773826,0.4122295353766707
16255,414.93,5.392,20317.0,0.5230286239825352,0.4060251486688889
83318,354.925,114.393,20327.0,0.6477953886675717,0.40786347914381627
48773,132.438,41.449,20342.0,0.7929570076095401,0.4114775942077112
21657,409.652,138.242,20345.0,0.558194926361455,0.4167496662020582
102187,344.504,379.864,20358.0,0.44895433548904473,0.4195203400976576
88438,380.736,181.547,20359.0,0.10638491354881023,0.4168433514704517
83885,404.796,362.664,20456.0,0.40782190131852547,0.41985096491960944
82265,356.059,239.801,20493.0,0.7059215144887593,0.4231171361352578
95816,146.116,318.072,20505.0,0.7898066138875446,0.432055249836985
100175,51.149,194.594,20573.0,0.5645767845945364,0.43339338376317604
23858,308.089,33.107,20585.0,0.3644570950880396,0.4318194366255686
105301,450.851,135.48,20602.0,-0.014826996499616362,0.42866800929886684
92508,362.432,76.084,20626.0,0.3157688102757209,0.425240852779711
90212,289.35,234.212,20629.0,0.19939877358327215,0.42003577578283907
91360,410.321,159.958,20652.0,0.3245718381902144,0.4166187430683731
92317,357.1,192.607,20657.0,0.1863167026708879,0.4134536815019707
90578,324.12,99.385,20671.0,1.2200803507636064,0.42379600681875845
50281,183.257,747.033,20722.0,0.39989536644403456,0.42159340955423835
93419,268.523,47.799,20766.0,0.46727770276289843,0.42061326965072626
82960,262.112,52.644,20770.0,0.27874433662342507,0.41830623601033523
86505,467.124,21.7,20775.0,0.4363187548158157,0.41153476180355525
82174,18.745,283.329,20792.0,0.8264724003091143,0.4195463808801138
111075,318.631,228.184,20819.0,0.3019329030069301,0.4185461299569072
105718,213.966,91.496,20843.0,0.7410924218112592,0.421040528635132
103508,366.88,-39.054,20855.0,0.47379968374198944,0.4252502109584031
59208,332.991,200.87,20860.0,1.0142623611507873,0.423894961819324
90977,208.227,159.087,20919.0,0.9522035101288854,0.42914716017219495
91452,49.182,92.902,20960.0,-0.0026634741841565336,0.42622695219598944
24298,460.068,-61.48,21007.0,-0.028376677216376933,0.42077884234644947
89718,148.13,-1.769,21011.0,0.40986847890838635,0.4221110373886215
85655,295.355,284.255,21040.0,0.6545651555345853,0.42098284474050174
101290,303.476,310.39,21043.0,0.29709184276672584,0.4257359346866393
85612,392.988,44.25,21103.0,0.10722237072363025,0.42415264343084386
86111,173.697,163.398,21174.0,0.4127494623600582,0.4231700230435516
100575,137.112,302.077,21216.0,0.43047895698142896,0.42092408705824025
95286,317.503,82.318,21243.0,0.20691690063790857,0.41382703947297544
85891,119.552,172.172,21302.0,0.8111841185529907,0.4143536525282326
102595,76.299,199.02,21319.0,0.42480716572432725,0.415565342637273
110524,180.62,158.624,21340.0,0.749033495012925,0.4171464863688838
99436,81.772,172.377,21356.0,0.5731131163149451,0.4183503813594383
84234,243.311,167.637,21366.0,0.28228292545704603,0.41771798203246346
58399,195.373,162.755,21371.0,0.8169593555453407,0.42168679994383385
94597,114.8,61.952,21383.0,0.6198869175903113,0.4238161266265672
108390,132.886,-56.888,21396.0,0.5811160219900531,0.4256541585952801
28159,304.484,38.637,21407.0,-0.010470454899639528,0.4181448633140642
13526,198.099,44.504,21438.0,0.6584357874374567,0.4171173844162815
82730,208.93,158.063,21439.0,0.4492796740697772,0.41779884886567337
89480,460.388,-9.638,21457.0,-0.2915873204752649,0.4061738457444804
104384,341.185,305.777,21487.0,0.5908771881311576,0.4078051477849579
99266,336.214,-362.392,21489.0,0.3940430321950844,0.4159281227783908
86095,412.718,67.385,21499.0,0.6018179150364783,0.42124713766625843
15394,187.779,25.951,21501.0,0.1955206510841376,0.42017600191085563
24616,417.252,-55.149,21560.0,0.6793909365425079,0.42073111756131465
84975,172.992,-11.689,21572.0,0.8371705802463778,0.42606681057126616
96588,371.271,135.979,21585.0,0.32346073204178294,0.4272047072527912
85273,84.999,210.03,21636.0,0.6197795460303561,0.42934966999235696
107057,258.383,29.185,21648.0,0.7144038429104707,0.43144627063182756
94958,253.768,-92.775,21655.0,0.5076894267581296,0.4422232975648155
10954,328.827,-33.079,21680.0,0.7197416086771753,0.44097092173546876
97612,205.069,-2.397,21731.0,0.05035000733421122,0.438263049534047
98163,445.515,-22.976,21746.0,-0.399626387163733,0.4355577273240655
107346,3.112,527.348,21793.0,0.15513802818961606,0.434858889844631
84597,497.227,-54.172,21799.0,0.1827549651413931,0.4345677931803225
111341,456.828,-74.486,21806.0,0.4962655103262059,0.4321768798396425
96282,266.162,48.803,21808.0,0.0783117059040597,0.42657900206125177
21638,250.284,-19.721,21819.0,0.30217525573953524,0.42463067718050823
23708,457.395,-8.875,21921.0,0.2551458470053927,0.42171306843679995
108795,194.53,-103.612,21926.0,0.1755272619337096,0.4186218971345351
97746,280.612,18.758,21930.0,0.41795946462416234,0.4173564327595352
103411,144.008,-103.161,21938.0,-0.11465751167706148,0.4091298233306627
24368,337.045,74.665,21961.0,-0.002400058164360891,0.40099193430545843
86269,58.093,-60.117,22001.0,0.5255595193530538,0.4010544398546107
84957,-21.251,543.255,22034.0,1.2176305001395098,0.4125467383787336
98494,236.031,4.06,22038.0,0.6425067414401862,0.41362707016334865
97457,-20.976,93.38,22077.0,0.2034336749546215,0.4086968573715115
110682,57.476,362.613,22111.0,0.1733493557874346,0.40787100181471947
82600,135.557,32.615,22132.0,0.4852503184246693,0.41160722812828415
87292,363.394,75.965,22215.0,0.4896489214691896,0.4195221701198467
96694,89.207,48.019,22239.0,0.5445931421344841,0.4218031626586854
95374,83.859,18.702,22277.0,0.6318834496159653,0.4218254935747944
95169,454.826,-3.937,22280.0,0.3177119295478958,0.4126379058701909
83728,361.394,84.016,22285.0,0.28409615001472754,0.4126909929968972
99890,464.365,-73.228,22324.0,0.734871367538537,0.41341482270683355
24527,468.198,-134.11,22355.0,0.16127431494164995,0.41268066435898554
97696,359.062,-96.636,22381.0,0.4768261853423169,0.41435413797433207
16990,112.851,178.908,22505.0,0.15699142471186378,0.4136129910743459
21154,317.764,7.279,22507.0,0.39320237202586905,0.4133989894589998
95412,362.985,372.891,22570.0,0.4421225770574571,0.4219116358810951
102906,309.365,153.44,22580.0,0.3459822699084705,0.4244044561100511
92570,202.787,106.819,22594.0,0.7231952981746728,0.42548438561981733
96245,92.084,70.315,22595.0,0.49775703775806984,0.4201539044466329
27722,398.641,-30.961,22605.0,0.4389594650043886,0.41945778846313786
103481,-45.764,362.934,22613.0,0.037374002992129916,0.4175179874771138
98619,251.247,-94.492,22744.0,0.5600387205902684,0.41978884794067056
104315,255.899,-39.983,22745.0,0.9001850663708961,0.4239210901980444
23057,233.092,111.791,22750.0,0.9328387705804608,0.42799250192645794
84967,117.529,123.898,22764.0,0.47367633811010873,0.4334259684578119
52558,93.604,245.639,22768.0,0.16042423280988477,0.4354592069064256
99046,333.681,103.686,22798.0,0.26103322875705737,0.4321236862988841
83222,280.592,-3.228,22832.0,0.35872445726219115,0.4353708222531287
102929,188.699,126.882,22870.0,-0.036974188911381496,0.42977079412418945
28097,490.483,-56.809,22889.0,0.8475991656426004,0.4317688318939398
53185,249.458,233.268,22940.0,-0.1484231073447234,0.4223550307443972
107417,92.323,41.019,22973.0,0.2647771066867214,0.41942085254764977
107930,119.874,114.591,22988.0,0.5408293175245593,0.42033960236800494
107325,422.594,1.575,22993.0,0.5219528875469195,0.42449528210798604
105432,175.037,-59.865,23025.0,0.05693877689127136,0.4209864508637135
90789,222.221,261.513,23045.0,-0.6685096689956929,0.40724213902886897
107097,151.392,0.716,23050.0,0.589505516635259,0.4052391280563461
103844,457.336,84.788,23091.0,0.3961370803364231,0.403554731013765
103763,397.664,86.905,23111.0,0.5643499824188589,0.40555365988707315
89147,148.95,-2.751,23116.0,0.1948247330907877,0.40765017718297725
106963,251.168,46.377,23125.0,0.5040176772140048,0.4095326658523601
88961,463.805,14.64,23128.0,0.7152903448092471,0.41469158156461977
101980,281.717,244.321,23136.0,0.7702918330435681,0.41914878151315327
84053,353.472,17.582,23146.0,0.572432424143134,0.4230099387278758
111507,37.148,-48.186,23160.0,0.07850985128792484,0.41159423373311904
102572,80.02,-216.269,23213.0,0.0990272249578864,0.40858555231825755
102106,199.23,181.564,23218.0,-0.011522372902784229,0.40379755156160063
107608,479.538,-108.32,23250.0,-0.3883740284783955,0.3971263679105824
84127,128.386,29.092,23330.0,0.42441118796674304,0.39700729224209175
19353,534.811,-108.992,23345.0,1.095380751444935,0.39969637575344996
18637,271.5,62.005,23374.0,0.6965164401734817,0.4036422111251155
104622,407.27,23.788,23378.0,-0.1145129625474192,0.3950861572815287
52394,124.24,495.843,23381.0,-0.04276975395501976,0.3899204629045585
28183,574.915,-228.501,23384.0,0.2623713470102758,0.38240155276315346
101396,494.208,-71.469,23394.0,0.26651660254256443,0.3755446836872903
97371,449.532,-137.382,23401.0,0.15214675325929602,0.3770927859617248
92380,184.535,8.178,23423.0,0.31296274996027684,0.38050618023349136
88191,264.091,-64.344,23458.0,0.7038972922651736,0.3834464683670592
85195,250.079,93.509,23462.0,0.27723294673659177,0.37967314627907933
19262,22.328,195.562,23510.0,0.2733840145271337,0.3794360679966834
99867,420.682,-91.167,23519.0,0.6035968670435865,0.3843998129598829
96788,393.506,141.608,23602.0,0.12427320896906072,0.38151505042597295
88010,125.936,2.189,23608.0,0.3951402978625401,0.38116166383478406
85217,-0.811,-7.746,23615.0,0.46194025947208195,0.3837118974231258
88188,405.118,112.435,23617.0,0.3006916853375331,0.3786069730909712
83983,116.232,22.429,23631.0,0.653592057660332,0.38089482201033126
111117,449.725,-78.266,23687.0,0.480470873506067,0.3782091957952627
101009,380.878,-231.34,23739.0,0.6891192107473452,0.3793692567395867
108882,36.467,117.932,23756.0,0.4222528360948029,0.3807689558459642
96698,102.777,-126.241,23758.0,0.283427807415225,0.37543364036466315
98092,209.388,-6.625,23799.0,0.023842203673853413,0.36947319322549854
108214,102.513,-170.224,23813.0,0.350342063991978,0.3671654536455177
88436,175.118,-86.095,23865.0,0.1314722999417383,0.3685848811939315
106412,71.905,-132.61,23893.0,0.5513416792529152,0.3675139401120861
23761,460.098,-164.233,23977.0,0.5304203256892113,0.3683253466282805
82963,434.943,64.996,24035.0,0.7105916787496585,0.3783471366205297
87070,136.137,367.002,24101.0,0.5382869886706716,0.3778212346259248
19799,409.075,-71.297,24138.0,1.1672795078517713,0.38555359938249173
27603,462.794,17.014,24142.0,0.3564391219912972,0.38309981145203986
94557,238.098,26.993,24156.0,-0.673395179107332,0.37441065315012517
10492,574.273,-351.764,24171.0,0.007517453915855954,0.3676919183238587
27492,243.356,93.558,24177.0,0.6458127702455732,0.36577834022385064
90124,418.332,-236.113,24181.0,0.2232386755555058,0.3647761196589879
93820,188.59,-56.013,24202.0,0.6092921361865059,0.36467124556054936
104408,317.311,-23.007,24208.0,0.9157238455155863,0.3666844455866005
99552,100.675,-46.637,24209.0,0.15740394659793328,0.3631815907849986
88970,139.811,-42.456,24217.0,0.4487487659645952,0.3604716623578728
85431,503.773,-177.872,24218.0,0.2952755376396735,0.3629209176609274
90322,218.652,53.27,24236.0,0.5431861704332468,0.3723490432368972
96879,93.106,-86.036,24291.0,0.7971053619544299,0.37876871657454536
102910,402.412,54.969,24310.0,0.8069359352477734,0.3850105262756091
86739,77.577,61.374,24347.0,0.04171553617809796,0.380465026534128
85919,108.041,-134.165,24373.0,0.48217296386296854,0.38450363911371715
87373,184.385,-28.721,24376.0,0.40769317791977766,0.3855588183355195
98322,408.699,-17.892,24389.0,0.27681860429452904,0.38577554590841096
82410,245.423,-195.537,24396.0,0.6829689084928268,0.3908499623740021
18364,-134.96,483.744,24409.0,1.2066660878367717,0.39873702860612814
21460,581.941,-199.172,24431.0,0.7708743133882423,0.40759234685678125
105413,436.881,5.794,24472.0,0.48139857245180434,0.41243033316294286
11729,373.794,-138.772,24474.0,0.834595643971841,0.41552069440913075
98813,284.062,30.513,24502.0,0.41624798043868105,0.4075068692121224
85866,180.677,-100.368,24506.0,0.4237171377152418,0.405318973174873
108560,433.098,-200.546,24524.0,0.38442911642141064,0.40712892758954083
96740,70.062,-68.262,24529.0,0.9368048014074629,0.4147634820457412
97175,439.209,-131.935,24531.0,0.21367057482498755,0.41204768460974445
83200,175.934,-141.272,24625.0,1.255442480989156,0.41970562020494406
91171,161.979,-110.07,24633.0,0.5212657000906784,0.419472345784506
83053,12.724,78.501,24638.0,1.0293843396654039,0.42344735468500033
98046,98.454,88.11,24652.0,0.5803800076136927,0.42607403546565836
94383,452.323,-35.504,24720.0,0.5438212058517765,0.4286712860240289
106786,9.728,-104.661,24727.0,0.6748921132214062,0.4280714934808575
104346,286.763,-37.888,24729.0,0.872346609905744,0.4351822164304984
93959,339.848,106.739,24736.0,0.2669327952201013,0.4330832825292763
106307,119.411,95.513,24756.0,0.44621618811468905,0.43597553016330454
85986,516.716,-323.051,24832.0,0.15312301434956513,0.4335747365865415
98113,111.296,-9.381,24836.0,0.4324673023820007,0.4334781838397869
51368,214.389,71.085,24851.0,0.13379618390993397,0.4313563229798016
96054,95.18,-84.508,24863.0,0.12562272776653646,0.4253805972757202
85770,409.999,-148.944,24869.0,0.22094017626196077,0.4226124286607591
86935,375.388,63.043,24992.0,0.6831450944501849,0.4250542849552171
93414,274.722,-88.712,25019.0,0.11311111598701204,0.4258116560851659
104178,218.424,67.829,25105.0,0.5983991731373844,0.426195260610637
94616,194.968,-27.026,25122.0,0.19162632296164114,0.41910967317654446
108531,216.703,-76.24,25140.0,0.5177717105980875,0.41495900257672075
85353,173.912,-139.215,25153.0,0.7881846774645158,0.4181040859702648
24906,27.651,7.311,25213.0,0.6170137460172584,0.42266998110233867
86411,247.177,45.83,25340.0,0.32091821665900905,0.4232688309813581
11300,642.61,-284.537,25358.0,-0.10009065002110043,0.41868067990852526
99995,193.857,-106.85,25382.0,0.11559344492443133,0.4202063562468833
94105,223.358,2.654,25399.0,0.5538059564650565,0.4172684241551079
94615,296.139,-494.819,25420.0,0.3599327851921813,0.42235198308047694
92632,466.578,-37.426,25534.0,0.29878566046770677,0.4226920686182868
104260,313.702,-288.352,25579.0,0.8534010902399679,0.4258177863454409
106143,277.091,-37.636,25594.0,0.4081097309560131,0.4246793547795318
88844,248.674,-34.474,25606.0,0.7595329272930129,0.43170529628354926
86387,255.697,-498.31,25679.0,0.5271573714736794,0.4436619666882429
91228,146.386,-68.032,25685.0,0.37097403617153113,0.4414766518836057
102301,244.576,-233.682,25697.0,-0.2972588155422678,0.43454269292481873
89958,121.345,-107.961,25737.0,0.5383096601003504,0.4342822897016337
26245,574.61,-270.943,25752.0,0.42504093440895474,0.4365844517148153
107782,294.481,-70.536,25814.0,-0.14515774177084928,0.43009269752496676
109299,248.959,-45.874,25828.0,0.21225695051744475,0.4250623635820488
96539,58.983,-55.631,25849.0,0.5630114025124595,0.42298955927673776
106183,161.461,22.424,25893.0,0.35790150101123275,0.4208442500454187
109309,-221.753,938.797,25902.0,0.5905752578553433,0.4259649041110929
87843,169.377,43.485,25953.0,0.5676168984807306,0.4306508008463213
63683,543.742,-302.339,26004.0,0.3142077233433717,0.4339081018087829
93755,106.493,-119.845,26007.0,0.4038443649939379,0.44183028574350625
110053,359.381,-122.326,26118.0,0.10080038800094311,0.4385941777438482
102533,208.398,122.418,26186.0,0.4173866922112161,0.43181423715151096
110195,396.15,-184.588,26191.0,0.4172687605013438,0.4290217603547896
17965,253.125,-177.934,26243.0,0.15565218241888204,0.4317234118044527
99440,141.333,36.981,26271.0,0.9020767363285861,0.44117187670728875
106730,110.639,-101.879,26297.0,0.5353621649074393,0.44390178488626036
109750,-18.242,-2.831,26362.0,0.06046799928535329,0.44184129885368817
83367,319.98,-121.875,26388.0,0.1190381565809209,0.44151021288690445
95973,444.984,-673.085,26390.0,0.4373383967343134,0.4427539693546448
84720,328.926,-129.144,26462.0,0.5369047844196098,0.4410840442761892
110354,150.022,-246.505,26522.0,0.5569127980145612,0.4438808427889689
83215,224.957,-260.336,26523.0,0.4869829206465373,0.44601683185016294
106929,497.463,-190.166,26541.0,0.5964106386478863,0.44594496956620594
104264,188.891,-225.916,26554.0,0.6488613412001911,0.4511908508885172
109647,145.063,-262.527,26556.0,0.2199097156136383,0.4494385450660282
101924,476.464,-191.394,26587.0,0.3103135417694299,0.4479222778890017
91533,335.815,380.546,26591.0,0.357296224267816,0.4484883232783045
23427,486.613,-331.552,26640.0,-0.33136931665532143,0.438638709535148
102501,386.216,-349.056,26648.0,0.32597860037481163,0.4370937868038354
85559,433.904,-101.448,26651.0,0.2695382169755571,0.4328979768661176
92255,155.635,-84.809,26689.0,0.4504634662857872,0.4331800831680274
110769,245.48,-99.792,26692.0,0.7493934886513184,0.43783973998038833
96835,-12.385,65.403,26754.0,0.7406287552192127,0.44500760549584195
104150,202.446,-96.396,26774.0,0.19485878450356875,0.44345277270095784
100745,-19.8,-4.341,26831.0,0.47349805510713505,0.4468730302526118
97541,227.879,35.771,26931.0,0.9343298138744748,0.4507029115988274
27659,413.856,-170.144,26939.0,0.29343281933308285,0.44833303653526607
17105,233.623,-101.545,26973.0,0.9549674711835856,0.45077679445960533
107098,144.97,-7.075,27008.0,0.40185195151891573,0.44941244408808784
89152,262.657,-128.801,27010.0,0.5013621155639474,0.44275327016520954
94486,166.874,-42.038,27031.0,0.1812326886406436,0.4410012058317031
101001,396.542,31.18,27042.0,0.6094014860500255,0.45382917248327664
103935,137.277,-99.901,27086.0,-0.16581530916664505,0.4520958448524516
22210,545.559,-256.354,27130.0,-0.04150933066074169,0.44522262384338845
11660,302.489,-23.788,27147.0,0.16249056132857137,0.4446151427011191
106386,269.437,-54.952,27157.0,0.5519843087722475,0.4440420644269766
10431,571.189,-263.894,27215.0,-0.5625563420554582,0.4292592625512661
110628,467.056,-203.603,27257.0,0.27584971199030733,0.4304437202051898
62864,495.624,-364.287,27267.0,0.5110280873602109,0.4310665134191459
100794,0.028,70.954,27277.0,0.3834498256071684,0.43194825629882094
63169,464.984,-366.262,27294.0,0.6463725791522261,0.43298012038601075
28448,239.041,77.979,27311.0,0.2152152635339677,0.42716121940180607
27580,560.359,-318.636,27376.0,0.28607141493348137,0.42195257419866317
21667,651.5,-375.569,27382.0,0.8079210833392132,0.42961462967027436
94425,488.666,15.407,27392.0,0.2013648568489938,0.42680654860013456
107071,365.293,-352.743,27394.0,0.8397998291277655,0.4311276151122145
110382,324.392,-202.157,27424.0,0.2630820344557169,0.4309902494138263
86986,246.948,-58.855,27515.0,0.2910889529277291,0.42707144985817536
26777,245.167,57.087,27538.0,0.8136161654208156,0.4231409506340158
24564,472.072,-293.577,27552.0,0.3550219816145726,0.4189824273162791
20452,519.342,-207.611,27584.0,-0.0064644354457124905,0.41410379723730395
105403,83.768,-154.884,27591.0,0.6738314811312821,0.41249615560889835
104678,127.557,-15.868,27599.0,0.3069528644402491,0.4114032044489141
15826,493.605,-294.762,27653.0,-0.05110884940628531,0.40665494457769874
87426,127.917,-150.306,27681.0,0.5856452072210956,0.4086671054856956
103268,102.333,52.203,27701.0,0.5457067480198576,0.40475612495181956
85847,157.472,-166.837,27722.0,0.7900554554205652,0.4105199737577753
20710,405.067,-118.744,27725.0,0.703339339638419,0.404998942344268
85118,194.193,-125.371,27749.0,0.9378578536048799,0.40916486387941
68541,355.363,36.533,27759.0,1.236647879982702,0.4112374992825829
82998,555.009,-434.231,27760.0,0.5641415972959959,0.4110751151794059
104457,209.409,-154.409,27765.0,0.3532613745482989,0.4091695168663712
23933,408.861,-200.298,27784.0,0.08476753761781897,0.4032682711103353
102571,320.371,-101.154,27828.0,0.12050767570107083,0.3957498817682887
85590,269.583,-260.673,27832.0,-0.4238936129578009,0.38884161768650954
106845,229.586,-203.056,27911.0,0.1314872293699934,0.3856943280990626
87156,366.49,-48.914,27922.0,0.8146615856830108,0.3923097138123971
99329,132.007,-49.123,27933.0,0.7273238843504231,0.3952582796320813
110818,178.578,-202.328,28014.0,0.4126286400097425,0.39804660419307936
17508,464.984,-184.103,28038.0,0.1308477966329745,0.3980988548817438
82994,102.734,-63.881,28139.0,0.187260116811076,0.39776205428723493
107528,568.636,-259.461,28186.0,0.7480151650085395,0.39841075499281847
11438,271.78,-266.132,28262.0,0.4821350835495166,0.40210099466844346
97748,503.146,-323.032,28265.0,0.06950622133429689,0.3968120651504127
92068,190.161,-9.741,28282.0,-0.011783417082271005,0.3947779677499736
100931,542.76,-473.302,28297.0,0.4847876171631098,0.39444812681562375
104360,168.763,-173.804,28304.0,0.4853783291904742,0.3914200633328834
63717,555.752,-443.937,28457.0,0.49868983974711495,0.39023682427018186
99531,197.093,-400.418,28555.0,0.5404415161589703,0.39243205726518154
64574,455.344,-310.325,28583.0,0.5508968961598322,0.39894193272699086
102857,421.941,-462.962,28619.0,0.3175466619375628,0.4009614648971222
98659,420.77,-203.219,28631.0,0.6496649859706762,0.4019200551921784
105226,150.725,-164.523,28635.0,0.3643673759613059,0.4019644010998696
94253,75.869,-158.477,28690.0,0.3194000911535881,0.4021705454067284
96634,232.681,-197.433,28750.0,0.20540503622616835,0.3956905848665905
46725,245.521,-186.441,28775.0,-0.42487550273278724,0.38736073252970243
92475,212.725,47.882,28782.0,0.36331182825260633,0.3833985215392983
103564,398.187,-172.988,28832.0,0.6321178689851026,0.3844481265144126
97177,258.071,-224.082,28872.0,0.49861517389975585,0.3857245378916948
107530,265.953,-483.396,28890.0,0.2682751072186911,0.39137987711930444
84126,88.29,-249.758,28905.0,0.4491620374959674,0.39048840089326053
109951,428.974,49.168,28910.0,0.1624513551716107,0.38786250510088716
102516,438.426,-358.49,28940.0,0.7319397576541251,0.3966334800951369
110276,77.255,-98.48,28972.0,0.8537848178259233,0.40304875876822166
83458,237.848,-272.847,28987.0,-0.205958949900456,0.39535905524409254
98875,244.82,-175.246,29061.0,0.94325863935379,0.40121262662751805
98002,383.519,33.119,29146.0,0.9213070825960591,0.4045199448749252
91816,146.08,-264.082,29189.0,0.657896783067003,0.405422743720788
104997,424.995,217.202,29275.0,0.22072766154331008,0.40448794310278735
16809,481.791,-368.763,29314.0,0.5162104961292622,0.4056116044141406
96116,424.254,-183.595,29343.0,0.33120110019493926,0.4079156115360806
101798,174.577,-415.122,29349.0,0.6257653092452907,0.4099993977064213
88077,154.769,-64.028,29411.0,0.2605867762121855,0.4084325778635297
10651,516.732,-266.175,29452.0,0.7231456628010758,0.4141075126673517
86178,244.465,-375.806,29455.0,0.6432107205834041,0.41151885250989984
103749,340.337,155.279,29494.0,0.4233757809365214,0.41039898867019065
20980,313.19,-301.458,29514.0,-0.1452853330920936,0.4083414553464162
83565,189.019,-475.087,29521.0,0.8148952074026609,0.41530002585463355
99701,281.025,-430.824,29580.0,0.7923130432512743,0.41884977231980325
97597,179.846,-427.993,29587.0,0.4038266973393901,0.417518991449001
95695,252.564,-358.923,29621.0,0.8580723620910854,0.4205305870897662
63568,480.21,-288.719,29625.0,-0.02373833033833579,0.41542337457991757
97722,363.167,-478.921,29733.0,0.8225805784856671,0.4176850739782953
93186,168.188,-150.759,29773.0,0.3794234193554659,0.4149906947598481
23684,468.776,-255.066,29786.0,-0.008067318693341596,0.4127109244167783
88078,374.044,-348.344,29794.0,0.5976611867031527,0.4155844008661155
108962,238.624,-291.514,29865.0,-0.05047744205974007,0.41150666420284
86786,207.804,-399.337,29915.0,0.4929485350192124,0.41974984271958526
98297,441.179,-19.266,29946.0,0.5492499127202772,0.42198255584303995
93833,411.734,-443.556,29967.0,-0.03493381244185075,0.4189378355488658
106843,171.163,-40.461,29981.0,0.14149086237618672,0.41584810950976986
83820,533.466,-169.02,29985.0,1.044694536959707,0.4188011199928537
83041,123.855,-149.533,30087.0,0.279768500740203,0.4141925174480636
92630,310.686,-250.307,30111.0,0.9051385891776806,0.42129531549480476
101863,203.185,-152.228,30115.0,0.08352946739742048,0.4173956296177076
95150,553.802,-362.839,30121.0,0.5010485882096724,0.4130628173610596
18065,614.859,-306.552,30139.0,0.7626932720262833,0.41775542188799164
10357,544.668,-458.586,30172.0,-0.3043257944591777,0.40516248923156395
95107,80.768,-151.037,30232.0,0.17728423315833258,0.4029168120479581
94136,591.27,-212.388,30238.0,-0.3063427574470617,0.39483976331784804
66167,531.119,-363.407,30278.0,0.7334345040892407,0.400361781472334
98471,411.59,-377.473,30292.0,0.14119299405881686,0.39567969655242186
85058,192.435,-168.631,30357.0,0.5551779672049066,0.4028896293161375
65928,510.423,-510.419,30379.0,0.2770061777747782,0.4060747844004926
96787,379.614,-224.778,30414.0,0.81676675523402,0.4126175463395471
21293,604.573,-332.799,30474.0,0.20782988322764231,0.4091760020841011
62186,299.785,-240.74,30559.0,-0.22536780289259878,0.4125478874757297
97707,385.985,-163.168,30567.0,0.3632629584415342,0.4134220199402419
93308,263.458,-20.217,30625.0,0.3320686842008164,0.41163242590864807
16861,623.299,-367.903,30652.0,0.963063681042137,0.4174285644629977
102274,248.105,-370.154,30665.0,0.5943861382163869,0.4169087000536393
11576,574.359,-465.076,30756.0,0.640906965794491,0.42116561707624456
97412,386.682,-180.436,30759.0,0.203873230255754,0.42034363522946727
110921,120.224,-252.438,30765.0,0.5651478298930442,0.4179159026950055
103142,287.003,-171.093,30776.0,0.5334869868215681,0.42123712399473134
99787,289.879,-426.065,30782.0,0.6302278977814597,0.41914140468126826
105613,193.163,-477.634,30784.0,0.38928360516787486,0.42040342038838985
100148,384.821,-327.206,30790.0,1.0200939546576357,0.4276934704056889
65782,573.537,-408.164,30837.0,0.4622859999195802,0.4241801687506765
62982,477.261,-307.13,30912.0,0.7396589989965219,0.42802653892449605
91949,311.388,-148.232,30989.0,0.32248837100763483,0.43131606698902947
84216,310.127,-486.065,30992.0,0.6221617766831945,0.4307993699445486
85576,514.0,-684.645,30995.0,0.7501519170144901,0.435231360470291
10201,737.996,-437.093,31042.0,0.19526525656341456,0.43769510152998803
105740,180.433,-447.078,31058.0,0.6235631155630719,0.4380742806134078
86479,271.722,-333.256,31075.0,0.3589526510451075,0.43620673964366025
98683,338.438,-151.71,31135.0,0.2825154211947035,0.43113133930140163
68974,524.761,-361.336,31174.0,0.4145170226248814,0.4282431161312663
23447,560.483,-580.577,31206.0,0.5106138641288557,0.42397067623650597
93840,253.901,-352.098,31235.0,0.3001860411404854,0.4146060578480839
97848,153.551,-449.542,31294.0,0.4785198614674634,0.4137498404897986
95191,163.499,-281.405,31295.0,0.28441865501476665,0.4130614132944633
97983,426.836,-232.581,31304.0,0.36945429468604984,0.41590828086514553
105168,81.159,-213.879,31312.0,0.4181790716865928,0.41888499482500074
86869,352.054,-360.656,31368.0,0.692117980914808,0.43004511076372687
103377,428.926,-128.596,31421.0,0.409742911640888,0.4328276675864358
88433,333.421,-308.977,31447.0,-0.000773573969493048,0.42467331598991076
85848,450.542,-216.741,31473.0,0.11804972650437913,0.41858057441145036
22799,548.559,-538.371,31499.0,0.6705252859567151,0.42115954087092006
96167,183.381,-502.076,31500.0,0.33142895718060217,0.42316535247639636
100574,250.286,-428.02,31579.0,0.3854434843333615,0.42514718615161917
9881,498.483,-359.749,31591.0,0.3292408890801254,0.42095944339233504
18815,563.744,-271.035,31604.0,-0.34459028246801815,0.4126921897321597
95655,192.936,-453.822,31661.0,0.5097967317924141,0.41709509483674084
107703,163.325,-328.642,31733.0,0.19537265007915836,0.4191666555083552
102127,379.457,-340.037,31779.0,0.746208774780567,0.4217808670845297
102697,35.324,233.923,31786.0,-0.1769741903650391,0.41515734188897463
10101,556.052,-568.977,31953.0,0.5249489239532725,0.4154199327310362
104757,274.04,-465.699,31998.0,0.7093167079735964,0.41710868464918244
109412,181.564,-478.371,32023.0,0.5861820389066924,0.417461536076651
86898,319.113,-363.091,32041.0,0.3608754263372466,0.41789482372064785
95916,199.957,-345.163,32062.0,0.9269253891566006,0.4206674277525071
90469,166.479,-299.219,32134.0,1.0344497146839118,0.4273682511397332
108971,308.52,-420.76,32150.0,-0.3308517065894394,0.4208657331623029
99216,446.807,-477.064,32219.0,0.3750644154197572,0.42256232695423873
22723,522.623,-548.458,32228.0,0.1566999149865848,0.42837808113143255
91570,314.401,-201.061,32256.0,0.36069012319008475,0.4283518640808073
68657,506.64,-355.51,32272.0,1.4712561107871882,0.4367432464988281
85171,529.781,-522.041,32331.0,0.3751737005962137,0.43550883176579275
90069,196.651,-531.335,32384.0,0.6211568343671778,0.4390376490372776
20501,288.144,-343.51,32460.0,-0.38707625310944394,0.43067526613122353
97330,188.322,-409.484,32492.0,0.3625732288197181,0.43267648486770455
94408,173.269,-114.647,32601.0,0.8575946660969429,0.43393303395213273
28212,595.129,-552.898,32683.0,-0.13887831582549132,0.4240064026156186
89427,433.849,-200.86,32692.0,0.471561062880087,0.43078160274342403
12986,547.149,-468.534,32695.0,-0.08534662317560908,0.42049555011813006
98206,203.509,-333.461,32781.0,0.42963384996599546,0.4155788177918294
25821,585.611,-674.656,32825.0,0.12594940628806367,0.41025934402403996
98185,292.468,-337.915,32868.0,0.5065204166001407,0.4131172715746083
27609,611.415,-643.442,32879.0,0.014275899581135268,0.40809792560912705
25958,420.232,-503.857,32926.0,1.040779122247215,0.4151937058296498
84456,531.945,-508.315,32939.0,0.34702227624070947,0.412406275499604
27663,634.762,-784.384,32987.0,0.3515606070486751,0.4133160138079689
23266,520.426,-594.903,33007.0,0.06124465421261895,0.40669700372208434
94927,595.342,-566.348,33025.0,0.6454632635768008,0.40671952915201826
82524,586.801,-610.731,33030.0,-1.7567423436505696,0.3849183479061474
28838,476.297,-654.007,33097.0,0.4508454242165418,0.39087965547923376
105461,232.255,-375.387,33109.0,0.11662249897723945,0.3838969283949795
89484,256.074,-477.979,33149.0,1.1835207785339703,0.38780900574780647
91143,315.507,-635.752,33194.0,0.6593157660475792,0.3903638964348884
104620,247.964,-475.194,33274.0,0.11301689201348444,0.38291334173411234
109918,192.075,-446.202,33321.0,0.2758790677929398,0.38590951571542503
101552,220.594,-316.658,33342.0,0.5259151232750385,0.3829428611633188
102084,301.976,-603.242,33430.0,0.3556856752394319,0.3827054837221585
86323,303.395,-328.295,33536.0,0.3320807833112844,0.38610696474220474
85263,284.092,-596.717,33537.0,0.5384644815382144,0.3855149976905554
66165,552.402,-436.482,33612.0,0.411322835750321,0.39013300046865595
11928,615.886,-634.942,33615.0,0.22401645832336975,0.3874436797016976
98964,280.424,-716.488,33618.0,0.8184905654605312,0.3901360862291001
25358,383.916,-197.107,33630.0,0.14372012881903157,0.3919226256417089
91984,206.995,-479.276,33649.0,-0.247001258623127,0.3880377044317158
24700,726.167,-529.033,33870.0,0.2294467555906657,0.37988522661802543
106026,425.525,-638.423,33901.0,1.2630895775478406,0.38971843738610173
83471,268.941,-134.134,33919.0,0.4337850942566507,0.38500490243689145
65948,433.603,-479.653,33944.0,-0.03547625922595323,0.3838148451706577
85546,363.272,-805.171,33977.0,0.34903880910465246,0.3822947473796075
9950,628.632,-792.008,33978.0,0.43685718085220604,0.3790363864678667
29020,576.435,-580.219,34039.0,0.4608008030339964,0.38668765244279846
87193,388.576,-552.327,34058.0,0.588686244601536,0.39080167255723053
62969,609.975,-680.332,34088.0,0.8670160600074862,0.40253526073177603
91563,382.224,-581.641,34106.0,0.16087930295074143,0.39680970872039095
11625,415.076,-478.828,34219.0,0.5132749567232396,0.40053052834703523
82710,359.179,-727.521,34237.0,0.7867311622984053,0.4028460602979702
99285,397.465,-566.673,34277.0,0.5668338366100178,0.4057443368863226
89295,176.263,-486.284,34352.0,0.6113113571602474,0.4036897829055849
104712,416.39,-456.092,34383.0,0.3830796059259199,0.4054422801325676
87802,314.063,-580.834,34393.0,0.283388728532341,0.4105298454468171
93283,477.412,-285.713,34395.0,0.4054787550133043,0.41095200341253474
83868,288.426,-499.042,34411.0,-0.41354706558077686,0.4034958459147188
107356,225.536,-542.695,34421.0,0.8187859393085979,0.4020530684973834
107784,386.777,-615.98,34491.0,1.0160865956101994,0.4062700730713215
82780,352.988,-471.541,34505.0,0.32209032621017525,0.40308190667547833
84805,631.86,-523.771,34622.0,0.23681461745295068,0.4034113205474504
65024,494.211,-611.985,34644.0,0.5409994381316178,0.4031698366298361
24271,293.573,-616.283,34821.0,-0.09938227896086335,0.39684114397201176
101320,232.271,-654.575,34833.0,0.5087308582873262,0.3956261735770704
106116,500.032,-977.231,34853.0,0.42500243541046273,0.3959833618794963
62686,580.442,-968.081,34938.0,-0.5587201489710505,0.38019522084320945
102137,302.185,-547.886,34992.0,0.1371355032985934,0.3769437158769996
98597,250.691,-551.268,35042.0,1.092250706448333,0.3804696329515177
104866,407.501,-362.418,35061.0,-0.2600292046966341,0.37464445719447503
99829,261.402,-690.277,35097.0,0.36282874337175974,0.3720511268613606
98680,406.21,-580.931,35106.0,0.2935925038464306,0.3674855327296801
102987,211.584,-611.586,35199.0,0.03834818312876359,0.36591636199533356
63430,622.426,-654.619,35273.0,0.23876851173812716,0.3620684159570841
105863,241.686,-526.803,35292.0,0.2336796469940992,0.36081568591657404
102883,330.859,-443.334,35304.0,0.600089946845249,0.3639914311730795
24094,608.586,-632.845,35371.0,-0.1457040291418063,0.3583892206554126
96924,280.296,-557.098,35408.0,0.27733272182733454,0.3560564092323974
93016,379.74,-691.348,35424.0,0.3704608465458585,0.3567591572864511
103008,432.088,-863.575,35428.0,0.4613585856853528,0.35658754452863
88273,328.182,-755.24,35457.0,0.8450769511662735,0.36219412749014507
67004,526.905,-661.37,35470.0,0.9188561395400694,0.3676881459386853
22071,553.728,-660.324,35483.0,0.8012418361783542,0.37151877358360297
102567,313.753,-672.645,35650.0,-1.5532542691348377,0.3490650510831065
92037,343.721,-679.695,35706.0,0.7693938174255475,0.352661560140953
63350,512.901,-635.432,35787.0,0.8065803942977723,0.3607350998236257
102182,255.356,-529.902,35810.0,0.7142962486461054,0.3666975650450429
82109,361.475,-682.643,35937.0,0.6028446078387528,0.3660207582638633
21747,639.519,-1074.841,35955.0,0.4998774118527445,0.3677052428105847
100445,437.074,-551.186,35994.0,0.7030149103179729,0.3708809570704309
62831,567.13,-751.312,36018.0,0.7638448862006249,0.37522699704163587
26982,297.482,-582.582,36029.0,0.33953768025070524,0.3820682766688231
65173,691.994,-665.367,36039.0,0.708352996727905,0.38405383931817805
105220,290.095,-675.927,36087.0,0.3753486449805898,0.38585359926719226
108509,262.801,-701.565,36105.0,0.7953652182216011,0.3863451637016027
95720,551.475,-771.085,36207.0,0.5902835814898684,0.3940177414201517
16993,522.311,-684.577,36255.0,0.5734287625309993,0.394502539805929
21650,410.62,-629.911,36292.0,0.7234838458620734,0.39464421118481374
87190,419.345,-156.956,36314.0,0.20069928780531016,0.39078938367379995
24395,636.809,-513.433,36339.0,0.2643797275615585,0.38982442668604306
21507,362.365,-801.965,36484.0,0.47839308489350146,0.3853391036434121
103640,271.272,-574.175,36524.0,0.7189894910026121,0.38218450140659904
25905,664.879,-827.129,36530.0,0.6641346310803153,0.3921343647832966
92826,321.432,-515.291,36555.0,0.1261240679396135,0.3896449613084952
62370,631.879,-1168.355,36596.0,0.8612474044581553,0.3966904362032108
26598,471.071,-773.8,36757.0,0.18630076303091225,0.39494654260161915
83397,331.34,-609.846,36782.0,1.0970039321376288,0.3912040208151236
66413,529.906,-655.629,36789.0,1.0124047032757382,0.3975763308419188
83474,534.44,-817.713,36866.0,0.430622287219776,0.3956709853704448
27411,718.432,-879.97,36876.0,0.4404875043689539,0.40394662294522876
12429,686.545,-1109.923,36933.0,0.24915646675065362,0.4028124553245382
108675,373.509,-473.477,36971.0,0.3785249386901674,0.3980217580504704
22148,654.551,-927.077,37076.0,0.7993888161885424,0.40740442937061067
96586,537.589,-814.394,37101.0,0.4849161974104623,0.40753798071591446
63248,569.047,-894.958,37119.0,0.6755358599987625,0.41514680554765815
62203,603.009,-997.239,37155.0,0.5418169257381137,0.4162686363053794
27173,480.794,-912.148,37285.0,0.4185182576262797,0.4191943248187615
16582,531.829,-664.926,37299.0,-0.31400401521331356,0.41098908050062705
18834,539.434,-699.241,37318.0,0.6794420359458068,0.41764074186427375
67409,584.508,-983.836,37345.0,0.018205228232113478,0.4074150029241227
62126,583.752,-1021.359,37347.0,0.29779564148898874,0.4069227365766055
18464,527.259,-657.409,37383.0,0.8351626584263381,0.41175875709038207
12365,536.271,-686.508,37387.0,0.4438714914340708,0.4155850254625966
98867,266.584,-674.193,37423.0,0.6309163728822476,0.41543955655565107
90105,280.825,-577.507,37453.0,-0.5000434331307396,0.42800654566084945
99912,243.916,-721.203,37471.0,0.14449501965594885,0.4249430416152434
12520,553.86,-878.231,37560.0,0.6460956769006367,0.4302377733944775
67844,532.662,-924.199,37586.0,0.49647797977554137,0.4233673454068932
110656,365.104,-762.498,37778.0,0.703495744800015,0.42380914519441754
99458,498.921,-935.625,37864.0,0.48922092064797057,0.42757118548076234
11557,580.413,-1007.799,37900.0,0.6002081616716504,0.4308144764195495
84079,255.896,-569.568,37905.0,0.31527187187924904,0.4287080439055916
88899,276.363,-790.995,38039.0,0.6493170967631717,0.4316443581208289
12195,679.632,-890.544,38049.0,0.13296629049123215,0.4296532131926284
25224,553.241,-676.313,38111.0,-0.20238482609036365,0.4222447201163427
17188,517.232,-751.569,38126.0,-0.035339041069171795,0.4177781013481478
64907,598.401,-1038.523,38128.0,0.9082096486619975,0.424620033251534
62412,509.42,-676.216,38164.0,-0.6858291956787145,0.4095768356401415
25790,591.796,-801.622,38188.0,0.725139612132178,0.4153910304732731
67307,587.933,-1186.482,38214.0,0.6553562539507314,0.4244146055990116
89180,343.982,-801.719,38215.0,0.7597617476456248,0.4297177555195612
103589,588.9,-1052.067,38217.0,0.7686471243920303,0.4247733309880031
25599,567.433,-849.263,38283.0,0.719543721610164,0.42763091726153823
106281,292.078,-548.347,38440.0,0.6736918930529163,0.43472259878432695
64070,510.683,-901.029,38501.0,0.7160690242291672,0.43839290093557204
13052,588.845,-923.241,38520.0,0.4979499689148602,0.4390038288161987
26985,620.157,-854.037,38575.0,0.8853698241125502,0.4432495190269842
20923,712.872,-1158.152,38580.0,0.8738697402464484,0.44610135398343326
62219,413.812,-1040.149,38681.0,0.6344442892534283,0.44377563627589267
28081,588.77,-740.068,38729.0,0.5902739882493908,0.44806958312887923
103742,490.534,-1065.035,38744.0,0.27458593444868984,0.4456826929061337
28985,631.567,-797.55,38746.0,1.0212752365145656,0.4480281336482953
93373,299.589,-796.402,38865.0,0.3092223731054782,0.44545201901324993
108822,303.091,-691.243,38919.0,0.2947744067272359,0.4422866495089198
68689,531.143,-824.552,39087.0,0.7088286474143319,0.4455441399238039
27437,522.899,-617.624,39111.0,0.8984582388618445,0.45169483502709895
25612,623.523,-829.56,39170.0,1.594818769786617,0.4635882351748321
22745,453.921,-918.004,39200.0,0.46818496655606784,0.4724055554962005
94151,290.752,-779.577,39278.0,0.6580309857912717,0.4707980059610273
27459,531.857,-960.987,39289.0,0.7186797368512209,0.46782393737343747
104177,282.05,-779.482,39358.0,0.8251966812844636,0.4728550009241804
26954,742.796,-1214.504,39436.0,1.1314677809381541,0.48180153255903235
85545,370.985,-955.356,39619.0,0.6665285336307414,0.4830568235140237
85031,613.961,-1195.636,39637.0,0.05842565169926191,0.4846349028206249
86296,303.346,-807.659,39687.0,-0.1786164620525146,0.4777614296172265
108994,238.056,-694.296,39715.0,0.22717304225914026,0.47578313568571323
87374,377.247,-864.963,39791.0,0.9054156963118206,0.49042449413854194
21583,618.255,-1137.882,39884.0,0.2518414967337379,0.4915715540728934
9895,593.67,-1099.153,39895.0,0.5962768524781372,0.48661181553319144
14420,275.214,-629.581,39922.0,1.3367502707222745,0.5025796102873805
63502,604.001,-1099.024,39924.0,-0.03582498339362067,0.4985930730197268
11607,640.949,-1156.578,39966.0,0.2854873507398962,0.49851202148866136
27803,479.245,-964.724,40010.0,-0.3016671550556908,0.49511186810681684
25402,604.166,-859.446,40063.0,0.28158135383959426,0.49553999652783154
23269,629.408,-1233.16,40093.0,0.02395156769350157,0.49344271573482557
20684,835.221,-1079.258,40094.0,0.629274968638734,0.4937345659527604
86009,567.513,-1095.413,40259.0,0.6283328204523404,0.5014749344487018
12397,660.324,-1022.53,40411.0,1.0227674759964145,0.5089292819903927
25919,421.981,-957.369,40427.0,-0.08084843165149896,0.5044161892084191
23474,375.622,-729.464,40428.0,0.01369801005030959,0.4999395834520686
20790,608.157,-1098.094,40432.0,0.6274294421034743,0.4977631083614406
63060,538.368,-873.916,40489.0,0.9468434841017996,0.4980429818070579
22178,647.719,-1262.292,40519.0,0.502830440924088,0.49505886785451525
10312,651.335,-1133.994,40662.0,1.0938212644555774,0.5215296231904194
10116,576.535,-1083.313,40691.0,0.7622133412688717,0.5214578184288527
22497,556.518,-1201.457,40782.0,0.20217295951696518,0.5154137440810446
62017,548.231,-774.129,40788.0,0.6606093845556613,0.5148768754401403
20577,453.224,-1124.886,40867.0,0.024601766759593115,0.5090944470293486
24219,547.509,-949.666,40955.0,0.22534756356654184,0.5063491485464866
66792,590.327,-1138.449,41005.0,0.8883291017778875,0.5082022904610857
66037,586.473,-1054.332,41021.0,1.0153114949291457,0.5107169565483709
110629,521.594,-1033.929,41092.0,1.271062090141917,0.5200322006472831
95676,441.334,-1181.538,41134.0,0.8074094408507413,0.5210227650885114
98923,368.793,-1077.428,41169.0,0.11052006200640754,0.5183744792587696
63941,615.479,-1198.333,41258.0,0.12075743819384313,0.511628401458492
68896,610.198,-1214.37,41333.0,0.8402107871981567,0.5141276735155749
23799,605.173,-1086.349,41379.0,-0.08090311729821072,0.5075843547172828
89828,368.561,-903.153,41381.0,0.5337543475556094,0.5056870597342181
26298,673.494,-1143.654,41426.0,0.6187046381585499,0.5098671132377506
98300,326.843,-972.988,41457.0,0.6829609329102649,0.5140529252912376
105942,401.336,-1099.071,41464.0,0.03464093054239571,0.5096154037477265
108170,613.867,-1403.216,41556.0,1.0896918358635346,0.5133224271963358
12295,673.689,-1172.809,41595.0,0.7220750644004706,0.5139018315295373
23254,585.479,-1132.688,41719.0,-0.44777741286485695,0.5081628167214927
27350,596.758,-1182.277,41736.0,1.618782411303285,0.5157381667899439
27078,775.252,-1229.422,41745.0,0.7678190895149971,0.5215533500547848
21423,644.788,-1347.42,41771.0,1.373254151679279,0.5243158522502012
64589,544.504,-1032.341,41889.0,0.44661345453662404,0.5186579397628102
10456,493.953,-967.287,41970.0,0.8623168595386165,0.5229748854859985
102382,364.156,-848.976,41996.0,1.3065272339302807,0.5316352827816118
10254,672.02,-1174.02,42016.0,0.7814264142295494,0.5369579822564008
67550,652.174,-1417.859,42036.0,1.1970344772820336,0.5451430776423194
62769,573.414,-1240.626,42082.0,0.6174990193835355,0.5433241796742694
66574,518.925,-1187.397,42143.0,0.6743870063316533,0.5452188877634813
63945,634.32,-1369.486,42181.0,0.45255959559981634,0.5429891251194918
67957,635.12,-1094.573,42187.0,1.5655950872104587,0.5532269067342152
27680,652.88,-1342.532,42275.0,1.1051886023726454,0.5600936101816789
9938,846.192,-1058.633,42295.0,0.345165436996094,0.566685304703773
25379,607.519,-1181.561,42330.0,0.8570286420064643,0.5684611707643795
25130,613.566,-1222.656,42352.0,-0.07484747628533564,0.567530643719205
93057,415.067,-998.939,42474.0,0.48206422436882707,0.5693733295480033
25480,567.581,-1234.804,42518.0,0.6531870506450896,0.567553573470191
10318,654.509,-1141.03,42604.0,0.48969972263755013,0.5680118557822257
20925,578.13,-1241.902,42605.0,0.813160980202867,0.5698343018554319
27752,672.831,-1417.474,42659.0,0.40414510798432934,0.5788761872665826
65170,642.515,-1344.157,42707.0,1.989410667201864,0.5973253437420418
67906,611.063,-1338.098,42740.0,1.1559840132186696,0.602424227105222
23395,650.706,-1369.156,42749.0,0.3667434991302551,0.6011268822987692
21729,786.741,-1276.672,42753.0,0.9378518671456613,0.6034704435222257
82758,510.841,-1163.596,42999.0,0.9451808526233345,0.6080300428419794
67598,556.464,-1161.212,43007.0,0.908255088354036,0.6111105121088032
62139,685.257,-1514.011,43011.0,1.1492707011477936,0.6194505004014886
21918,616.324,-1279.796,43047.0,0.5968222146894147,0.6189255515807511
66132,708.764,-1402.145,43089.0,0.742348101604003,0.6250193696918788
12359,723.474,-1466.027,43111.0,0.40518512146095187,0.6310950691673919
61941,632.904,-1448.884,43142.0,0.5205061101024641,0.6366535206791082
26031,819.816,-1162.155,43309.0,0.6770213187213378,0.6343416373797017
24425,748.793,-1399.056,43378.0,-0.21628053875129663,0.6390371239489759
63418,662.48,-1461.686,43514.0,0.9155994702829814,0.6409417225304839
65446,581.265,-1327.007,43524.0,0.9237323011181893,0.6436254830021585
66236,692.013,-1577.225,43567.0,1.1193523204845397,0.6472213887305476
66985,699.321,-1580.244,43574.0,1.171322099502676,0.6512481384816542
26320,821.4,-1448.387,43586.0,0.016948931792037956,0.6442221905834729
98584,574.6,-1217.295,43621.0,-0.3523590915667087,0.6339616807372765
62471,563.459,-1284.999,43675.0,0.507876723270637,0.6318797577276913
11019,739.584,-1407.371,43708.0,1.1544960335351235,0.6384452183738939
84745,759.892,-1605.356,43716.0,0.19427124087211559,0.6315342325414897
65743,683.578,-1544.437,43726.0,0.5758932617248084,0.6285544677562732
10823,578.044,-1303.7,43786.0,0.31994565920472784,0.6254094814557862
97506,445.147,-1098.353,43831.0,0.8583272225716432,0.6280900137990088
28534,732.728,-1429.848,43899.0,0.38571658347972,0.6292013202893191
27937,699.05,-1454.402,43955.0,0.898502650153994,0.6279735944257133
92072,433.846,-1042.955,43985.0,0.25177764553457316,0.6273991471500042
98578,449.451,-1074.724,44063.0,0.07864860923350395,0.625237889175067
10088,776.307,-1597.081,44251.0,0.19636212208621495,0.6201132239217858
66638,855.706,-1786.466,44258.0,0.8435524717515476,0.6195641662506827
21893,689.126,-1504.968,44394.0,0.7691665577751727,0.6113076441305683
10168,756.209,-1482.732,44404.0,0.835917325675146,0.6149849677217591
21309,703.646,-1497.58,44419.0,1.003550385741515,0.6184401617212616
20524,715.655,-1456.133,44465.0,0.40419651698518033,0.6152953295226012
21028,706.316,-1499.716,44478.0,1.4594364666635111,0.6216377273763916
23499,739.139,-1649.008,44479.0,-0.28447834094240365,0.607478266157586
63811,712.785,-1531.281,44485.0,1.1211902019673479,0.612024882840952
12855,747.173,-1390.092,44550.0,0.2776288950759364,0.6142169152747189
63140,676.388,-1347.453,44588.0,1.3333028781031424,0.6293361086762754
26429,712.664,-1443.437,44621.0,1.588730715936635,0.6429516854130504
68395,724.369,-1611.655,44623.0,0.6887483476594551,0.6407850119265267
27244,851.487,-1776.058,44682.0,0.7630052028124572,0.6458966489873138
24323,766.148,-1653.435,44877.0,1.0309559274642162,0.6502434397371747
98339,560.397,-1265.213,44918.0,0.30285660474879694,0.63990450307744
25097,857.446,-1830.63,44940.0,0.37543001767971856,0.6440170530881733
64358,705.191,-1571.53,45056.0,-0.004114202470041639,0.641121037556074
64985,655.487,-1483.39,45101.0,1.0562587066471822,0.6547002961731025
63911,794.936,-1768.861,45198.0,0.3521763408077484,0.6554062460427842
67374,810.591,-1767.153,45237.0,0.5746278259408103,0.6609130086252573
62143,824.403,-1811.873,45264.0,1.0198209907305935,0.664818468846176
63587,738.298,-1631.747,45293.0,1.6715169548260327,0.6752503101899129
25171,737.547,-1614.01,45344.0,0.09215635188168089,0.6659441989487656
63464,906.473,-1896.023,45452.0,0.9155749419524,0.6759084326848046
66252,845.269,-1841.169,45473.0,1.1016677480883559,0.6867881300651848
11545,874.645,-1403.292,45478.0,0.3625605155751606,0.6841394407999017
64576,799.308,-1673.953,45487.0,0.8321914666902538,0.6829929206257863
88016,1059.325,-1394.28,45575.0,0.397610008588845,0.6819407163024338
67895,804.107,-1684.348,45652.0,0.8070503462884041,0.679073007120762
63318,875.453,-1870.139,45704.0,1.2246650683116462,0.68369752439119
11044,893.166,-1737.179,45716.0,0.6784994695560268,0.6884607894915805
99241,772.046,-1540.4,45730.0,1.090003631905672,0.6927547319650808
96951,837.555,-1767.079,45737.0,0.2531951532890374,0.6950406658303749
65190,845.813,-1868.756,45834.0,0.9542172116958489,0.702329362311668
62932,765.248,-1683.129,45856.0,1.6206180310958378,0.7096522516048477
26830,916.577,-1705.826,45882.0,0.42880744401134097,0.7037872110956696
28420,956.961,-1759.503,46153.0,1.4897849405639572,0.7059744395998899
25818,1049.808,-1762.667,46250.0,1.3437687980505892,0.7113380331718885
65942,966.218,-1924.52,46563.0,1.2126471201826072,0.7223593037536504
23043,1016.025,-1950.553,46664.0,1.3757796981122479,0.7349095263528345
24778,1103.154,-2057.969,46773.0,0.1596199522635376,0.7281036180034884
68289,885.727,-1890.139,46818.0,1.1743249673439196,0.7406558988499097
63543,921.244,-1887.348,46849.0,1.3186226892974457,0.748504582267328
64492,791.051,-1689.91,46851.0,1.8247916040049739,0.7605654519257922
21186,951.804,-1623.118,46889.0,1.051993943083735,0.7642557820275269
24588,983.315,-1939.275,47014.0,0.3794658206548667,0.7677040309286517
67337,982.644,-1920.196,47178.0,0.5080571704327649,0.761887684274344
11472,1011.134,-1813.638,47257.0,0.8672209383794192,0.7633391430141334
63372,1031.691,-2022.802,47314.0,1.346053187763794,0.78127744902042
62269,1051.557,-2035.449,47410.0,1.2790531718754177,0.7778801566261413
29266,1121.63,-1838.103,47417.0,0.5586631297849746,0.7757885970288412
63563,1061.143,-2042.249,47472.0,0.919908708645174,0.7712551425984999
20680,1035.371,-1941.638,47504.0,-0.007878850103512658,0.7667102195520986
65496,1091.409,-2100.109,47518.0,0.6116979107137603,0.76420403006385
68424,990.721,-1968.128,47702.0,1.495727376712765,0.7660960314916749
24233,1008.716,-1888.4,47814.0,0.44116710136768733,0.7626934383630563
11206,-83.973,681.545,47885.0,-0.058121401724315236,0.7501418795729928
65303,1139.285,-2105.04,47987.0,1.18791740755356,0.7558460634546931
65950,1160.188,-2114.542,48173.0,2.540812371321948,0.7745103171045961
62026,1110.142,-2110.919,48209.0,0.8782840442774162,0.7787675615913721
62418,1159.916,-2091.706,48345.0,-0.6849297499410454,0.756262313219857
68230,1187.861,-2102.534,48382.0,2.042622996916264,0.7656366571652932
28412,1193.076,-1910.498,48570.0,0.9060864502525379,0.7712458672978575
66631,1193.136,-2130.855,48719.0,1.2569008486195556,0.7752445893639885
64371,1161.264,-2110.754,48884.0,0.986583475389794,0.7858588988807398
24507,1286.375,-2141.624,48949.0,-0.21098334655355733,0.7789284231715159
63250,1153.991,-2105.808,48959.0,1.4073333840883064,0.7864698865059481
66430,1245.602,-2117.908,49078.0,1.0321217783913643,0.7918941070634863
66993,1292.99,-2183.382,49185.0,1.110030452354858,0.7948628017850061
66699,1088.104,-2089.927,49314.0,1.0019813848323251,0.8008411645534862
68053,1354.947,-2195.348,49424.0,0.788761381472451,0.788834671696192
24916,1222.704,-2112.89,49658.0,1.1253873455354895,0.7885287050193602
65774,1229.672,-2154.0,49782.0,0.9220558107110696,0.7940818281351685
11027,1413.695,-2096.155,49901.0,1.106673121314511,0.7957700406768567
10854,1221.436,-2127.111,49967.0,1.2043381593344842,0.7983616137439682
62440,1479.389,-2223.724,50312.0,1.4290296976625858,0.8035693598370538
65327,1380.784,-2179.534,50513.0,1.4200956528589486,0.8062776093541655
63918,1352.07,-2207.029,50530.0,1.51250735806999,0.8154344607879712
64350,1498.316,-2195.309,50553.0,1.4587402001926928,0.822598381773858
68086,1407.848,-2235.096,50718.0,0.482831033906901,0.8233748408983176
63313,1492.592,-2199.534,50792.0,0.21882596195979193,0.8203580394168908
64840,1407.971,-2218.556,50959.0,1.4063860757319486,0.827651686986997
10361,1749.528,-2057.174,51239.0,0.6516027921242294,0.8363305202957521
62045,1496.162,-2232.527,51287.0,1.3008758458185523,0.8401832840511078
62913,1550.06,-2225.888,51559.0,1.1921318742706721,0.8428672797826328
23555,1577.713,-2209.499,51582.0,1.3514399245296356,0.8451881558230836
66668,1626.164,-2181.077,51612.0,1.861158364105513,0.852086518469112
67384,1764.601,-2213.271,51630.0,1.674280609800821,0.8686598352492
68240,1666.61,-2162.222,51747.0,0.3170127980317161,0.875353554145184
68182,1541.7,-2235.156,51836.0,0.5968050667208584,0.8762428375796865
62765,1721.076,-2165.517,51876.0,0.7778538220501049,0.8724764154648362
24438,1616.059,-2209.191,51879.0,1.3722229483293096,0.8842559325394082
24365,1638.25,-2193.798,51935.0,0.3915241961719779,0.8824122418838798
62452,1715.701,-2206.452,52006.0,1.4831251787069368,0.894044037078902
64567,1764.436,-2199.105,52414.0,1.1737604260816483,0.897198369114002
67380,1665.332,-2189.35,52484.0,0.9934403209378188,0.903275606488583
61933,1595.714,-2222.737,52546.0,0.8756445462785919,0.9030470254498288
62612,1608.681,-2226.052,52565.0,1.554376137654954,0.9160730103710327
66762,1873.829,-2182.988,52883.0,1.0657579291378734,0.9259441035700765
62167,1872.949,-2172.84,52940.0,0.7765964987562199,0.9317464473367765
25313,1704.917,-2196.85,53225.0,0.5646748721347534,0.9289576713406085
66639,1818.364,-2127.045,53296.0,0.45867292570665275,0.9258527350199234
66279,1902.55,-2151.359,53299.0,1.3809100392780542,0.9313026621559524
64497,2007.769,-2149.28,53346.0,0.6405801003179641,0.9276729593017169
65686,1797.661,-2120.837,53506.0,1.6695887173733088,0.9403268813055982
65734,1876.88,-2171.673,53720.0,0.9695408422487963,0.935427925061451
65505,1940.963,-2128.192,54156.0,1.8559819884139377,0.9568325283550145
24235,2002.26,-2165.841,54187.0,0.6723565631916084,0.952344191967257
63241,2043.547,-2131.843,54524.0,1.1419523578551567,0.9609874265950492
24100,2640.524,-1119.253,54737.0,1.0022725953221776,0.9576771237672397
62502,2148.905,-2114.301,55070.0,0.5690045695623885,0.9474798623034971
63359,2217.752,-2095.963,55722.0,1.5187106800741959,0.9557794856276445
23846,2521.912,-1607.8,56487.0,0.8501890598231775,0.9566513241977518
65630,2447.044,-2019.675,56568.0,1.0677077033348636,0.9570188419564581
64219,2599.805,-1695.815,57387.0,0.5555567756338018,0.9595458436653083
23702,2494.304,-2015.423,57509.0,0.24454047111283034,0.9582369481996393
61952,2571.398,-1664.035,58008.0,1.1770440701789735,0.9700485309261295
64874,2601.323,-1872.726,58435.0,1.3472599905576703,0.9729585437652345
90937,2664.684,-1879.328,58465.0,0.09214645564633248,0.9703582449136202
29112,2645.061,-1856.41,59284.0,0.4347979230223258,0.9689599458844355
